Time Stamp,ID,Extended,Dir,Bus,LEN,D1,D2,D3,D4,D5,D6,D7,D8
154491,1001117E,true,Rx,0,8,00,01,00,00,00,00,00,00,
543958,1001117E,true,Rx,0,8,00,01,00,00,00,00,00,00,
937825,1001117E,true,Rx,0,8,00,01,00,00,00,00,00,00,
1330810,1001117E,true,Rx,0,8,00,01,00,00,00,00,00,00,
1725868,1001117E,true,Rx,0,8,00,01,00,00,00,00,00,00,
2125867,1001117E,true,Rx,0,8,00,01,00,00,00,00,00,00,
2184185,108182FE,true,Tx,0,8,0F,85,00,00,00,00,00,00,
2186335,108182FE,true,Tx,0,8,00,86,00,00,00,00,00,00,
2187732,108182FE,true,Tx,0,8,01,86,00,00,00,00,00,00,
2189586,1081827E,true,Rx,0,8,2F,85,00,00,00,00,00,00,
2189260,108182FE,true,Tx,0,8,02,86,00,00,00,00,00,00,
2190646,108182FE,true,Tx,0,8,03,86,00,00,00,00,00,00,
2191897,1081827E,true,Rx,0,8,20,86,00,00,00,00,00,00,
2192351,108182FE,true,Tx,0,8,04,86,00,00,00,00,00,00,
2193044,1081827E,true,Rx,0,8,01,86,00,06,00,00,00,00,
2194207,108182FE,true,Tx,0,8,05,86,00,00,00,00,00,00,
2195787,108182FE,true,Tx,0,8,06,86,00,00,00,00,00,00,
2196521,1081827E,true,Rx,0,8,22,86,00,00,00,00,00,00,
2196921,108182FE,true,Tx,0,8,07,86,00,00,00,00,00,00,
2197698,1081827E,true,Rx,0,8,23,86,00,00,00,00,00,00,
2198120,108182FE,true,Tx,0,8,08,86,00,00,00,00,00,00,
2199264,108182FE,true,Tx,0,8,09,86,00,00,00,00,00,00,
2200451,108182FE,true,Tx,0,8,0A,86,00,00,00,00,00,00,
2201191,1081827E,true,Rx,0,8,24,86,00,00,00,00,00,00,
2201575,108182FE,true,Tx,0,8,0B,86,00,00,00,00,00,00,
2202746,108182FE,true,Tx,0,8,0C,86,00,00,00,00,00,00,
2203480,1081827E,true,Rx,0,8,25,86,00,00,00,00,00,00,
2203910,108182FE,true,Tx,0,8,0D,86,00,00,00,00,00,00,
2205085,108182FE,true,Tx,0,8,0E,86,00,00,00,00,00,00,
2205819,1081827E,true,Rx,0,8,26,86,00,00,00,00,00,00,
2206269,108182FE,true,Tx,0,8,0F,86,00,00,00,00,00,00,
2207560,108182FE,true,Tx,0,8,00,87,00,00,00,00,00,00,
2208132,1081827E,true,Rx,0,8,27,86,00,00,00,00,00,00,
2208746,108182FE,true,Tx,0,8,01,87,00,00,00,00,00,00,
2210469,1081827E,true,Rx,0,8,28,86,00,00,00,00,00,00,
2209939,108182FE,true,Tx,0,8,02,87,00,00,00,00,00,00,
2211081,108182FE,true,Tx,0,8,03,87,00,00,00,00,00,00,
2212776,1081827E,true,Rx,0,8,29,86,00,00,00,00,00,00,
2212311,108182FE,true,Tx,0,8,04,87,00,00,00,00,00,00,
2213457,108182FE,true,Tx,0,8,05,87,00,00,00,00,00,00,
2215091,1081827E,true,Rx,0,8,2A,86,00,00,00,00,00,00,
2214632,108182FE,true,Tx,0,8,06,87,00,00,00,00,00,00,
2215731,108182FE,true,Tx,0,8,07,87,00,00,00,00,00,00,
2217422,1081827E,true,Rx,0,8,2B,86,00,00,00,00,00,00,
2216878,108182FE,true,Tx,0,8,08,87,00,00,00,00,00,00,
2218011,108182FE,true,Tx,0,8,09,87,00,00,00,00,00,00,
2219736,1081827E,true,Rx,0,8,2C,86,00,00,00,00,00,00,
2222073,1081827E,true,Rx,0,8,2D,86,00,00,00,00,00,00,
2224419,1081827E,true,Rx,0,8,2E,86,00,00,00,00,00,00,
2226740,1081827E,true,Rx,0,8,2F,86,00,00,00,00,00,00,
2229091,1081827E,true,Rx,0,8,20,87,00,00,00,00,00,00,
2229560,108182FE,true,Tx,0,8,0A,87,00,00,00,00,00,00,
2230224,1081827E,true,Rx,0,8,21,87,00,00,00,00,00,00,
2233726,1081827E,true,Rx,0,8,22,87,00,00,00,00,00,00,
2236031,1081827E,true,Rx,0,8,23,87,00,00,00,00,00,00,
2237183,1081827E,true,Rx,0,8,24,87,00,00,00,00,00,00,
2240671,1081827E,true,Rx,0,8,25,87,00,00,00,00,00,00,
2242977,1081827E,true,Rx,0,8,26,87,00,00,00,00,00,00,
2242827,108182FE,true,Tx,0,8,0B,87,00,00,00,00,00,00,
2245311,1081827E,true,Rx,0,8,27,87,00,00,00,00,00,00,
2247604,1081827E,true,Rx,0,8,28,87,00,00,00,00,00,00,
2249906,1081827E,true,Rx,0,8,29,87,00,00,00,00,00,00,
2252222,1081827E,true,Rx,0,8,2A,87,00,00,00,00,00,00,
2253439,1081827E,true,Rx,0,8,2B,87,00,00,00,00,00,00,
2254724,108182FE,true,Tx,0,8,0C,87,00,00,00,00,00,00,
2256228,108182FE,true,Tx,0,8,0D,87,00,00,00,00,00,00,
2257570,108182FE,true,Tx,0,8,0E,87,00,00,00,00,00,00,
2259434,1081827E,true,Rx,0,8,2C,87,00,00,00,00,00,00,
2259396,108182FE,true,Tx,0,8,0F,87,00,00,00,00,00,00,
2261749,1081827E,true,Rx,0,8,2D,87,00,00,00,00,00,00,
2261676,108182FE,true,Tx,0,8,00,88,00,00,00,00,00,00,
2264070,1081827E,true,Rx,0,8,2E,87,00,00,00,00,00,00,
2263693,108182FE,true,Tx,0,8,01,88,00,00,00,00,00,00,
2266417,1081827E,true,Rx,0,8,2F,87,00,00,00,00,00,00,
2265914,108182FE,true,Tx,0,8,02,88,00,00,00,00,00,00,
2267275,108182FE,true,Tx,0,8,03,88,00,00,00,00,00,00,
2268773,1081827E,true,Rx,0,8,20,88,00,00,00,00,00,00,
2268615,108182FE,true,Tx,0,8,04,88,00,00,00,00,00,00,
2269867,108182FE,true,Tx,0,8,05,88,00,00,00,00,00,00,
2271109,1081827E,true,Rx,0,8,21,88,00,00,00,00,00,00,
2271100,108182FE,true,Tx,0,8,06,88,00,00,00,00,00,00,
2272467,108182FE,true,Tx,0,8,07,88,00,00,00,00,00,00,
2273417,1081827E,true,Rx,0,8,22,88,00,00,00,00,00,00,
2273748,108182FE,true,Tx,0,8,08,88,00,00,00,00,00,00,
2275002,108182FE,true,Tx,0,8,09,88,00,00,00,00,00,00,
2275738,1081827E,true,Rx,0,8,23,88,00,00,00,00,00,00,
2276662,108182FE,true,Tx,0,8,0A,88,00,00,00,00,00,00,
2278084,1081827E,true,Rx,0,8,24,88,00,00,00,00,00,00,
2278070,108182FE,true,Tx,0,8,0B,88,00,00,00,00,00,00,
2279234,1081827E,true,Rx,0,8,25,88,00,00,00,00,00,00,
2279394,108182FE,true,Tx,0,8,0C,88,00,00,00,00,00,00,
2280628,108182FE,true,Tx,0,8,0D,88,00,00,00,00,00,00,
2281853,108182FE,true,Tx,0,8,0E,88,00,00,00,00,00,00,
2282724,1081827E,true,Rx,0,8,26,88,00,00,00,00,00,00,
2283133,108182FE,true,Tx,0,8,0F,88,00,00,00,00,00,00,
2284325,108182FE,true,Tx,0,8,00,89,00,00,00,00,00,00,
2285070,1081827E,true,Rx,0,8,27,88,00,00,00,00,00,00,
2285555,108182FE,true,Tx,0,8,01,89,00,00,00,00,00,00,
2286693,108182FE,true,Tx,0,8,02,89,00,00,00,00,00,00,
2287414,1081827E,true,Rx,0,8,28,88,00,00,00,00,00,00,
2287898,108182FE,true,Tx,0,8,03,89,00,00,00,00,00,00,
2289025,108182FE,true,Tx,0,8,04,89,00,00,00,00,00,00,
2289705,1081827E,true,Rx,0,8,29,88,00,00,00,00,00,00,
2290190,108182FE,true,Tx,0,8,05,89,00,00,00,00,00,00,
2291285,108182FE,true,Tx,0,8,06,89,00,00,00,00,00,00,
2292026,1081827E,true,Rx,0,8,2A,88,00,00,00,00,00,00,
2292710,108182FE,true,Tx,0,8,07,89,00,00,00,00,00,00,
2294422,1081827E,true,Rx,0,8,2B,88,00,00,00,00,00,00,
2294124,108182FE,true,Tx,0,8,08,89,00,00,00,00,00,00,
2295336,108182FE,true,Tx,0,8,09,89,00,00,00,00,00,00,
2296687,1081827E,true,Rx,0,8,2C,88,00,00,00,00,00,00,
2296616,108182FE,true,Tx,0,8,0A,89,00,00,00,00,00,00,
2297898,108182FE,true,Tx,0,8,0B,89,00,00,00,00,00,00,
2299023,1081827E,true,Rx,0,8,2D,88,00,00,00,00,00,00,
2299225,108182FE,true,Tx,0,8,0C,89,00,00,00,00,00,00,
2300517,108182FE,true,Tx,0,8,0D,89,00,00,00,00,00,00,
2301411,1081827E,true,Rx,0,8,2E,88,00,00,00,00,00,00,
2301718,108182FE,true,Tx,0,8,0E,89,00,00,00,00,00,00,
2303012,108182FE,true,Tx,0,8,0F,89,00,00,00,00,00,00,
2303691,1081827E,true,Rx,0,8,2F,88,00,00,00,00,00,00,
2304577,108182FE,true,Tx,0,8,00,8A,00,00,00,00,00,00,
2306021,1081827E,true,Rx,0,8,20,89,00,00,00,00,00,00,
2305902,108182FE,true,Tx,0,8,01,8A,00,00,00,00,00,00,
2307102,108182FE,true,Tx,0,8,02,8A,00,00,00,00,00,00,
2308416,1081827E,true,Rx,0,8,21,89,00,00,00,00,00,00,
2308263,108182FE,true,Tx,0,8,03,8A,00,00,00,00,00,00,
2309862,108182FE,true,Tx,0,8,04,8A,00,00,00,00,00,00,
2310712,1081827E,true,Rx,0,8,22,89,00,00,00,00,00,00,
2311241,108182FE,true,Tx,0,8,05,8A,00,00,00,00,00,00,
2311834,1081827E,true,Rx,0,8,23,89,00,00,00,00,00,00,
2312394,108182FE,true,Tx,0,8,06,8A,00,00,00,00,00,00,
2313550,108182FE,true,Tx,0,8,07,8A,00,00,00,00,00,00,
2314667,108182FE,true,Tx,0,8,08,8A,00,00,00,00,00,00,
2315295,1081827E,true,Rx,0,8,24,89,00,00,00,00,00,00,
2315802,108182FE,true,Tx,0,8,09,8A,00,00,00,00,00,00,
2316877,108182FE,true,Tx,0,8,0A,8A,00,00,00,00,00,00,
2317608,1081827E,true,Rx,0,8,25,89,00,00,00,00,00,00,
2318026,108182FE,true,Tx,0,8,0B,8A,00,00,00,00,00,00,
2319167,108182FE,true,Tx,0,8,0C,8A,00,00,00,00,00,00,
2319947,1081827E,true,Rx,0,8,26,89,00,00,00,00,00,00,
2320297,108182FE,true,Tx,0,8,0D,8A,00,00,00,00,00,00,
2321427,108182FE,true,Tx,0,8,0E,8A,00,00,00,00,00,00,
2322296,1081827E,true,Rx,0,8,27,89,00,00,00,00,00,00,
2322618,108182FE,true,Tx,0,8,0F,8A,00,00,00,00,00,00,
2324580,1081827E,true,Rx,0,8,28,89,00,00,00,00,00,00,
2324068,108182FE,true,Tx,0,8,00,8B,00,00,00,00,00,00,
2325564,108182FE,true,Tx,0,8,01,8B,00,00,00,00,00,00,
2326885,1081827E,true,Rx,0,8,29,89,00,00,00,00,00,00,
2326848,108182FE,true,Tx,0,8,02,8B,00,00,00,00,00,00,
2328035,1081827E,true,Rx,0,8,2A,89,00,00,00,00,00,00,
2328095,108182FE,true,Tx,0,8,03,8B,00,00,00,00,00,00,
2329330,108182FE,true,Tx,0,8,04,8B,00,00,00,00,00,00,
2330609,108182FE,true,Tx,0,8,05,8B,00,00,00,00,00,00,
2331502,1081827E,true,Rx,0,8,2B,89,00,00,00,00,00,00,
2331782,108182FE,true,Tx,0,8,06,8B,00,00,00,00,00,00,
2332992,108182FE,true,Tx,0,8,07,8B,00,00,00,00,00,00,
2333839,1081827E,true,Rx,0,8,2C,89,00,00,00,00,00,00,
2334246,108182FE,true,Tx,0,8,08,8B,00,00,00,00,00,00,
2335526,108182FE,true,Tx,0,8,09,8B,00,00,00,00,00,00,
2336146,1081827E,true,Rx,0,8,2D,89,00,00,00,00,00,00,
2336764,108182FE,true,Tx,0,8,0A,8B,00,00,00,00,00,00,
2338475,1081827E,true,Rx,0,8,2E,89,00,00,00,00,00,00,
2338061,108182FE,true,Tx,0,8,0B,8B,00,00,00,00,00,00,
2339308,108182FE,true,Tx,0,8,0C,8B,00,00,00,00,00,00,
2340799,1081827E,true,Rx,0,8,2F,89,00,00,00,00,00,00,
2340562,108182FE,true,Tx,0,8,0D,8B,00,00,00,00,00,00,
2341707,108182FE,true,Tx,0,8,0E,8B,00,00,00,00,00,00,
2343137,1081827E,true,Rx,0,8,20,8A,00,00,00,00,00,00,
2343329,108182FE,true,Tx,0,8,0F,8B,00,00,00,00,00,00,
2344590,108182FE,true,Tx,0,8,00,8C,00,00,00,00,00,00,
2345487,1081827E,true,Rx,0,8,21,8A,00,00,00,00,00,00,
2345785,108182FE,true,Tx,0,8,01,8C,00,00,00,00,00,00,
2346949,108182FE,true,Tx,0,8,02,8C,00,00,00,00,00,00,
2347798,1081827E,true,Rx,0,8,22,8A,00,00,00,00,00,00,
2348440,108182FE,true,Tx,0,8,03,8C,00,00,00,00,00,00,
2350098,1081827E,true,Rx,0,8,23,8A,00,00,00,00,00,00,
2349729,108182FE,true,Tx,0,8,04,8C,00,00,00,00,00,00,
2350896,108182FE,true,Tx,0,8,05,8C,00,00,00,00,00,00,
2352412,1081827E,true,Rx,0,8,24,8A,00,00,00,00,00,00,
2352286,108182FE,true,Tx,0,8,06,8C,00,00,00,00,00,00,
2353584,108182FE,true,Tx,0,8,07,8C,00,00,00,00,00,00,
2354719,1081827E,true,Rx,0,8,25,8A,00,00,00,00,00,00,
2354725,108182FE,true,Tx,0,8,08,8C,00,00,00,00,00,00,
2355836,108182FE,true,Tx,0,8,09,8C,00,00,00,00,00,00,
2357058,1081827E,true,Rx,0,8,26,8A,00,00,00,00,00,00,
2357010,108182FE,true,Tx,0,8,0A,8C,00,00,00,00,00,00,
2358231,108182FE,true,Tx,0,8,0B,8C,00,00,00,00,00,00,
2359424,1081827E,true,Rx,0,8,27,8A,00,00,00,00,00,00,
2359904,108182FE,true,Tx,0,8,0C,8C,00,00,00,00,00,00,
2361681,1081827E,true,Rx,0,8,28,8A,00,00,00,00,00,00,
2361358,108182FE,true,Tx,0,8,0D,8C,00,00,00,00,00,00,
2362687,108182FE,true,Tx,0,8,0E,8C,00,00,00,00,00,00,
2363968,1081827E,true,Rx,0,8,29,8A,00,00,00,00,00,00,
2363907,108182FE,true,Tx,0,8,0F,8C,00,00,00,00,00,00,
2365188,108182FE,true,Tx,0,8,00,8D,00,00,00,00,00,00,
2366280,1081827E,true,Rx,0,8,2A,8A,00,00,00,00,00,00,
2366851,108182FE,true,Tx,0,8,01,8D,00,00,00,00,00,00,
2368617,1081827E,true,Rx,0,8,2B,8A,00,00,00,00,00,00,
2368160,108182FE,true,Tx,0,8,02,8D,00,00,00,00,00,00,
2369630,108182FE,true,Tx,0,8,03,8D,00,00,00,00,00,00,
2370951,1081827E,true,Rx,0,8,2C,8A,00,00,00,00,00,00,
2371363,108182FE,true,Tx,0,8,04,8D,00,00,00,00,00,00,
2373271,1081827E,true,Rx,0,8,2D,8A,00,00,00,00,00,00,
2372785,108182FE,true,Tx,0,8,05,8D,00,00,00,00,00,00,
2374075,108182FE,true,Tx,0,8,06,8D,00,00,00,00,00,00,
2375605,1081827E,true,Rx,0,8,2E,8A,00,00,00,00,00,00,
2375481,108182FE,true,Tx,0,8,07,8D,00,00,00,00,00,00,
2377008,108182FE,true,Tx,0,8,08,8D,00,00,00,00,00,00,
2377913,1081827E,true,Rx,0,8,2F,8A,00,00,00,00,00,00,
2378271,108182FE,true,Tx,0,8,09,8D,00,00,00,00,00,00,
2379443,108182FE,true,Tx,0,8,0A,8D,00,00,00,00,00,00,
2380285,1081827E,true,Rx,0,8,20,8B,00,00,00,00,00,00,
2380654,108182FE,true,Tx,0,8,0B,8D,00,00,00,00,00,00,
2381873,108182FE,true,Tx,0,8,0C,8D,00,00,00,00,00,00,
2382619,1081827E,true,Rx,0,8,21,8B,00,00,00,00,00,00,
2383173,108182FE,true,Tx,0,8,0D,8D,00,00,00,00,00,00,
2384899,1081827E,true,Rx,0,8,22,8B,00,00,00,00,00,00,
2384682,108182FE,true,Tx,0,8,0E,8D,00,00,00,00,00,00,
2386012,108182FE,true,Tx,0,8,0F,8D,00,00,00,00,00,00,
2387204,1081827E,true,Rx,0,8,23,8B,00,00,00,00,00,00,
2387220,108182FE,true,Tx,0,8,00,8E,00,00,00,00,00,00,
2388463,108182FE,true,Tx,0,8,01,8E,00,00,00,00,00,00,
2389494,1081827E,true,Rx,0,8,24,8B,00,00,00,00,00,00,
2389733,108182FE,true,Tx,0,8,02,8E,00,00,00,00,00,00,
2390981,108182FE,true,Tx,0,8,03,8E,00,00,00,00,00,00,
2391872,1081827E,true,Rx,0,8,25,8B,00,00,00,00,00,00,
2392202,108182FE,true,Tx,0,8,04,8E,00,00,00,00,00,00,
2394154,1081827E,true,Rx,0,8,26,8B,00,00,00,00,00,00,
2393854,108182FE,true,Tx,0,8,05,8E,00,00,00,00,00,00,
2395265,108182FE,true,Tx,0,8,06,8E,00,00,00,00,00,00,
2396438,1081827E,true,Rx,0,8,27,8B,00,00,00,00,00,00,
2396635,108182FE,true,Tx,0,8,07,8E,00,00,00,00,00,00,
2397898,108182FE,true,Tx,0,8,08,8E,00,00,00,00,00,00,
2398785,1081827E,true,Rx,0,8,28,8B,00,00,00,00,00,00,
2399150,108182FE,true,Tx,0,8,09,8E,00,00,00,00,00,00,
2400311,108182FE,true,Tx,0,8,0A,8E,00,00,00,00,00,00,
2401051,1081827E,true,Rx,0,8,29,8B,00,00,00,00,00,00,
2401471,108182FE,true,Tx,0,8,0B,8E,00,00,00,00,00,00,
2402599,108182FE,true,Tx,0,8,0C,8E,00,00,00,00,00,00,
2403435,1081827E,true,Rx,0,8,2A,8B,00,00,00,00,00,00,
2403717,108182FE,true,Tx,0,8,0D,8E,00,00,00,00,00,00,
2404831,108182FE,true,Tx,0,8,0E,8E,00,00,00,00,00,00,
2405725,1081827E,true,Rx,0,8,2B,8B,00,00,00,00,00,00,
2405985,108182FE,true,Tx,0,8,0F,8E,00,00,00,00,00,00,
2407125,108182FE,true,Tx,0,8,00,8F,00,00,00,00,00,00,
2408013,1081827E,true,Rx,0,8,2C,8B,00,00,00,00,00,00,
2408293,108182FE,true,Tx,0,8,01,8F,00,00,00,00,00,00,
2409409,108182FE,true,Tx,0,8,02,8F,00,00,00,00,00,00,
2410324,1081827E,true,Rx,0,8,2D,8B,00,00,00,00,00,00,
2410919,108182FE,true,Tx,0,8,03,8F,00,00,00,00,00,00,
2412648,1081827E,true,Rx,0,8,2E,8B,00,00,00,00,00,00,
2412362,108182FE,true,Tx,0,8,04,8F,00,00,00,00,00,00,
2413573,108182FE,true,Tx,0,8,05,8F,00,00,00,00,00,00,
2414996,1081827E,true,Rx,0,8,2F,8B,00,00,00,00,00,00,
2414759,108182FE,true,Tx,0,8,06,8F,00,00,00,00,00,00,
2416148,1081827E,true,Rx,0,8,20,8C,00,00,00,00,00,00,
2415885,108182FE,true,Tx,0,8,07,8F,00,00,00,00,00,00,
2417052,108182FE,true,Tx,0,8,08,8F,00,00,00,00,00,00,
2418316,108182FE,true,Tx,0,8,09,8F,00,00,00,00,00,00,
2419668,1081827E,true,Rx,0,8,21,8C,00,00,00,00,00,00,
2419446,108182FE,true,Tx,0,8,0A,8F,00,00,00,00,00,00,
2420608,108182FE,true,Tx,0,8,0B,8F,00,00,00,00,00,00,
2421975,1081827E,true,Rx,0,8,22,8C,00,00,00,00,00,00,
2421824,108182FE,true,Tx,0,8,0C,8F,00,00,00,00,00,00,
2422977,108182FE,true,Tx,0,8,0D,8F,00,00,00,00,00,00,
2424310,1081827E,true,Rx,0,8,23,8C,00,00,00,00,00,00,
2424250,108182FE,true,Tx,0,8,0E,8F,00,00,00,00,00,00,
2425421,108182FE,true,Tx,0,8,0F,8F,00,00,00,00,00,00,
2426633,1081827E,true,Rx,0,8,24,8C,00,00,00,00,00,00,
2426671,108182FE,true,Tx,0,8,00,90,00,00,00,00,00,00,
2427898,108182FE,true,Tx,0,8,01,90,00,00,00,00,00,00,
2428978,1081827E,true,Rx,0,8,25,8C,00,00,00,00,00,00,
2429038,108182FE,true,Tx,0,8,02,90,00,00,00,00,00,00,
2430192,108182FE,true,Tx,0,8,03,90,00,00,00,00,00,00,
2431292,1081827E,true,Rx,0,8,26,8C,00,00,00,00,00,00,
2431384,108182FE,true,Tx,0,8,04,90,00,00,00,00,00,00,
2432858,108182FE,true,Tx,0,8,05,90,00,00,00,00,00,00,
2433593,1081827E,true,Rx,0,8,27,8C,00,00,00,00,00,00,
2434118,108182FE,true,Tx,0,8,06,90,00,00,00,00,00,00,
2435268,108182FE,true,Tx,0,8,07,90,00,00,00,00,00,00,
2435906,1081827E,true,Rx,0,8,28,8C,00,00,00,00,00,00,
2436592,108182FE,true,Tx,0,8,08,90,00,00,00,00,00,00,
2438255,1081827E,true,Rx,0,8,29,8C,00,00,00,00,00,00,
2437736,108182FE,true,Tx,0,8,09,90,00,00,00,00,00,00,
2438956,108182FE,true,Tx,0,8,0A,90,00,00,00,00,00,00,
2440588,1081827E,true,Rx,0,8,2A,8C,00,00,00,00,00,00,
2440171,108182FE,true,Tx,0,8,0B,90,00,00,00,00,00,00,
2441358,108182FE,true,Tx,0,8,0C,90,00,00,00,00,00,00,
2442900,1081827E,true,Rx,0,8,2B,8C,00,00,00,00,00,00,
2442565,108182FE,true,Tx,0,8,0D,90,00,00,00,00,00,00,
2444097,108182FE,true,Tx,0,8,0E,90,00,00,00,00,00,00,
2445235,1081827E,true,Rx,0,8,2C,8C,00,00,00,00,00,00,
2445488,108182FE,true,Tx,0,8,0F,90,00,00,00,00,00,00,
2446770,108182FE,true,Tx,0,8,00,91,00,00,00,00,00,00,
2447611,1081827E,true,Rx,0,8,2D,8C,00,00,00,00,00,00,
2448006,108182FE,true,Tx,0,8,01,91,00,00,00,00,00,00,
2449313,108182FE,true,Tx,0,8,02,91,00,00,00,00,00,00,
2449903,1081827E,true,Rx,0,8,2E,8C,00,00,00,00,00,00,
2450456,108182FE,true,Tx,0,8,03,91,00,00,00,00,00,00,
2451657,108182FE,true,Tx,0,8,04,91,00,00,00,00,00,00,
2452255,1081827E,true,Rx,0,8,2F,8C,00,00,00,00,00,00,
2452859,108182FE,true,Tx,0,8,05,91,00,00,00,00,00,00,
2453999,108182FE,true,Tx,0,8,06,91,00,00,00,00,00,00,
2454597,1081827E,true,Rx,0,8,20,8D,00,00,00,00,00,00,
2455672,108182FE,true,Tx,0,8,07,91,00,00,00,00,00,00,
2456885,1081827E,true,Rx,0,8,21,8D,00,00,00,00,00,00,
2456840,108182FE,true,Tx,0,8,08,91,00,00,00,00,00,00,
2458007,108182FE,true,Tx,0,8,09,91,00,00,00,00,00,00,
2459199,1081827E,true,Rx,0,8,22,8D,00,00,00,00,00,00,
2459120,108182FE,true,Tx,0,8,0A,91,00,00,00,00,00,00,
2460657,108182FE,true,Tx,0,8,0B,91,00,00,00,00,00,00,
2461586,1081827E,true,Rx,0,8,23,8D,00,00,00,00,00,00,
2462044,108182FE,true,Tx,0,8,0C,91,00,00,00,00,00,00,
2463821,1081827E,true,Rx,0,8,24,8D,00,00,00,00,00,00,
2463330,108182FE,true,Tx,0,8,0D,91,00,00,00,00,00,00,
2464532,108182FE,true,Tx,0,8,0E,91,00,00,00,00,00,00,
2466137,1081827E,true,Rx,0,8,25,8D,00,00,00,00,00,00,
2465916,108182FE,true,Tx,0,8,0F,91,00,00,00,00,00,00,
2467329,108182FE,true,Tx,0,8,00,92,00,00,00,00,00,00,
2468453,1081827E,true,Rx,0,8,26,8D,00,00,00,00,00,00,
2468902,108182FE,true,Tx,0,8,01,92,00,00,00,00,00,00,
2470771,1081827E,true,Rx,0,8,27,8D,00,00,00,00,00,00,
2473088,1081827E,true,Rx,0,8,28,8D,00,00,00,00,00,00,
2475421,1081827E,true,Rx,0,8,29,8D,00,00,00,00,00,00,
2477725,1081827E,true,Rx,0,8,2A,8D,00,00,00,00,00,00,
2480017,1081827E,true,Rx,0,8,2B,8D,00,00,00,00,00,00,
2482339,1081827E,true,Rx,0,8,2C,8D,00,00,00,00,00,00,
2482222,108182FE,true,Tx,0,8,02,92,00,00,00,00,00,00,
2484663,1081827E,true,Rx,0,8,2D,8D,00,00,00,00,00,00,
2486989,1081827E,true,Rx,0,8,2E,8D,00,00,00,00,00,00,
2489293,1081827E,true,Rx,0,8,2F,8D,00,00,00,00,00,00,
2491640,1081827E,true,Rx,0,8,20,8E,00,00,00,00,00,00,
2493984,1081827E,true,Rx,0,8,21,8E,00,00,00,00,00,00,
2496286,1081827E,true,Rx,0,8,22,8E,00,00,00,00,00,00,
2498595,1081827E,true,Rx,0,8,23,8E,00,00,00,00,00,00,
2498541,108182FE,true,Tx,0,8,03,92,00,00,00,00,00,00,
2500922,1081827E,true,Rx,0,8,24,8E,00,00,00,00,00,00,
2503250,1081827E,true,Rx,0,8,25,8E,00,00,00,00,00,00,
2505575,1081827E,true,Rx,0,8,26,8E,00,00,00,00,00,00,
2507866,1081827E,true,Rx,0,8,27,8E,00,00,00,00,00,00,
2510212,1081827E,true,Rx,0,8,28,8E,00,00,00,00,00,00,
2511944,108182FE,true,Tx,0,8,04,92,00,00,00,00,00,00,
2512531,1081827E,true,Rx,0,8,29,8E,00,00,00,00,00,00,
2514118,108182FE,true,Tx,0,8,05,92,00,00,00,00,00,00,
2514845,1081827E,true,Rx,0,8,2A,8E,00,00,00,00,00,00,
2515468,108182FE,true,Tx,0,8,06,92,00,00,00,00,00,00,
2517129,1081827E,true,Rx,0,8,2B,8E,00,00,00,00,00,00,
2516705,108182FE,true,Tx,0,8,07,92,00,00,00,00,00,00,
2517845,108182FE,true,Tx,0,8,08,92,00,00,00,00,00,00,
2519467,1081827E,true,Rx,0,8,2C,8E,00,00,00,00,00,00,
2518999,108182FE,true,Tx,0,8,09,92,00,00,00,00,00,00,
2520145,108182FE,true,Tx,0,8,0A,92,00,00,00,00,00,00,
2521775,1081827E,true,Rx,0,8,2D,8E,00,00,00,00,00,00,
2521268,108182FE,true,Tx,0,8,0B,92,00,00,00,00,00,00,
2522428,108182FE,true,Tx,0,8,0C,92,00,00,00,00,00,00,
2524106,1081827E,true,Rx,0,8,2E,8E,00,00,00,00,00,00,
2523596,108182FE,true,Tx,0,8,0D,92,00,00,00,00,00,00,
2525281,1001117E,true,Rx,0,8,00,01,00,00,00,00,00,00,
2524761,108182FE,true,Tx,0,8,0E,92,00,00,00,00,00,00,
2526429,1081827E,true,Rx,0,8,2F,8E,00,00,00,00,00,00,
2525916,108182FE,true,Tx,0,8,0F,92,00,00,00,00,00,00,
2527625,108182FE,true,Tx,0,8,00,93,00,00,00,00,00,00,
2529927,1081827E,true,Rx,0,8,20,8F,00,00,00,00,00,00,
2529438,108182FE,true,Tx,0,8,01,93,00,00,00,00,00,00,
2531082,108182FE,true,Tx,0,8,02,93,00,00,00,00,00,00,
2532236,1081827E,true,Rx,0,8,21,8F,00,00,00,00,00,00,
2534568,1081827E,true,Rx,0,8,22,8F,00,00,00,00,00,00,
2534048,108182FE,true,Tx,0,8,03,93,00,00,00,00,00,00,
2535341,108182FE,true,Tx,0,8,04,93,00,00,00,00,00,00,
2536900,1081827E,true,Rx,0,8,23,8F,00,00,00,00,00,00,
2536594,108182FE,true,Tx,0,8,05,93,00,00,00,00,00,00,
2537814,108182FE,true,Tx,0,8,06,93,00,00,00,00,00,00,
2539223,1081827E,true,Rx,0,8,24,8F,00,00,00,00,00,00,
2539080,108182FE,true,Tx,0,8,07,93,00,00,00,00,00,00,
2540279,108182FE,true,Tx,0,8,08,93,00,00,00,00,00,00,
2541517,1081827E,true,Rx,0,8,25,8F,00,00,00,00,00,00,
2541494,108182FE,true,Tx,0,8,09,93,00,00,00,00,00,00,
2542674,108182FE,true,Tx,0,8,0A,93,00,00,00,00,00,00,
2543860,1081827E,true,Rx,0,8,26,8F,00,00,00,00,00,00,
2544401,108182FE,true,Tx,0,8,0B,93,00,00,00,00,00,00,
2546167,1081827E,true,Rx,0,8,27,8F,00,00,00,00,00,00,
2546010,108182FE,true,Tx,0,8,0C,93,00,00,00,00,00,00,
2547259,108182FE,true,Tx,0,8,0D,93,00,00,00,00,00,00,
2548455,1081827E,true,Rx,0,8,28,8F,00,00,00,00,00,00,
2548571,108182FE,true,Tx,0,8,0E,93,00,00,00,00,00,00,
2549847,108182FE,true,Tx,0,8,0F,93,00,00,00,00,00,00,
2550769,1081827E,true,Rx,0,8,29,8F,00,00,00,00,00,00,
2551090,108182FE,true,Tx,0,8,00,94,00,00,00,00,00,00,
2552305,108182FE,true,Tx,0,8,01,94,00,00,00,00,00,00,
2553127,1081827E,true,Rx,0,8,2A,8F,00,00,00,00,00,00,
2553517,108182FE,true,Tx,0,8,02,94,00,00,00,00,00,00,
2554718,108182FE,true,Tx,0,8,03,94,00,00,00,00,00,00,
2555455,1081827E,true,Rx,0,8,2B,8F,00,00,00,00,00,00,
2556060,108182FE,true,Tx,0,8,04,94,00,00,00,00,00,00,
2557732,1081827E,true,Rx,0,8,2C,8F,00,00,00,00,00,00,
2557350,108182FE,true,Tx,0,8,05,94,00,00,00,00,00,00,
2558633,108182FE,true,Tx,0,8,06,94,00,00,00,00,00,00,
2560044,1081827E,true,Rx,0,8,2D,8F,00,00,00,00,00,00,
2559972,108182FE,true,Tx,0,8,07,94,00,00,00,00,00,00,
2561597,108182FE,true,Tx,0,8,08,94,00,00,00,00,00,00,
2562419,1081827E,true,Rx,0,8,2E,8F,00,00,00,00,00,00,
2562856,108182FE,true,Tx,0,8,09,94,00,00,00,00,00,00,
2564149,108182FE,true,Tx,0,8,0A,94,00,00,00,00,00,00,
2564713,1081827E,true,Rx,0,8,2F,8F,00,00,00,00,00,00,
2565394,108182FE,true,Tx,0,8,0B,94,00,00,00,00,00,00,
2567067,1081827E,true,Rx,0,8,20,90,00,00,00,00,00,00,
2566618,108182FE,true,Tx,0,8,0C,94,00,00,00,00,00,00,
2567822,108182FE,true,Tx,0,8,0D,94,00,00,00,00,00,00,
2569419,1081827E,true,Rx,0,8,21,90,00,00,00,00,00,00,
2569057,108182FE,true,Tx,0,8,0E,94,00,00,00,00,00,00,
2570273,108182FE,true,Tx,0,8,0F,94,00,00,00,00,00,00,
2571687,1081827E,true,Rx,0,8,22,90,00,00,00,00,00,00,
2572865,108182FE,true,Tx,0,8,00,95,00,00,00,00,00,00,
2574029,1081827E,true,Rx,0,8,23,90,00,00,00,00,00,00,
2574226,108182FE,true,Tx,0,8,01,95,00,00,00,00,00,00,
2575657,108182FE,true,Tx,0,8,02,95,00,00,00,00,00,00,
2576424,1081827E,true,Rx,0,8,24,90,00,00,00,00,00,00,
2577378,108182FE,true,Tx,0,8,03,95,00,00,00,00,00,00,
2578653,1081827E,true,Rx,0,8,25,90,00,00,00,00,00,00,
2579950,108182FE,true,Tx,0,8,04,95,00,00,00,00,00,00,
2580998,1081827E,true,Rx,0,8,26,90,00,00,00,00,00,00,
2581317,108182FE,true,Tx,0,8,05,95,00,00,00,00,00,00,
2582577,108182FE,true,Tx,0,8,06,95,00,00,00,00,00,00,
2583323,1081827E,true,Rx,0,8,27,90,00,00,00,00,00,00,
2583857,108182FE,true,Tx,0,8,07,95,00,00,00,00,00,00,
2585648,1081827E,true,Rx,0,8,28,90,00,00,00,00,00,00,
2585120,108182FE,true,Tx,0,8,08,95,00,00,00,00,00,00,
2586446,108182FE,true,Tx,0,8,09,95,00,00,00,00,00,00,
2587979,1081827E,true,Rx,0,8,29,90,00,00,00,00,00,00,
2587685,108182FE,true,Tx,0,8,0A,95,00,00,00,00,00,00,
2588938,108182FE,true,Tx,0,8,0B,95,00,00,00,00,00,00,
2590281,1081827E,true,Rx,0,8,2A,90,00,00,00,00,00,00,
2590207,108182FE,true,Tx,0,8,0C,95,00,00,00,00,00,00,
2591439,108182FE,true,Tx,0,8,0D,95,00,00,00,00,00,00,
2592600,1081827E,true,Rx,0,8,2B,90,00,00,00,00,00,00,
2592725,108182FE,true,Tx,0,8,0E,95,00,00,00,00,00,00,
2594944,1081827E,true,Rx,0,8,2C,90,00,00,00,00,00,00,
2594506,108182FE,true,Tx,0,8,0F,95,00,00,00,00,00,00,
2595936,108182FE,true,Tx,0,8,00,96,00,00,00,00,00,00,
2597275,1081827E,true,Rx,0,8,2D,90,00,00,00,00,00,00,
2597256,108182FE,true,Tx,0,8,01,96,00,00,00,00,00,00,
2598486,108182FE,true,Tx,0,8,02,96,00,00,00,00,00,00,
2599608,1081827E,true,Rx,0,8,2E,90,00,00,00,00,00,00,
2599757,108182FE,true,Tx,0,8,03,96,00,00,00,00,00,00,
2601100,108182FE,true,Tx,0,8,04,96,00,00,00,00,00,00,
2601983,1081827E,true,Rx,0,8,2F,90,00,00,00,00,00,00,
2602333,108182FE,true,Tx,0,8,05,96,00,00,00,00,00,00,
2603558,108182FE,true,Tx,0,8,06,96,00,00,00,00,00,00,
2604292,1081827E,true,Rx,0,8,20,91,00,00,00,00,00,00,
2604748,108182FE,true,Tx,0,8,07,96,00,00,00,00,00,00,
2606589,1081827E,true,Rx,0,8,21,91,00,00,00,00,00,00,
2606041,108182FE,true,Tx,0,8,08,96,00,00,00,00,00,00,
2607329,108182FE,true,Tx,0,8,09,96,00,00,00,00,00,00,
2608906,1081827E,true,Rx,0,8,22,91,00,00,00,00,00,00,
2608714,108182FE,true,Tx,0,8,0A,96,00,00,00,00,00,00,
2610207,108182FE,true,Tx,0,8,0B,96,00,00,00,00,00,00,
2611205,1081827E,true,Rx,0,8,23,91,00,00,00,00,00,00,
2611791,108182FE,true,Tx,0,8,0C,96,00,00,00,00,00,00,
2613534,1081827E,true,Rx,0,8,24,91,00,00,00,00,00,00,
2613109,108182FE,true,Tx,0,8,0D,96,00,00,00,00,00,00,
2614445,108182FE,true,Tx,0,8,0E,96,00,00,00,00,00,00,
2615842,1081827E,true,Rx,0,8,25,91,00,00,00,00,00,00,
2615731,108182FE,true,Tx,0,8,0F,96,00,00,00,00,00,00,
2617019,108182FE,true,Tx,0,8,00,97,00,00,00,00,00,00,
2618154,1081827E,true,Rx,0,8,26,91,00,00,00,00,00,00,
2618320,108182FE,true,Tx,0,8,01,97,00,00,00,00,00,00,
2619625,108182FE,true,Tx,0,8,02,97,00,00,00,00,00,00,
2620512,1081827E,true,Rx,0,8,27,91,00,00,00,00,00,00,
2622765,1081827E,true,Rx,0,8,28,91,00,00,00,00,00,00,
2622254,108182FE,true,Tx,0,8,03,97,00,00,00,00,00,00,
2623941,1081827E,true,Rx,0,8,29,91,00,00,00,00,00,00,
2623664,108182FE,true,Tx,0,8,04,97,00,00,00,00,00,00,
2624952,108182FE,true,Tx,0,8,05,97,00,00,00,00,00,00,
2626236,108182FE,true,Tx,0,8,06,97,00,00,00,00,00,00,
2627429,1081827E,true,Rx,0,8,2A,91,00,00,00,00,00,00,
2628360,108182FE,true,Tx,0,8,07,97,00,00,00,00,00,00,
2629734,1081827E,true,Rx,0,8,2B,91,00,00,00,00,00,00,
2629845,108182FE,true,Tx,0,8,08,97,00,00,00,00,00,00,
2630882,1081827E,true,Rx,0,8,2C,91,00,00,00,00,00,00,
2631288,108182FE,true,Tx,0,8,09,97,00,00,00,00,00,00,
2632632,108182FE,true,Tx,0,8,0A,97,00,00,00,00,00,00,
2634421,1081827E,true,Rx,0,8,2D,91,00,00,00,00,00,00,
2634045,108182FE,true,Tx,0,8,0B,97,00,00,00,00,00,00,
2635470,108182FE,true,Tx,0,8,0C,97,00,00,00,00,00,00,
2636647,1081827E,true,Rx,0,8,2E,91,00,00,00,00,00,00,
2636875,108182FE,true,Tx,0,8,0D,97,00,00,00,00,00,00,
2638186,108182FE,true,Tx,0,8,0E,97,00,00,00,00,00,00,
2638982,1081827E,true,Rx,0,8,2F,91,00,00,00,00,00,00,
2639510,108182FE,true,Tx,0,8,0F,97,00,00,00,00,00,00,
2641336,1081827E,true,Rx,0,8,20,92,00,00,00,00,00,00,
2640874,108182FE,true,Tx,0,8,00,98,00,00,00,00,00,00,
2642309,108182FE,true,Tx,0,8,01,98,00,00,00,00,00,00,
2643651,1081827E,true,Rx,0,8,21,92,00,00,00,00,00,00,
2644805,1081827E,true,Rx,0,8,22,92,00,00,00,00,00,00,
2644438,108182FE,true,Tx,0,8,02,98,00,00,00,00,00,00,
2646298,108182FE,true,Tx,0,8,03,98,00,00,00,00,00,00,
2647699,108182FE,true,Tx,0,8,04,98,00,00,00,00,00,00,
2648278,1081827E,true,Rx,0,8,23,92,00,00,00,00,00,00,
2649063,108182FE,true,Tx,0,8,05,98,00,00,00,00,00,00,
2650614,1081827E,true,Rx,0,8,24,92,00,00,00,00,00,00,
2650343,108182FE,true,Tx,0,8,06,98,00,00,00,00,00,00,
2651641,108182FE,true,Tx,0,8,07,98,00,00,00,00,00,00,
2652924,1081827E,true,Rx,0,8,25,92,00,00,00,00,00,00,
2652883,108182FE,true,Tx,0,8,08,98,00,00,00,00,00,00,
2654092,1081827E,true,Rx,0,8,26,92,00,00,00,00,00,00,
2654102,108182FE,true,Tx,0,8,09,98,00,00,00,00,00,00,
2655338,108182FE,true,Tx,0,8,0A,98,00,00,00,00,00,00,
2656505,108182FE,true,Tx,0,8,0B,98,00,00,00,00,00,00,
2657552,1081827E,true,Rx,0,8,27,92,00,00,00,00,00,00,
2657691,108182FE,true,Tx,0,8,0C,98,00,00,00,00,00,00,
2658913,108182FE,true,Tx,0,8,0D,98,00,00,00,00,00,00,
2659855,1081827E,true,Rx,0,8,28,92,00,00,00,00,00,00,
2660739,108182FE,true,Tx,0,8,0E,98,00,00,00,00,00,00,
2662193,1081827E,true,Rx,0,8,29,92,00,00,00,00,00,00,
2662096,108182FE,true,Tx,0,8,0F,98,00,00,00,00,00,00,
2663409,108182FE,true,Tx,0,8,00,99,00,00,00,00,00,00,
2664687,108182FE,true,Tx,0,8,01,99,00,00,00,00,00,00,
2665640,1081827E,true,Rx,0,8,2A,92,00,00,00,00,00,00,
2665938,108182FE,true,Tx,0,8,02,99,00,00,00,00,00,00,
2667169,108182FE,true,Tx,0,8,03,99,00,00,00,00,00,00,
2667982,1081827E,true,Rx,0,8,2B,92,00,00,00,00,00,00,
2668414,108182FE,true,Tx,0,8,04,99,00,00,00,00,00,00,
2669668,108182FE,true,Tx,0,8,05,99,00,00,00,00,00,00,
2670317,1081827E,true,Rx,0,8,2C,92,00,00,00,00,00,00,
2670907,108182FE,true,Tx,0,8,06,99,00,00,00,00,00,00,
2672635,1081827E,true,Rx,0,8,2D,92,00,00,00,00,00,00,
2672164,108182FE,true,Tx,0,8,07,99,00,00,00,00,00,00,
2673361,108182FE,true,Tx,0,8,08,99,00,00,00,00,00,00,
2674997,1081827E,true,Rx,0,8,2E,92,00,00,00,00,00,00,
2674782,108182FE,true,Tx,0,8,09,99,00,00,00,00,00,00,
2676348,108182FE,true,Tx,0,8,0A,99,00,00,00,00,00,00,
2677318,1081827E,true,Rx,0,8,2F,92,00,00,00,00,00,00,
2678257,108182FE,true,Tx,0,8,0B,99,00,00,00,00,00,00,
2679578,1081827E,true,Rx,0,8,20,93,00,00,00,00,00,00,
2679665,108182FE,true,Tx,0,8,0C,99,00,00,00,00,00,00,
2680869,108182FE,true,Tx,0,8,0D,99,00,00,00,00,00,00,
2681924,1081827E,true,Rx,0,8,21,93,00,00,00,00,00,00,
2682075,108182FE,true,Tx,0,8,0E,99,00,00,00,00,00,00,
2683535,108182FE,true,Tx,0,8,0F,99,00,00,00,00,00,00,
2684260,1081827E,true,Rx,0,8,22,93,00,00,00,00,00,00,
2684785,108182FE,true,Tx,0,8,00,9A,00,00,00,00,00,00,
2686027,108182FE,true,Tx,0,8,01,9A,00,00,00,00,00,00,
2686585,1081827E,true,Rx,0,8,23,93,00,00,00,00,00,00,
2687208,108182FE,true,Tx,0,8,02,9A,00,00,00,00,00,00,
2688861,1081827E,true,Rx,0,8,24,93,00,00,00,00,00,00,
2688384,108182FE,true,Tx,0,8,03,9A,00,00,00,00,00,00,
2689576,108182FE,true,Tx,0,8,04,9A,00,00,00,00,00,00,
2691209,1081827E,true,Rx,0,8,25,93,00,00,00,00,00,00,
2690948,108182FE,true,Tx,0,8,05,9A,00,00,00,00,00,00,
2692250,108182FE,true,Tx,0,8,06,9A,00,00,00,00,00,00,
2693527,1081827E,true,Rx,0,8,26,93,00,00,00,00,00,00,
2693895,108182FE,true,Tx,0,8,07,9A,00,00,00,00,00,00,
2695805,1081827E,true,Rx,0,8,27,93,00,00,00,00,00,00,
2695485,108182FE,true,Tx,0,8,08,9A,00,00,00,00,00,00,
2696893,108182FE,true,Tx,0,8,09,9A,00,00,00,00,00,00,
2698145,1081827E,true,Rx,0,8,28,93,00,00,00,00,00,00,
2698111,108182FE,true,Tx,0,8,0A,9A,00,00,00,00,00,00,
2699288,108182FE,true,Tx,0,8,0B,9A,00,00,00,00,00,00,
2700463,1081827E,true,Rx,0,8,29,93,00,00,00,00,00,00,
2700450,108182FE,true,Tx,0,8,0C,9A,00,00,00,00,00,00,
2701603,108182FE,true,Tx,0,8,0D,9A,00,00,00,00,00,00,
2702753,1081827E,true,Rx,0,8,2A,93,00,00,00,00,00,00,
2702755,108182FE,true,Tx,0,8,0E,9A,00,00,00,00,00,00,
2703905,108182FE,true,Tx,0,8,0F,9A,00,00,00,00,00,00,
2705089,1081827E,true,Rx,0,8,2B,93,00,00,00,00,00,00,
2705083,108182FE,true,Tx,0,8,00,9B,00,00,00,00,00,00,
2706420,108182FE,true,Tx,0,8,01,9B,00,00,00,00,00,00,
2707421,1081827E,true,Rx,0,8,2C,93,00,00,00,00,00,00,
2707785,108182FE,true,Tx,0,8,02,9B,00,00,00,00,00,00,
2709749,1081827E,true,Rx,0,8,2D,93,00,00,00,00,00,00,
2709250,108182FE,true,Tx,0,8,03,9B,00,00,00,00,00,00,
2710916,108182FE,true,Tx,0,8,04,9B,00,00,00,00,00,00,
2712032,1081827E,true,Rx,0,8,2E,93,00,00,00,00,00,00,
2712193,108182FE,true,Tx,0,8,05,9B,00,00,00,00,00,00,
2713395,108182FE,true,Tx,0,8,06,9B,00,00,00,00,00,00,
2714415,1081827E,true,Rx,0,8,2F,93,00,00,00,00,00,00,
2714589,108182FE,true,Tx,0,8,07,9B,00,00,00,00,00,00,
2715773,108182FE,true,Tx,0,8,08,9B,00,00,00,00,00,00,
2716748,1081827E,true,Rx,0,8,20,94,00,00,00,00,00,00,
2716942,108182FE,true,Tx,0,8,09,9B,00,00,00,00,00,00,
2718097,108182FE,true,Tx,0,8,0A,9B,00,00,00,00,00,00,
2719090,1081827E,true,Rx,0,8,21,94,00,00,00,00,00,00,
2721433,1081827E,true,Rx,0,8,22,94,00,00,00,00,00,00,
2723750,1081827E,true,Rx,0,8,23,94,00,00,00,00,00,00,
2726042,1081827E,true,Rx,0,8,24,94,00,00,00,00,00,00,
2728460,1081827E,true,Rx,0,8,25,94,00,00,00,00,00,00,
2732089,108182FE,true,Tx,0,8,0B,9B,00,00,00,00,00,00,
2733041,1081827E,true,Rx,0,8,26,94,00,00,00,00,00,00,
2733042,100011FE,true,Rx,0,8,00,02,00,00,00,00,00,00,
2733043,1081827E,true,Rx,0,8,27,94,00,00,00,00,00,00,
2736532,1081827E,true,Rx,0,8,28,94,00,00,00,00,00,00,
2738870,1081827E,true,Rx,0,8,29,94,00,00,00,00,00,00,
2741154,1081827E,true,Rx,0,8,2A,94,00,00,00,00,00,00,
2743529,1081827E,true,Rx,0,8,2B,94,00,00,00,00,00,00,
2745806,1081827E,true,Rx,0,8,2C,94,00,00,00,00,00,00,
2748153,1081827E,true,Rx,0,8,2D,94,00,00,00,00,00,00,
2748196,108182FE,true,Tx,0,8,0C,9B,00,00,00,00,00,00,
2749676,108182FE,true,Tx,0,8,0D,9B,00,00,00,00,00,00,
2750523,1081827E,true,Rx,0,8,2E,94,00,00,00,00,00,00,
2751069,108182FE,true,Tx,0,8,0E,9B,00,00,00,00,00,00,
2752811,1081827E,true,Rx,0,8,2F,94,00,00,00,00,00,00,
2752400,108182FE,true,Tx,0,8,0F,9B,00,00,00,00,00,00,
2753729,108182FE,true,Tx,0,8,00,9C,00,00,00,00,00,00,
2755153,1081827E,true,Rx,0,8,20,95,00,00,00,00,00,00,
2755173,108182FE,true,Tx,0,8,01,9C,00,00,00,00,00,00,
2756454,108182FE,true,Tx,0,8,02,9C,00,00,00,00,00,00,
2757460,1081827E,true,Rx,0,8,21,95,00,00,00,00,00,00,
2757925,108182FE,true,Tx,0,8,03,9C,00,00,00,00,00,00,
2759765,1081827E,true,Rx,0,8,22,95,00,00,00,00,00,00,
2759232,108182FE,true,Tx,0,8,04,9C,00,00,00,00,00,00,
2761052,108182FE,true,Tx,0,8,05,9C,00,00,00,00,00,00,
2762099,1081827E,true,Rx,0,8,23,95,00,00,00,00,00,00,
2762713,108182FE,true,Tx,0,8,06,9C,00,00,00,00,00,00,
2764459,1081827E,true,Rx,0,8,24,95,00,00,00,00,00,00,
2764371,108182FE,true,Tx,0,8,07,9C,00,00,00,00,00,00,
2766752,1081827E,true,Rx,0,8,25,95,00,00,00,00,00,00,
2768006,108182FE,true,Tx,0,8,08,9C,00,00,00,00,00,00,
2769041,1081827E,true,Rx,0,8,26,95,00,00,00,00,00,00,
2769380,108182FE,true,Tx,0,8,09,9C,00,00,00,00,00,00,
2770687,108182FE,true,Tx,0,8,0A,9C,00,00,00,00,00,00,
2771418,1081827E,true,Rx,0,8,27,95,00,00,00,00,00,00,
2771931,108182FE,true,Tx,0,8,0B,9C,00,00,00,00,00,00,
2773701,1081827E,true,Rx,0,8,28,95,00,00,00,00,00,00,
2773182,108182FE,true,Tx,0,8,0C,9C,00,00,00,00,00,00,
2774385,108182FE,true,Tx,0,8,0D,9C,00,00,00,00,00,00,
2775982,1081827E,true,Rx,0,8,29,95,00,00,00,00,00,00,
2775624,108182FE,true,Tx,0,8,0E,9C,00,00,00,00,00,00,
2777017,108182FE,true,Tx,0,8,0F,9C,00,00,00,00,00,00,
2778318,1081827E,true,Rx,0,8,2A,95,00,00,00,00,00,00,
2778295,108182FE,true,Tx,0,8,00,9D,00,00,00,00,00,00,
2779530,108182FE,true,Tx,0,8,01,9D,00,00,00,00,00,00,
2780640,1081827E,true,Rx,0,8,2B,95,00,00,00,00,00,00,
2780773,108182FE,true,Tx,0,8,02,9D,00,00,00,00,00,00,
2781937,108182FE,true,Tx,0,8,03,9D,00,00,00,00,00,00,
2782923,1081827E,true,Rx,0,8,2C,95,00,00,00,00,00,00,
2783170,108182FE,true,Tx,0,8,04,9D,00,00,00,00,00,00,
2784364,108182FE,true,Tx,0,8,05,9D,00,00,00,00,00,00,
2785265,1081827E,true,Rx,0,8,2D,95,00,00,00,00,00,00,
2785570,108182FE,true,Tx,0,8,06,9D,00,00,00,00,00,00,
2786740,108182FE,true,Tx,0,8,07,9D,00,00,00,00,00,00,
2787585,1081827E,true,Rx,0,8,2E,95,00,00,00,00,00,00,
2788059,108182FE,true,Tx,0,8,08,9D,00,00,00,00,00,00,
2789246,108182FE,true,Tx,0,8,09,9D,00,00,00,00,00,00,
2789920,1081827E,true,Rx,0,8,2F,95,00,00,00,00,00,00,
2790461,108182FE,true,Tx,0,8,0A,9D,00,00,00,00,00,00,
2791601,108182FE,true,Tx,0,8,0B,9D,00,00,00,00,00,00,
2792267,1081827E,true,Rx,0,8,20,96,00,00,00,00,00,00,
2792875,108182FE,true,Tx,0,8,0C,9D,00,00,00,00,00,00,
2794583,1081827E,true,Rx,0,8,21,96,00,00,00,00,00,00,
2794573,108182FE,true,Tx,0,8,0D,9D,00,00,00,00,00,00,
2796006,108182FE,true,Tx,0,8,0E,9D,00,00,00,00,00,00,
2796862,1081827E,true,Rx,0,8,22,96,00,00,00,00,00,00,
2797278,108182FE,true,Tx,0,8,0F,9D,00,00,00,00,00,00,
2798526,108182FE,true,Tx,0,8,00,9E,00,00,00,00,00,00,
2799204,1081827E,true,Rx,0,8,23,96,00,00,00,00,00,00,
2799757,108182FE,true,Tx,0,8,01,9E,00,00,00,00,00,00,
2801529,1081827E,true,Rx,0,8,24,96,00,00,00,00,00,00,
2801033,108182FE,true,Tx,0,8,02,9E,00,00,00,00,00,00,
2802330,108182FE,true,Tx,0,8,03,9E,00,00,00,00,00,00,
2803812,1081827E,true,Rx,0,8,25,96,00,00,00,00,00,00,
2803601,108182FE,true,Tx,0,8,04,9E,00,00,00,00,00,00,
2804884,108182FE,true,Tx,0,8,05,9E,00,00,00,00,00,00,
2806150,1081827E,true,Rx,0,8,26,96,00,00,00,00,00,00,
2806359,108182FE,true,Tx,0,8,06,9E,00,00,00,00,00,00,
2807651,108182FE,true,Tx,0,8,07,9E,00,00,00,00,00,00,
2808466,1081827E,true,Rx,0,8,27,96,00,00,00,00,00,00,
2808929,108182FE,true,Tx,0,8,08,9E,00,00,00,00,00,00,
2810783,1081827E,true,Rx,0,8,28,96,00,00,00,00,00,00,
2810621,108182FE,true,Tx,0,8,09,9E,00,00,00,00,00,00,
2811918,108182FE,true,Tx,0,8,0A,9E,00,00,00,00,00,00,
2813094,1081827E,true,Rx,0,8,29,96,00,00,00,00,00,00,
2813385,108182FE,true,Tx,0,8,0B,9E,00,00,00,00,00,00,
2814583,108182FE,true,Tx,0,8,0C,9E,00,00,00,00,00,00,
2815423,1081827E,true,Rx,0,8,2A,96,00,00,00,00,00,00,
2815809,108182FE,true,Tx,0,8,0D,9E,00,00,00,00,00,00,
2817079,108182FE,true,Tx,0,8,0E,9E,00,00,00,00,00,00,
2817751,1081827E,true,Rx,0,8,2B,96,00,00,00,00,00,00,
2818327,108182FE,true,Tx,0,8,0F,9E,00,00,00,00,00,00,
2820033,1081827E,true,Rx,0,8,2C,96,00,00,00,00,00,00,
2819545,108182FE,true,Tx,0,8,00,9F,00,00,00,00,00,00,
2820723,108182FE,true,Tx,0,8,01,9F,00,00,00,00,00,00,
2822461,1081827E,true,Rx,0,8,2D,96,00,00,00,00,00,00,
2822059,108182FE,true,Tx,0,8,02,9F,00,00,00,00,00,00,
2823368,108182FE,true,Tx,0,8,03,9F,00,00,00,00,00,00,
2824672,108182FE,true,Tx,0,8,04,9F,00,00,00,00,00,00,
2825871,1081827E,true,Rx,0,8,2E,96,00,00,00,00,00,00,
2825872,1081827E,true,Rx,0,8,2F,96,00,00,00,00,00,00,
2825912,108182FE,true,Tx,0,8,05,9F,00,00,00,00,00,00,
2827838,108182FE,true,Tx,0,8,06,9F,00,00,00,00,00,00,
2829423,1081827E,true,Rx,0,8,20,97,00,00,00,00,00,00,
2829173,108182FE,true,Tx,0,8,07,9F,00,00,00,00,00,00,
2830395,108182FE,true,Tx,0,8,08,9F,00,00,00,00,00,00,
2831691,1081827E,true,Rx,0,8,21,97,00,00,00,00,00,00,
2831642,108182FE,true,Tx,0,8,09,9F,00,00,00,00,00,00,
2832792,108182FE,true,Tx,0,8,0A,9F,00,00,00,00,00,00,
2833979,1081827E,true,Rx,0,8,22,97,00,00,00,00,00,00,
2833955,108182FE,true,Tx,0,8,0B,9F,00,00,00,00,00,00,
2835262,108182FE,true,Tx,0,8,0C,9F,00,00,00,00,00,00,
2836519,108182FE,true,Tx,0,8,0D,9F,00,00,00,00,00,00,
2837460,1081827E,true,Rx,0,8,23,97,00,00,00,00,00,00,
2837461,1081827E,true,Rx,0,8,24,97,00,00,00,00,00,00,
2837747,108182FE,true,Tx,0,8,0E,9F,00,00,00,00,00,00,
2838911,108182FE,true,Tx,0,8,0F,9F,00,00,00,00,00,00,
2840107,108182FE,true,Tx,0,8,00,A0,00,00,00,00,00,00,
2840930,1081827E,true,Rx,0,8,25,97,00,00,00,00,00,00,
2841310,108182FE,true,Tx,0,8,01,A0,00,00,00,00,00,00,
2842528,108182FE,true,Tx,0,8,02,A0,00,00,00,00,00,00,
2843229,1081827E,true,Rx,0,8,26,97,00,00,00,00,00,00,
2844094,108182FE,true,Tx,0,8,03,A0,00,00,00,00,00,00,
2845534,1081827E,true,Rx,0,8,27,97,00,00,00,00,00,00,
2845356,108182FE,true,Tx,0,8,04,A0,00,00,00,00,00,00,
2846586,108182FE,true,Tx,0,8,05,A0,00,00,00,00,00,00,
2847870,1081827E,true,Rx,0,8,28,97,00,00,00,00,00,00,
2847745,108182FE,true,Tx,0,8,06,A0,00,00,00,00,00,00,
2848914,108182FE,true,Tx,0,8,07,A0,00,00,00,00,00,00,
2850166,1081827E,true,Rx,0,8,29,97,00,00,00,00,00,00,
2850067,108182FE,true,Tx,0,8,08,A0,00,00,00,00,00,00,
2851213,108182FE,true,Tx,0,8,09,A0,00,00,00,00,00,00,
2852466,1081827E,true,Rx,0,8,2A,97,00,00,00,00,00,00,
2852313,108182FE,true,Tx,0,8,0A,A0,00,00,00,00,00,00,
2853442,108182FE,true,Tx,0,8,0B,A0,00,00,00,00,00,00,
2854826,1081827E,true,Rx,0,8,2B,97,00,00,00,00,00,00,
2854617,108182FE,true,Tx,0,8,0C,A0,00,00,00,00,00,00,
2855733,108182FE,true,Tx,0,8,0D,A0,00,00,00,00,00,00,
2857104,1081827E,true,Rx,0,8,2C,97,00,00,00,00,00,00,
2856953,108182FE,true,Tx,0,8,0E,A0,00,00,00,00,00,00,
2858212,108182FE,true,Tx,0,8,0F,A0,00,00,00,00,00,00,
2859425,1081827E,true,Rx,0,8,2D,97,00,00,00,00,00,00,
2859445,108182FE,true,Tx,0,8,00,A1,00,00,00,00,00,00,
2860870,108182FE,true,Tx,0,8,01,A1,00,00,00,00,00,00,
2861761,1081827E,true,Rx,0,8,2E,97,00,00,00,00,00,00,
2862158,108182FE,true,Tx,0,8,02,A1,00,00,00,00,00,00,
2863309,108182FE,true,Tx,0,8,03,A1,00,00,00,00,00,00,
2864105,1081827E,true,Rx,0,8,2F,97,00,00,00,00,00,00,
2864505,108182FE,true,Tx,0,8,04,A1,00,00,00,00,00,00,
2865621,108182FE,true,Tx,0,8,05,A1,00,00,00,00,00,00,
2866421,1081827E,true,Rx,0,8,20,98,00,00,00,00,00,00,
2866815,108182FE,true,Tx,0,8,06,A1,00,00,00,00,00,00,
2867905,108182FE,true,Tx,0,8,07,A1,00,00,00,00,00,00,
2868762,1081827E,true,Rx,0,8,21,98,00,00,00,00,00,00,
2869080,108182FE,true,Tx,0,8,08,A1,00,00,00,00,00,00,
2870167,108182FE,true,Tx,0,8,09,A1,00,00,00,00,00,00,
2871102,1081827E,true,Rx,0,8,22,98,00,00,00,00,00,00,
2871327,108182FE,true,Tx,0,8,0A,A1,00,00,00,00,00,00,
2872432,108182FE,true,Tx,0,8,0B,A1,00,00,00,00,00,00,
2873425,1081827E,true,Rx,0,8,23,98,00,00,00,00,00,00,
2873798,108182FE,true,Tx,0,8,0C,A1,00,00,00,00,00,00,
2875060,108182FE,true,Tx,0,8,0D,A1,00,00,00,00,00,00,
2875768,1081827E,true,Rx,0,8,24,98,00,00,00,00,00,00,
2876372,108182FE,true,Tx,0,8,0E,A1,00,00,00,00,00,00,
2878099,1081827E,true,Rx,0,8,25,98,00,00,00,00,00,00,
2877832,108182FE,true,Tx,0,8,0F,A1,00,00,00,00,00,00,
2879042,108182FE,true,Tx,0,8,00,A2,00,00,00,00,00,00,
2880422,1081827E,true,Rx,0,8,26,98,00,00,00,00,00,00,
2880299,108182FE,true,Tx,0,8,01,A2,00,00,00,00,00,00,
2881457,108182FE,true,Tx,0,8,02,A2,00,00,00,00,00,00,
2882706,1081827E,true,Rx,0,8,27,98,00,00,00,00,00,00,
2882583,108182FE,true,Tx,0,8,03,A2,00,00,00,00,00,00,
2883693,108182FE,true,Tx,0,8,04,A2,00,00,00,00,00,00,
2885056,1081827E,true,Rx,0,8,28,98,00,00,00,00,00,00,
2884806,108182FE,true,Tx,0,8,05,A2,00,00,00,00,00,00,
2885923,108182FE,true,Tx,0,8,06,A2,00,00,00,00,00,00,
2887424,1081827E,true,Rx,0,8,29,98,00,00,00,00,00,00,
2887067,108182FE,true,Tx,0,8,07,A2,00,00,00,00,00,00,
2888187,108182FE,true,Tx,0,8,08,A2,00,00,00,00,00,00,
2889706,1081827E,true,Rx,0,8,2A,98,00,00,00,00,00,00,
2889332,108182FE,true,Tx,0,8,09,A2,00,00,00,00,00,00,
2891022,108182FE,true,Tx,0,8,0A,A2,00,00,00,00,00,00,
2892045,1081827E,true,Rx,0,8,2B,98,00,00,00,00,00,00,
2892438,108182FE,true,Tx,0,8,0B,A2,00,00,00,00,00,00,
2894414,1081827E,true,Rx,0,8,2C,98,00,00,00,00,00,00,
2894100,108182FE,true,Tx,0,8,0C,A2,00,00,00,00,00,00,
2895366,108182FE,true,Tx,0,8,0D,A2,00,00,00,00,00,00,
2896711,1081827E,true,Rx,0,8,2D,98,00,00,00,00,00,00,
2896610,108182FE,true,Tx,0,8,0E,A2,00,00,00,00,00,00,
2897736,108182FE,true,Tx,0,8,0F,A2,00,00,00,00,00,00,
2898994,1081827E,true,Rx,0,8,2E,98,00,00,00,00,00,00,
2898862,108182FE,true,Tx,0,8,00,A3,00,00,00,00,00,00,
2899976,108182FE,true,Tx,0,8,01,A3,00,00,00,00,00,00,
2901420,1081827E,true,Rx,0,8,2F,98,00,00,00,00,00,00,
2901093,108182FE,true,Tx,0,8,02,A3,00,00,00,00,00,00,
2902220,108182FE,true,Tx,0,8,03,A3,00,00,00,00,00,00,
2903650,1081827E,true,Rx,0,8,20,99,00,00,00,00,00,00,
2903378,108182FE,true,Tx,0,8,04,A3,00,00,00,00,00,00,
2904504,108182FE,true,Tx,0,8,05,A3,00,00,00,00,00,00,
2905998,1081827E,true,Rx,0,8,21,99,00,00,00,00,00,00,
2905638,108182FE,true,Tx,0,8,06,A3,00,00,00,00,00,00,
2906782,108182FE,true,Tx,0,8,07,A3,00,00,00,00,00,00,
2908285,1081827E,true,Rx,0,8,22,99,00,00,00,00,00,00,
2908088,108182FE,true,Tx,0,8,08,A3,00,00,00,00,00,00,
2909238,108182FE,true,Tx,0,8,09,A3,00,00,00,00,00,00,
2910650,1081827E,true,Rx,0,8,23,99,00,00,00,00,00,00,
2910707,108182FE,true,Tx,0,8,0A,A3,00,00,00,00,00,00,
2912062,108182FE,true,Tx,0,8,0B,A3,00,00,00,00,00,00,
2912932,1081827E,true,Rx,0,8,24,99,00,00,00,00,00,00,
2913225,108182FE,true,Tx,0,8,0C,A3,00,00,00,00,00,00,
2914377,108182FE,true,Tx,0,8,0D,A3,00,00,00,00,00,00,
2915224,1081827E,true,Rx,0,8,25,99,00,00,00,00,00,00,
2915528,108182FE,true,Tx,0,8,0E,A3,00,00,00,00,00,00,
2916709,108182FE,true,Tx,0,8,0F,A3,00,00,00,00,00,00,
2917535,1081827E,true,Rx,0,8,26,99,00,00,00,00,00,00,
2918002,108182FE,true,Tx,0,8,00,A4,00,00,00,00,00,00,
2919180,108182FE,true,Tx,0,8,01,A4,00,00,00,00,00,00,
2919879,1081827E,true,Rx,0,8,27,99,00,00,00,00,00,00,
2920334,108182FE,true,Tx,0,8,02,A4,00,00,00,00,00,00,
2921474,108182FE,true,Tx,0,8,03,A4,00,00,00,00,00,00,
2922660,108182FE,true,Tx,0,8,04,A4,00,00,00,00,00,00,
2923883,108182FE,true,Tx,0,8,05,A4,00,00,00,00,00,00,
2924530,1081827E,true,Rx,0,8,28,99,00,00,00,00,00,00,
2924530,1001117E,true,Rx,0,8,00,01,00,00,00,00,00,00,
2924531,1081827E,true,Rx,0,8,29,99,00,00,00,00,00,00,
2925029,108182FE,true,Tx,0,8,06,A4,00,00,00,00,00,00,
2926396,108182FE,true,Tx,0,8,07,A4,00,00,00,00,00,00,
2927985,1081827E,true,Rx,0,8,2A,99,00,00,00,00,00,00,
2927830,108182FE,true,Tx,0,8,08,A4,00,00,00,00,00,00,
2929049,108182FE,true,Tx,0,8,09,A4,00,00,00,00,00,00,
2930279,1081827E,true,Rx,0,8,2B,99,00,00,00,00,00,00,
2930245,108182FE,true,Tx,0,8,0A,A4,00,00,00,00,00,00,
2931384,108182FE,true,Tx,0,8,0B,A4,00,00,00,00,00,00,
2932592,1081827E,true,Rx,0,8,2C,99,00,00,00,00,00,00,
2932556,108182FE,true,Tx,0,8,0C,A4,00,00,00,00,00,00,
2933680,108182FE,true,Tx,0,8,0D,A4,00,00,00,00,00,00,
2934943,1081827E,true,Rx,0,8,2D,99,00,00,00,00,00,00,
2934854,108182FE,true,Tx,0,8,0E,A4,00,00,00,00,00,00,
2935971,108182FE,true,Tx,0,8,0F,A4,00,00,00,00,00,00,
2937232,1081827E,true,Rx,0,8,2E,99,00,00,00,00,00,00,
2937108,108182FE,true,Tx,0,8,00,A5,00,00,00,00,00,00,
2938264,108182FE,true,Tx,0,8,01,A5,00,00,00,00,00,00,
2939597,1081827E,true,Rx,0,8,2F,99,00,00,00,00,00,00,
2939587,108182FE,true,Tx,0,8,02,A5,00,00,00,00,00,00,
2940752,108182FE,true,Tx,0,8,03,A5,00,00,00,00,00,00,
2941934,1081827E,true,Rx,0,8,20,9A,00,00,00,00,00,00,
2941971,108182FE,true,Tx,0,8,04,A5,00,00,00,00,00,00,
2943558,108182FE,true,Tx,0,8,05,A5,00,00,00,00,00,00,
2944218,1081827E,true,Rx,0,8,21,9A,00,00,00,00,00,00,
2944850,108182FE,true,Tx,0,8,06,A5,00,00,00,00,00,00,
2946535,1081827E,true,Rx,0,8,22,9A,00,00,00,00,00,00,
2946623,108182FE,true,Tx,0,8,07,A5,00,00,00,00,00,00,
2947865,108182FE,true,Tx,0,8,08,A5,00,00,00,00,00,00,
2948879,1081827E,true,Rx,0,8,23,9A,00,00,00,00,00,00,
2949028,108182FE,true,Tx,0,8,09,A5,00,00,00,00,00,00,
2950202,108182FE,true,Tx,0,8,0A,A5,00,00,00,00,00,00,
2951438,108182FE,true,Tx,0,8,0B,A5,00,00,00,00,00,00,
2952425,1081827E,true,Rx,0,8,24,9A,00,00,00,00,00,00,
2952426,1081827E,true,Rx,0,8,25,9A,00,00,00,00,00,00,
2952647,108182FE,true,Tx,0,8,0C,A5,00,00,00,00,00,00,
2953759,108182FE,true,Tx,0,8,0D,A5,00,00,00,00,00,00,
2954902,108182FE,true,Tx,0,8,0E,A5,00,00,00,00,00,00,
2955829,1081827E,true,Rx,0,8,26,9A,00,00,00,00,00,00,
2956042,108182FE,true,Tx,0,8,0F,A5,00,00,00,00,00,00,
2957250,108182FE,true,Tx,0,8,00,A6,00,00,00,00,00,00,
2958112,1081827E,true,Rx,0,8,27,9A,00,00,00,00,00,00,
2958406,108182FE,true,Tx,0,8,01,A6,00,00,00,00,00,00,
2960467,1081827E,true,Rx,0,8,28,9A,00,00,00,00,00,00,
2959896,108182FE,true,Tx,0,8,02,A6,00,00,00,00,00,00,
2961398,108182FE,true,Tx,0,8,03,A6,00,00,00,00,00,00,
2962766,1081827E,true,Rx,0,8,29,9A,00,00,00,00,00,00,
2962678,108182FE,true,Tx,0,8,04,A6,00,00,00,00,00,00,
2963867,108182FE,true,Tx,0,8,05,A6,00,00,00,00,00,00,
2965108,1081827E,true,Rx,0,8,2A,9A,00,00,00,00,00,00,
2965045,108182FE,true,Tx,0,8,06,A6,00,00,00,00,00,00,
2966214,108182FE,true,Tx,0,8,07,A6,00,00,00,00,00,00,
2967428,1081827E,true,Rx,0,8,2B,9A,00,00,00,00,00,00,
2967400,108182FE,true,Tx,0,8,08,A6,00,00,00,00,00,00,
2968819,108182FE,true,Tx,0,8,09,A6,00,00,00,00,00,00,
2969717,1081827E,true,Rx,0,8,2C,9A,00,00,00,00,00,00,
2972055,1081827E,true,Rx,0,8,2D,9A,00,00,00,00,00,00,
2974431,1081827E,true,Rx,0,8,2E,9A,00,00,00,00,00,00,
2976708,1081827E,true,Rx,0,8,2F,9A,00,00,00,00,00,00,
2979049,1081827E,true,Rx,0,8,20,9B,00,00,00,00,00,00,
2981426,1081827E,true,Rx,0,8,21,9B,00,00,00,00,00,00,
2982167,108182FE,true,Tx,0,8,0A,A6,00,00,00,00,00,00,
2983652,1081827E,true,Rx,0,8,22,9B,00,00,00,00,00,00,
2985997,1081827E,true,Rx,0,8,23,9B,00,00,00,00,00,00,
2989468,1081827E,true,Rx,0,8,24,9B,00,00,00,00,00,00,
2989469,1081827E,true,Rx,0,8,25,9B,00,00,00,00,00,00,
2992944,1081827E,true,Rx,0,8,26,9B,00,00,00,00,00,00,
2995239,1081827E,true,Rx,0,8,27,9B,00,00,00,00,00,00,
2997557,1081827E,true,Rx,0,8,28,9B,00,00,00,00,00,00,
2999879,1081827E,true,Rx,0,8,29,9B,00,00,00,00,00,00,
3000772,108182FE,true,Tx,0,8,0B,A6,00,00,00,00,00,00,
3002163,1081827E,true,Rx,0,8,2A,9B,00,00,00,00,00,00,
3002115,108182FE,true,Tx,0,8,0C,A6,00,00,00,00,00,00,
3003346,108182FE,true,Tx,0,8,0D,A6,00,00,00,00,00,00,
3004472,1081827E,true,Rx,0,8,2B,9B,00,00,00,00,00,00,
3004555,108182FE,true,Tx,0,8,0E,A6,00,00,00,00,00,00,
3005800,108182FE,true,Tx,0,8,0F,A6,00,00,00,00,00,00,
3006827,1081827E,true,Rx,0,8,2C,9B,00,00,00,00,00,00,
3007124,108182FE,true,Tx,0,8,00,A7,00,00,00,00,00,00,
3008395,108182FE,true,Tx,0,8,01,A7,00,00,00,00,00,00,
3009111,1081827E,true,Rx,0,8,2D,9B,00,00,00,00,00,00,
3010291,108182FE,true,Tx,0,8,02,A7,00,00,00,00,00,00,
3011469,1081827E,true,Rx,0,8,2E,9B,00,00,00,00,00,00,
3012454,108182FE,true,Tx,0,8,03,A7,00,00,00,00,00,00,
3013815,1081827E,true,Rx,0,8,2F,9B,00,00,00,00,00,00,
3014579,108182FE,true,Tx,0,8,04,A7,00,00,00,00,00,00,
3016102,1081827E,true,Rx,0,8,20,9C,00,00,00,00,00,00,
3015970,108182FE,true,Tx,0,8,05,A7,00,00,00,00,00,00,
3017075,108182FE,true,Tx,0,8,06,A7,00,00,00,00,00,00,
3018467,1081827E,true,Rx,0,8,21,9C,00,00,00,00,00,00,
3018200,108182FE,true,Tx,0,8,07,A7,00,00,00,00,00,00,
3019274,108182FE,true,Tx,0,8,08,A7,00,00,00,00,00,00,
3020771,1081827E,true,Rx,0,8,22,9C,00,00,00,00,00,00,
3020380,108182FE,true,Tx,0,8,09,A7,00,00,00,00,00,00,
3021447,108182FE,true,Tx,0,8,0A,A7,00,00,00,00,00,00,
3023115,1081827E,true,Rx,0,8,23,9C,00,00,00,00,00,00,
3022549,108182FE,true,Tx,0,8,0B,A7,00,00,00,00,00,00,
3023644,108182FE,true,Tx,0,8,0C,A7,00,00,00,00,00,00,
3024820,108182FE,true,Tx,0,8,0D,A7,00,00,00,00,00,00,
3025468,1081827E,true,Rx,0,8,24,9C,00,00,00,00,00,00,
3026285,108182FE,true,Tx,0,8,0E,A7,00,00,00,00,00,00,
3027766,1081827E,true,Rx,0,8,25,9C,00,00,00,00,00,00,
3027676,108182FE,true,Tx,0,8,0F,A7,00,00,00,00,00,00,
3028872,108182FE,true,Tx,0,8,00,A8,00,00,00,00,00,00,
3030108,1081827E,true,Rx,0,8,26,9C,00,00,00,00,00,00,
3030020,108182FE,true,Tx,0,8,01,A8,00,00,00,00,00,00,
3031172,108182FE,true,Tx,0,8,02,A8,00,00,00,00,00,00,
3032431,1081827E,true,Rx,0,8,27,9C,00,00,00,00,00,00,
3032298,108182FE,true,Tx,0,8,03,A8,00,00,00,00,00,00,
3033413,108182FE,true,Tx,0,8,04,A8,00,00,00,00,00,00,
3034772,1081827E,true,Rx,0,8,28,9C,00,00,00,00,00,00,
3034520,108182FE,true,Tx,0,8,05,A8,00,00,00,00,00,00,
3035624,108182FE,true,Tx,0,8,06,A8,00,00,00,00,00,00,
3037116,1081827E,true,Rx,0,8,29,9C,00,00,00,00,00,00,
3036716,108182FE,true,Tx,0,8,07,A8,00,00,00,00,00,00,
3037891,108182FE,true,Tx,0,8,08,A8,00,00,00,00,00,00,
3039424,1081827E,true,Rx,0,8,2A,9C,00,00,00,00,00,00,
3039450,108182FE,true,Tx,0,8,09,A8,00,00,00,00,00,00,
3040710,108182FE,true,Tx,0,8,0A,A8,00,00,00,00,00,00,
3041770,1081827E,true,Rx,0,8,2B,9C,00,00,00,00,00,00,
3042307,108182FE,true,Tx,0,8,0B,A8,00,00,00,00,00,00,
3044126,1081827E,true,Rx,0,8,2C,9C,00,00,00,00,00,00,
3043850,108182FE,true,Tx,0,8,0C,A8,00,00,00,00,00,00,
3045225,108182FE,true,Tx,0,8,0D,A8,00,00,00,00,00,00,
3046462,1081827E,true,Rx,0,8,2D,9C,00,00,00,00,00,00,
3046506,108182FE,true,Tx,0,8,0E,A8,00,00,00,00,00,00,
3047720,108182FE,true,Tx,0,8,0F,A8,00,00,00,00,00,00,
3048773,1081827E,true,Rx,0,8,2E,9C,00,00,00,00,00,00,
3049032,108182FE,true,Tx,0,8,00,A9,00,00,00,00,00,00,
3050333,108182FE,true,Tx,0,8,01,A9,00,00,00,00,00,00,
3051123,1081827E,true,Rx,0,8,2F,9C,00,00,00,00,00,00,
3051543,108182FE,true,Tx,0,8,02,A9,00,00,00,00,00,00,
3052735,108182FE,true,Tx,0,8,03,A9,00,00,00,00,00,00,
3053429,1081827E,true,Rx,0,8,20,9D,00,00,00,00,00,00,
3053932,108182FE,true,Tx,0,8,04,A9,00,00,00,00,00,00,
3055713,1081827E,true,Rx,0,8,21,9D,00,00,00,00,00,00,
3055399,108182FE,true,Tx,0,8,05,A9,00,00,00,00,00,00,
3056836,108182FE,true,Tx,0,8,06,A9,00,00,00,00,00,00,
3058064,1081827E,true,Rx,0,8,22,9D,00,00,00,00,00,00,
3058175,108182FE,true,Tx,0,8,07,A9,00,00,00,00,00,00,
3060422,1081827E,true,Rx,0,8,23,9D,00,00,00,00,00,00,
3059920,108182FE,true,Tx,0,8,08,A9,00,00,00,00,00,00,
3061192,108182FE,true,Tx,0,8,09,A9,00,00,00,00,00,00,
3062654,1081827E,true,Rx,0,8,24,9D,00,00,00,00,00,00,
3062491,108182FE,true,Tx,0,8,0A,A9,00,00,00,00,00,00,
3063701,108182FE,true,Tx,0,8,0B,A9,00,00,00,00,00,00,
3064996,1081827E,true,Rx,0,8,25,9D,00,00,00,00,00,00,
3065292,108182FE,true,Tx,0,8,0C,A9,00,00,00,00,00,00,
3066474,108182FE,true,Tx,0,8,0D,A9,00,00,00,00,00,00,
3067284,1081827E,true,Rx,0,8,26,9D,00,00,00,00,00,00,
3067740,108182FE,true,Tx,0,8,0E,A9,00,00,00,00,00,00,
3068916,108182FE,true,Tx,0,8,0F,A9,00,00,00,00,00,00,
3069607,1081827E,true,Rx,0,8,27,9D,00,00,00,00,00,00,
3070283,108182FE,true,Tx,0,8,00,AA,00,00,00,00,00,00,
3071943,1081827E,true,Rx,0,8,28,9D,00,00,00,00,00,00,
3071454,108182FE,true,Tx,0,8,01,AA,00,00,00,00,00,00,
3072564,108182FE,true,Tx,0,8,02,AA,00,00,00,00,00,00,
3074235,1081827E,true,Rx,0,8,29,9D,00,00,00,00,00,00,
3073750,108182FE,true,Tx,0,8,03,AA,00,00,00,00,00,00,
3074827,108182FE,true,Tx,0,8,04,AA,00,00,00,00,00,00,
3076537,1081827E,true,Rx,0,8,2A,9D,00,00,00,00,00,00,
3076253,108182FE,true,Tx,0,8,05,AA,00,00,00,00,00,00,
3077612,108182FE,true,Tx,0,8,06,AA,00,00,00,00,00,00,
3078842,108182FE,true,Tx,0,8,07,AA,00,00,00,00,00,00,
3080053,1081827E,true,Rx,0,8,2C,9D,00,00,00,00,00,00,
3080054,1081827E,true,Rx,0,8,2D,9D,00,00,00,00,00,00,
3080031,108182FE,true,Tx,0,8,08,AA,00,00,00,00,00,00,
3081195,108182FE,true,Tx,0,8,09,AA,00,00,00,00,00,00,
3082397,108182FE,true,Tx,0,8,0A,AA,00,00,00,00,00,00,
3083536,1081827E,true,Rx,0,8,2F,9D,00,00,00,00,00,00,
3083581,108182FE,true,Tx,0,8,0B,AA,00,00,00,00,00,00,
3084709,108182FE,true,Tx,0,8,0C,AA,00,00,00,00,00,00,
3085828,1081827E,true,Rx,0,8,21,9E,00,00,00,00,00,00,
3085866,108182FE,true,Tx,0,8,0D,AA,00,00,00,00,00,00,
3086999,108182FE,true,Tx,0,8,0E,AA,00,00,00,00,00,00,
3088171,1081827E,true,Rx,0,8,22,9E,00,00,00,00,00,00,
3088148,108182FE,true,Tx,0,8,0F,AA,00,00,00,00,00,00,
3089296,108182FE,true,Tx,0,8,00,AB,00,00,00,00,00,00,
3090471,1081827E,true,Rx,0,8,24,9E,00,00,00,00,00,00,
3090514,108182FE,true,Tx,0,8,01,AB,00,00,00,00,00,00,
3091766,108182FE,true,Tx,0,8,02,AB,00,00,00,00,00,00,
3092831,1081827E,true,Rx,0,8,26,9E,00,00,00,00,00,00,
3093676,108182FE,true,Tx,0,8,03,AB,00,00,00,00,00,00,
3095112,1081827E,true,Rx,0,8,28,9E,00,00,00,00,00,00,
3094917,108182FE,true,Tx,0,8,04,AB,00,00,00,00,00,00,
3096182,108182FE,true,Tx,0,8,05,AB,00,00,00,00,00,00,
3097427,1081827E,true,Rx,0,8,29,9E,00,00,00,00,00,00,
3097742,108182FE,true,Tx,0,8,06,AB,00,00,00,00,00,00,
3098913,108182FE,true,Tx,0,8,07,AB,00,00,00,00,00,00,
3099756,1081827E,true,Rx,0,8,2B,9E,00,00,00,00,00,00,
3100103,108182FE,true,Tx,0,8,08,AB,00,00,00,00,00,00,
3101246,108182FE,true,Tx,0,8,09,AB,00,00,00,00,00,00,
3102111,1081827E,true,Rx,0,8,2D,9E,00,00,00,00,00,00,
3102440,108182FE,true,Tx,0,8,0A,AB,00,00,00,00,00,00,
3103732,108182FE,true,Tx,0,8,0B,AB,00,00,00,00,00,00,
3104471,1081827E,true,Rx,0,8,2F,9E,00,00,00,00,00,00,
3105059,108182FE,true,Tx,0,8,0C,AB,00,00,00,00,00,00,
3106210,108182FE,true,Tx,0,8,0D,AB,00,00,00,00,00,00,
3106771,1081827E,true,Rx,0,8,20,9F,00,00,00,00,00,00,
3107354,108182FE,true,Tx,0,8,0E,AB,00,00,00,00,00,00,
3109116,1081827E,true,Rx,0,8,22,9F,00,00,00,00,00,00,
3108768,108182FE,true,Tx,0,8,0F,AB,00,00,00,00,00,00,
3110179,108182FE,true,Tx,0,8,00,AC,00,00,00,00,00,00,
3111436,1081827E,true,Rx,0,8,25,9F,00,00,00,00,00,00,
3111765,108182FE,true,Tx,0,8,01,AC,00,00,00,00,00,00,
3113764,1081827E,true,Rx,0,8,26,9F,00,00,00,00,00,00,
3113219,108182FE,true,Tx,0,8,02,AC,00,00,00,00,00,00,
3114667,108182FE,true,Tx,0,8,03,AC,00,00,00,00,00,00,
3116112,1081827E,true,Rx,0,8,27,9F,00,00,00,00,00,00,
3115861,108182FE,true,Tx,0,8,04,AC,00,00,00,00,00,00,
3117061,108182FE,true,Tx,0,8,05,AC,00,00,00,00,00,00,
3118432,1081827E,true,Rx,0,8,29,9F,00,00,00,00,00,00,
3118308,108182FE,true,Tx,0,8,06,AC,00,00,00,00,00,00,
3119517,108182FE,true,Tx,0,8,07,AC,00,00,00,00,00,00,
3120768,1081827E,true,Rx,0,8,2B,9F,00,00,00,00,00,00,
3120750,108182FE,true,Tx,0,8,08,AC,00,00,00,00,00,00,
3121949,108182FE,true,Tx,0,8,09,AC,00,00,00,00,00,00,
3123111,1081827E,true,Rx,0,8,2E,9F,00,00,00,00,00,00,
3123401,108182FE,true,Tx,0,8,0A,AC,00,00,00,00,00,00,
3125432,1081827E,true,Rx,0,8,2F,9F,00,00,00,00,00,00,
3125114,108182FE,true,Tx,0,8,0B,AC,00,00,00,00,00,00,
3127000,108182FE,true,Tx,0,8,0C,AC,00,00,00,00,00,00,
3127709,1081827E,true,Rx,0,8,01,A0,93,F7,93,F7,93,F7,
3128581,108182FE,true,Tx,0,8,0D,AC,00,00,00,00,00,00,
3130052,1081827E,true,Rx,0,8,23,A0,00,00,00,00,00,00,
3130183,108182FE,true,Tx,0,8,0E,AC,00,00,00,00,00,00,
3131537,108182FE,true,Tx,0,8,0F,AC,00,00,00,00,00,00,
3132433,1081827E,true,Rx,0,8,24,A0,00,00,00,00,00,00,
3132897,108182FE,true,Tx,0,8,00,AD,00,00,00,00,00,00,
3134719,1081827E,true,Rx,0,8,26,A0,00,00,00,00,00,00,
3134240,108182FE,true,Tx,0,8,01,AD,00,00,00,00,00,00,
3135512,108182FE,true,Tx,0,8,02,AD,00,00,00,00,00,00,
3137054,1081827E,true,Rx,0,8,28,A0,00,00,00,00,00,00,
3136838,108182FE,true,Tx,0,8,03,AD,00,00,00,00,00,00,
3138104,108182FE,true,Tx,0,8,04,AD,00,00,00,00,00,00,
3139432,1081827E,true,Rx,0,8,2A,A0,00,00,00,00,00,00,
3139497,108182FE,true,Tx,0,8,05,AD,00,00,00,00,00,00,
3141025,108182FE,true,Tx,0,8,06,AD,00,00,00,00,00,00,
3141719,1081827E,true,Rx,0,8,2C,A0,00,00,00,00,00,00,
3143137,108182FE,true,Tx,0,8,07,AD,00,00,00,00,00,00,
3144003,1081827E,true,Rx,0,8,2E,A0,00,00,00,00,00,00,
3144494,108182FE,true,Tx,0,8,08,AD,00,00,00,00,00,00,
3145779,108182FE,true,Tx,0,8,09,AD,00,00,00,00,00,00,
3146421,1081827E,true,Rx,0,8,20,A1,00,00,00,00,00,00,
3147152,108182FE,true,Tx,0,8,0A,AD,00,00,00,00,00,00,
3148658,1081827E,true,Rx,0,8,22,A1,00,00,00,00,00,00,
3148410,108182FE,true,Tx,0,8,0B,AD,00,00,00,00,00,00,
3149584,108182FE,true,Tx,0,8,0C,AD,00,00,00,00,00,00,
3150992,1081827E,true,Rx,0,8,24,A1,00,00,00,00,00,00,
3151286,108182FE,true,Tx,0,8,0D,AD,00,00,00,00,00,00,
3152387,108182FE,true,Tx,0,8,0E,AD,00,00,00,00,00,00,
3153289,1081827E,true,Rx,0,8,26,A1,00,00,00,00,00,00,
3153533,108182FE,true,Tx,0,8,0F,AD,00,00,00,00,00,00,
3154607,108182FE,true,Tx,0,8,00,AE,00,00,00,00,00,00,
3155596,1081827E,true,Rx,0,8,28,A1,00,00,00,00,00,00,
3155772,108182FE,true,Tx,0,8,01,AE,00,00,00,00,00,00,
3156853,108182FE,true,Tx,0,8,02,AE,00,00,00,00,00,00,
3157882,1081827E,true,Rx,0,8,2A,A1,00,00,00,00,00,00,
3158012,108182FE,true,Tx,0,8,03,AE,00,00,00,00,00,00,
3159397,108182FE,true,Tx,0,8,04,AE,00,00,00,00,00,00,
3160228,1081827E,true,Rx,0,8,2C,A1,00,00,00,00,00,00,
3160860,108182FE,true,Tx,0,8,05,AE,00,00,00,00,00,00,
3162535,1081827E,true,Rx,0,8,2E,A1,00,00,00,00,00,00,
3162080,108182FE,true,Tx,0,8,06,AE,00,00,00,00,00,00,
3163204,108182FE,true,Tx,0,8,07,AE,00,00,00,00,00,00,
3164879,1081827E,true,Rx,0,8,2F,A1,00,00,00,00,00,00,
3164439,108182FE,true,Tx,0,8,08,AE,00,00,00,00,00,00,
3165548,108182FE,true,Tx,0,8,09,AE,00,00,00,00,00,00,
3167229,1081827E,true,Rx,0,8,21,A2,00,00,00,00,00,00,
3166721,108182FE,true,Tx,0,8,0A,AE,00,00,00,00,00,00,
3167872,108182FE,true,Tx,0,8,0B,AE,00,00,00,00,00,00,
3169537,1081827E,true,Rx,0,8,23,A2,00,00,00,00,00,00,
3169052,108182FE,true,Tx,0,8,0C,AE,00,00,00,00,00,00,
3170208,108182FE,true,Tx,0,8,0D,AE,00,00,00,00,00,00,
3171832,1081827E,true,Rx,0,8,25,A2,00,00,00,00,00,00,
3171381,108182FE,true,Tx,0,8,0E,AE,00,00,00,00,00,00,
3172534,108182FE,true,Tx,0,8,0F,AE,00,00,00,00,00,00,
3174185,1081827E,true,Rx,0,8,27,A2,00,00,00,00,00,00,
3173784,108182FE,true,Tx,0,8,00,AF,00,00,00,00,00,00,
3175450,108182FE,true,Tx,0,8,01,AF,00,00,00,00,00,00,
3176540,1081827E,true,Rx,0,8,29,A2,00,00,00,00,00,00,
3177882,108182FE,true,Tx,0,8,02,AF,00,00,00,00,00,00,
3178836,1081827E,true,Rx,0,8,2B,A2,00,00,00,00,00,00,
3180179,108182FE,true,Tx,0,8,03,AF,00,00,00,00,00,00,
3181122,1081827E,true,Rx,0,8,2C,A2,00,00,00,00,00,00,
3182388,108182FE,true,Tx,0,8,04,AF,00,00,00,00,00,00,
3183473,1081827E,true,Rx,0,8,2E,A2,00,00,00,00,00,00,
3184662,108182FE,true,Tx,0,8,05,AF,00,00,00,00,00,00,
3185778,1081827E,true,Rx,0,8,20,A3,00,00,00,00,00,00,
3186879,108182FE,true,Tx,0,8,06,AF,00,00,00,00,00,00,
3188060,1081827E,true,Rx,0,8,22,A3,00,00,00,00,00,00,
3189072,108182FE,true,Tx,0,8,07,AF,00,00,00,00,00,00,
3190433,1081827E,true,Rx,0,8,24,A3,00,00,00,00,00,00,
3191380,108182FE,true,Tx,0,8,08,AF,00,00,00,00,00,00,
3192715,1081827E,true,Rx,0,8,26,A3,00,00,00,00,00,00,
3193674,108182FE,true,Tx,0,8,09,AF,00,00,00,00,00,00,
3194998,1081827E,true,Rx,0,8,28,A3,00,00,00,00,00,00,
3194936,108182FE,true,Tx,0,8,0A,AF,00,00,00,00,00,00,
3196153,108182FE,true,Tx,0,8,0B,AF,00,00,00,00,00,00,
3197288,1081827E,true,Rx,0,8,2A,A3,00,00,00,00,00,00,
3197375,108182FE,true,Tx,0,8,0C,AF,00,00,00,00,00,00,
3198597,108182FE,true,Tx,0,8,0D,AF,00,00,00,00,00,00,
3199652,1081827E,true,Rx,0,8,2C,A3,00,00,00,00,00,00,
3199837,108182FE,true,Tx,0,8,0E,AF,00,00,00,00,00,00,
3201064,108182FE,true,Tx,0,8,0F,AF,00,00,00,00,00,00,
3201949,1081827E,true,Rx,0,8,2E,A3,00,00,00,00,00,00,
3202321,108182FE,true,Tx,0,8,00,B0,00,00,00,00,00,00,
3204292,1081827E,true,Rx,0,8,20,A4,00,00,00,00,00,00,
3203750,108182FE,true,Tx,0,8,01,B0,00,00,00,00,00,00,
3204996,108182FE,true,Tx,0,8,02,B0,00,00,00,00,00,00,
3206661,1081827E,true,Rx,0,8,22,A4,00,00,00,00,00,00,
3206323,108182FE,true,Tx,0,8,03,B0,00,00,00,00,00,00,
3207549,108182FE,true,Tx,0,8,04,B0,00,00,00,00,00,00,
3208942,1081827E,true,Rx,0,8,26,A4,00,00,00,00,00,00,
3209376,108182FE,true,Tx,0,8,05,B0,00,00,00,00,00,00,
3210604,108182FE,true,Tx,0,8,06,B0,00,00,00,00,00,00,
3211282,1081827E,true,Rx,0,8,27,A4,00,00,00,00,00,00,
3211878,108182FE,true,Tx,0,8,07,B0,00,00,00,00,00,00,
3213595,1081827E,true,Rx,0,8,28,A4,00,00,00,00,00,00,
3213102,108182FE,true,Tx,0,8,08,B0,00,00,00,00,00,00,
3214287,108182FE,true,Tx,0,8,09,B0,00,00,00,00,00,00,
3215522,108182FE,true,Tx,0,8,0A,B0,00,00,00,00,00,00,
3217114,1081827E,true,Rx,0,8,2A,A4,00,00,00,00,00,00,
3217115,1081827E,true,Rx,0,8,2C,A4,00,00,00,00,00,00,
3216784,108182FE,true,Tx,0,8,0B,B0,00,00,00,00,00,00,
3217987,108182FE,true,Tx,0,8,0C,B0,00,00,00,00,00,00,
3221740,1081827E,true,Rx,0,8,2E,A4,00,00,00,00,00,00,
3221741,1081827E,true,Rx,0,8,20,A5,00,00,00,00,00,00,
3225230,1081827E,true,Rx,0,8,22,A5,00,00,00,00,00,00,
3227541,1081827E,true,Rx,0,8,24,A5,00,00,00,00,00,00,
3229827,1081827E,true,Rx,0,8,26,A5,00,00,00,00,00,00,
3231410,108182FE,true,Tx,0,8,0D,B0,00,00,00,00,00,00,
3232179,1081827E,true,Rx,0,8,27,A5,00,00,00,00,00,00,
3234483,1081827E,true,Rx,0,8,29,A5,00,00,00,00,00,00,
3236768,1081827E,true,Rx,0,8,2C,A5,00,00,00,00,00,00,
3239117,1081827E,true,Rx,0,8,2D,A5,00,00,00,00,00,00,
3242538,1081827E,true,Rx,0,8,2F,A5,00,00,00,00,00,00,
3242538,1081827E,true,Rx,0,8,01,A6,7A,04,7A,04,7A,04,
3246000,1081827E,true,Rx,0,8,22,A6,00,00,00,00,00,00,
3247241,108182FE,true,Tx,0,8,0E,B0,00,00,00,00,00,00,
3248428,1081827E,true,Rx,0,8,24,A6,00,00,00,00,00,00,
3250655,1081827E,true,Rx,0,8,26,A6,00,00,00,00,00,00,
3253008,1081827E,true,Rx,0,8,28,A6,00,00,00,00,00,00,
3255292,1081827E,true,Rx,0,8,2A,A6,00,00,00,00,00,00,
3257601,1081827E,true,Rx,0,8,2B,A6,00,00,00,00,00,00,
3259958,1081827E,true,Rx,0,8,2C,A6,00,00,00,00,00,00,
3260618,108182FE,true,Tx,0,8,0F,B0,00,00,00,00,00,00,
3262242,1081827E,true,Rx,0,8,2D,A6,00,00,00,00,00,00,
3264571,1081827E,true,Rx,0,8,2E,A6,00,00,00,00,00,00,
3264103,108182FE,true,Tx,0,8,00,B1,00,00,00,00,00,00,
3266237,108182FE,true,Tx,0,8,01,B1,00,00,00,00,00,00,
3266884,1081827E,true,Rx,0,8,2F,A6,00,00,00,00,00,00,
3267442,108182FE,true,Tx,0,8,02,B1,00,00,00,00,00,00,
3268791,108182FE,true,Tx,0,8,03,B1,00,00,00,00,00,00,
3270331,1081827E,true,Rx,0,8,20,A7,00,00,00,00,00,00,
3270332,1081827E,true,Rx,0,8,01,A7,B4,D0,B4,D0,B4,D0,
3270043,108182FE,true,Tx,0,8,04,B1,00,00,00,00,00,00,
3271244,108182FE,true,Tx,0,8,05,B1,00,00,00,00,00,00,
3272440,108182FE,true,Tx,0,8,06,B1,00,00,00,00,00,00,
3273773,1081827E,true,Rx,0,8,22,A7,00,00,00,00,00,00,
3273737,108182FE,true,Tx,0,8,07,B1,00,00,00,00,00,00,
3274998,108182FE,true,Tx,0,8,08,B1,00,00,00,00,00,00,
3276115,1081827E,true,Rx,0,8,23,A7,00,00,00,00,00,00,
3276701,108182FE,true,Tx,0,8,09,B1,00,00,00,00,00,00,
3278442,1081827E,true,Rx,0,8,24,A7,00,00,00,00,00,00,
3279038,108182FE,true,Tx,0,8,0A,B1,00,00,00,00,00,00,
3280706,1081827E,true,Rx,0,8,25,A7,00,00,00,00,00,00,
3280801,108182FE,true,Tx,0,8,0B,B1,00,00,00,00,00,00,
3282126,108182FE,true,Tx,0,8,0C,B1,00,00,00,00,00,00,
3283344,108182FE,true,Tx,0,8,0D,B1,00,00,00,00,00,00,
3284167,1081827E,true,Rx,0,8,26,A7,00,00,00,00,00,00,
3284167,1081827E,true,Rx,0,8,27,A7,00,00,00,00,00,00,
3284577,108182FE,true,Tx,0,8,0E,B1,00,00,00,00,00,00,
3285756,108182FE,true,Tx,0,8,0F,B1,00,00,00,00,00,00,
3286936,108182FE,true,Tx,0,8,00,B2,00,00,00,00,00,00,
3287655,1081827E,true,Rx,0,8,28,A7,00,00,00,00,00,00,
3288108,108182FE,true,Tx,0,8,01,B2,00,00,00,00,00,00,
3289211,108182FE,true,Tx,0,8,02,B2,00,00,00,00,00,00,
3290003,1081827E,true,Rx,0,8,29,A7,00,00,00,00,00,00,
3290374,108182FE,true,Tx,0,8,03,B2,00,00,00,00,00,00,
3291469,108182FE,true,Tx,0,8,04,B2,00,00,00,00,00,00,
3292288,1081827E,true,Rx,0,8,2A,A7,00,00,00,00,00,00,
3292902,108182FE,true,Tx,0,8,05,B2,00,00,00,00,00,00,
3294614,1081827E,true,Rx,0,8,2B,A7,00,00,00,00,00,00,
3294334,108182FE,true,Tx,0,8,06,B2,00,00,00,00,00,00,
3295537,108182FE,true,Tx,0,8,07,B2,00,00,00,00,00,00,
3296944,1081827E,true,Rx,0,8,2C,A7,00,00,00,00,00,00,
3296689,108182FE,true,Tx,0,8,08,B2,00,00,00,00,00,00,
3297815,108182FE,true,Tx,0,8,09,B2,00,00,00,00,00,00,
3299225,1081827E,true,Rx,0,8,2D,A7,00,00,00,00,00,00,
3298927,108182FE,true,Tx,0,8,0A,B2,00,00,00,00,00,00,
3300426,108182FE,true,Tx,0,8,0B,B2,00,00,00,00,00,00,
3301597,1081827E,true,Rx,0,8,2E,A7,00,00,00,00,00,00,
3301562,108182FE,true,Tx,0,8,0C,B2,00,00,00,00,00,00,
3302659,108182FE,true,Tx,0,8,0D,B2,00,00,00,00,00,00,
3303893,1081827E,true,Rx,0,8,2F,A7,00,00,00,00,00,00,
3303771,108182FE,true,Tx,0,8,0E,B2,00,00,00,00,00,00,
3304875,108182FE,true,Tx,0,8,0F,B2,00,00,00,00,00,00,
3306231,1081827E,true,Rx,0,8,20,A8,00,00,00,00,00,00,
3306309,108182FE,true,Tx,0,8,00,B3,00,00,00,00,00,00,
3307578,108182FE,true,Tx,0,8,01,B3,00,00,00,00,00,00,
3308540,1081827E,true,Rx,0,8,21,A8,00,00,00,00,00,00,
3309144,108182FE,true,Tx,0,8,02,B3,00,00,00,00,00,00,
3310460,108182FE,true,Tx,0,8,03,B3,00,00,00,00,00,00,
3311734,108182FE,true,Tx,0,8,04,B3,00,00,00,00,00,00,
3313229,1081827E,true,Rx,0,8,22,A8,00,00,00,00,00,00,
3313230,1001117E,true,Rx,0,8,00,01,00,00,00,00,00,00,
3313230,1081827E,true,Rx,0,8,23,A8,00,00,00,00,00,00,
3313078,108182FE,true,Tx,0,8,05,B3,00,00,00,00,00,00,
3314321,108182FE,true,Tx,0,8,06,B3,00,00,00,00,00,00,
3315601,108182FE,true,Tx,0,8,07,B3,00,00,00,00,00,00,
3316712,1081827E,true,Rx,0,8,24,A8,00,00,00,00,00,00,
3316905,108182FE,true,Tx,0,8,08,B3,00,00,00,00,00,00,
3318080,108182FE,true,Tx,0,8,09,B3,00,00,00,00,00,00,
3319057,1081827E,true,Rx,0,8,25,A8,00,00,00,00,00,00,
3319283,108182FE,true,Tx,0,8,0A,B3,00,00,00,00,00,00,
3320443,108182FE,true,Tx,0,8,0B,B3,00,00,00,00,00,00,
3321600,108182FE,true,Tx,0,8,0C,B3,00,00,00,00,00,00,
3322539,1081827E,true,Rx,0,8,26,A8,00,00,00,00,00,00,
3322540,1081827E,true,Rx,0,8,27,A8,00,00,00,00,00,00,
3323128,108182FE,true,Tx,0,8,0D,B3,00,00,00,00,00,00,
3324513,108182FE,true,Tx,0,8,0E,B3,00,00,00,00,00,00,
3326001,1081827E,true,Rx,0,8,29,A8,00,00,00,00,00,00,
3326214,108182FE,true,Tx,0,8,0F,B3,00,00,00,00,00,00,
3327432,108182FE,true,Tx,0,8,00,B4,00,00,00,00,00,00,
3328430,1081827E,true,Rx,0,8,2B,A8,00,00,00,00,00,00,
3328639,108182FE,true,Tx,0,8,01,B4,00,00,00,00,00,00,
3329795,108182FE,true,Tx,0,8,02,B4,00,00,00,00,00,00,
3330649,1081827E,true,Rx,0,8,2C,A8,00,00,00,00,00,00,
3330957,108182FE,true,Tx,0,8,03,B4,00,00,00,00,00,00,
3332111,108182FE,true,Tx,0,8,04,B4,00,00,00,00,00,00,
3333021,1081827E,true,Rx,0,8,2E,A8,00,00,00,00,00,00,
3333263,108182FE,true,Tx,0,8,05,B4,00,00,00,00,00,00,
3334369,108182FE,true,Tx,0,8,06,B4,00,00,00,00,00,00,
3335293,1081827E,true,Rx,0,8,20,A9,00,00,00,00,00,00,
3335527,108182FE,true,Tx,0,8,07,B4,00,00,00,00,00,00,
3336673,108182FE,true,Tx,0,8,08,B4,00,00,00,00,00,00,
3337599,1081827E,true,Rx,0,8,22,A9,00,00,00,00,00,00,
3337814,108182FE,true,Tx,0,8,09,B4,00,00,00,00,00,00,
3338938,108182FE,true,Tx,0,8,0A,B4,00,00,00,00,00,00,
3339946,1081827E,true,Rx,0,8,24,A9,00,00,00,00,00,00,
3340112,108182FE,true,Tx,0,8,0B,B4,00,00,00,00,00,00,
3341429,108182FE,true,Tx,0,8,0C,B4,00,00,00,00,00,00,
3342226,1081827E,true,Rx,0,8,25,A9,00,00,00,00,00,00,
3343316,108182FE,true,Tx,0,8,0D,B4,00,00,00,00,00,00,
3344540,1081827E,true,Rx,0,8,27,A9,00,00,00,00,00,00,
3344785,108182FE,true,Tx,0,8,0E,B4,00,00,00,00,00,00,
3346020,108182FE,true,Tx,0,8,0F,B4,00,00,00,00,00,00,
3346891,1081827E,true,Rx,0,8,28,A9,00,00,00,00,00,00,
3347206,108182FE,true,Tx,0,8,00,B5,00,00,00,00,00,00,
3348361,108182FE,true,Tx,0,8,01,B5,00,00,00,00,00,00,
3349177,1081827E,true,Rx,0,8,2A,A9,00,00,00,00,00,00,
3349828,108182FE,true,Tx,0,8,02,B5,00,00,00,00,00,00,
3351540,1081827E,true,Rx,0,8,2C,A9,00,00,00,00,00,00,
3351266,108182FE,true,Tx,0,8,03,B5,00,00,00,00,00,00,
3352568,108182FE,true,Tx,0,8,04,B5,00,00,00,00,00,00,
3353829,1081827E,true,Rx,0,8,2E,A9,00,00,00,00,00,00,
3353875,108182FE,true,Tx,0,8,05,B5,00,00,00,00,00,00,
3355091,108182FE,true,Tx,0,8,06,B5,00,00,00,00,00,00,
3356171,1081827E,true,Rx,0,8,20,AA,00,00,00,00,00,00,
3356311,108182FE,true,Tx,0,8,07,B5,00,00,00,00,00,00,
3357526,108182FE,true,Tx,0,8,08,B5,00,00,00,00,00,00,
3358475,1081827E,true,Rx,0,8,21,AA,00,00,00,00,00,00,
3359119,108182FE,true,Tx,0,8,09,B5,00,00,00,00,00,00,
3360822,1081827E,true,Rx,0,8,23,AA,00,00,00,00,00,00,
3360522,108182FE,true,Tx,0,8,0A,B5,00,00,00,00,00,00,
3361767,108182FE,true,Tx,0,8,0B,B5,00,00,00,00,00,00,
3363106,1081827E,true,Rx,0,8,25,AA,00,00,00,00,00,00,
3363085,108182FE,true,Tx,0,8,0C,B5,00,00,00,00,00,00,
3364263,108182FE,true,Tx,0,8,0D,B5,00,00,00,00,00,00,
3365439,1081827E,true,Rx,0,8,28,AA,00,00,00,00,00,00,
3365587,108182FE,true,Tx,0,8,0E,B5,00,00,00,00,00,00,
3366876,108182FE,true,Tx,0,8,0F,B5,00,00,00,00,00,00,
3367771,1081827E,true,Rx,0,8,29,AA,00,00,00,00,00,00,
3368100,108182FE,true,Tx,0,8,00,B6,00,00,00,00,00,00,
3369348,108182FE,true,Tx,0,8,01,B6,00,00,00,00,00,00,
3370117,1081827E,true,Rx,0,8,2B,AA,00,00,00,00,00,00,
3370564,108182FE,true,Tx,0,8,02,B6,00,00,00,00,00,00,
3371737,108182FE,true,Tx,0,8,03,B6,00,00,00,00,00,00,
3372434,1081827E,true,Rx,0,8,2D,AA,00,00,00,00,00,00,
3372853,108182FE,true,Tx,0,8,04,B6,00,00,00,00,00,00,
3374007,108182FE,true,Tx,0,8,05,B6,00,00,00,00,00,00,
3374718,1081827E,true,Rx,0,8,2F,AA,00,00,00,00,00,00,
3375115,108182FE,true,Tx,0,8,06,B6,00,00,00,00,00,00,
3376631,108182FE,true,Tx,0,8,07,B6,00,00,00,00,00,00,
3378174,1081827E,true,Rx,0,8,21,AB,00,00,00,00,00,00,
3378174,1081827E,true,Rx,0,8,23,AB,00,00,00,00,00,00,
3378447,108182FE,true,Tx,0,8,08,B6,00,00,00,00,00,00,
3379612,108182FE,true,Tx,0,8,09,B6,00,00,00,00,00,00,
3380743,108182FE,true,Tx,0,8,0A,B6,00,00,00,00,00,00,
3381658,1081827E,true,Rx,0,8,24,AB,00,00,00,00,00,00,
3381879,108182FE,true,Tx,0,8,0B,B6,00,00,00,00,00,00,
3382980,108182FE,true,Tx,0,8,0C,B6,00,00,00,00,00,00,
3383948,1081827E,true,Rx,0,8,26,AB,00,00,00,00,00,00,
3384083,108182FE,true,Tx,0,8,0D,B6,00,00,00,00,00,00,
3385201,108182FE,true,Tx,0,8,0E,B6,00,00,00,00,00,00,
3386287,1081827E,true,Rx,0,8,28,AB,00,00,00,00,00,00,
3386325,108182FE,true,Tx,0,8,0F,B6,00,00,00,00,00,00,
3387444,108182FE,true,Tx,0,8,00,B7,00,00,00,00,00,00,
3388607,108182FE,true,Tx,0,8,01,B7,00,00,00,00,00,00,
3389781,1081827E,true,Rx,0,8,2A,AB,00,00,00,00,00,00,
3389782,1081827E,true,Rx,0,8,2C,AB,00,00,00,00,00,00,
3389728,108182FE,true,Tx,0,8,02,B7,00,00,00,00,00,00,
3390858,108182FE,true,Tx,0,8,03,B7,00,00,00,00,00,00,
3392221,108182FE,true,Tx,0,8,04,B7,00,00,00,00,00,00,
3393225,1081827E,true,Rx,0,8,2D,AB,00,00,00,00,00,00,
3393699,108182FE,true,Tx,0,8,05,B7,00,00,00,00,00,00,
3395553,1081827E,true,Rx,0,8,2F,AB,00,00,00,00,00,00,
3395040,108182FE,true,Tx,0,8,06,B7,00,00,00,00,00,00,
3396207,108182FE,true,Tx,0,8,07,B7,00,00,00,00,00,00,
3397884,1081827E,true,Rx,0,8,21,AC,00,00,00,00,00,00,
3397383,108182FE,true,Tx,0,8,08,B7,00,00,00,00,00,00,
3398579,108182FE,true,Tx,0,8,09,B7,00,00,00,00,00,00,
3400238,1081827E,true,Rx,0,8,22,AC,00,00,00,00,00,00,
3399765,108182FE,true,Tx,0,8,0A,B7,00,00,00,00,00,00,
3401022,108182FE,true,Tx,0,8,0B,B7,00,00,00,00,00,00,
3402541,1081827E,true,Rx,0,8,24,AC,00,00,00,00,00,00,
3402287,108182FE,true,Tx,0,8,0C,B7,00,00,00,00,00,00,
3403556,108182FE,true,Tx,0,8,0D,B7,00,00,00,00,00,00,
3404887,1081827E,true,Rx,0,8,26,AC,00,00,00,00,00,00,
3404755,108182FE,true,Tx,0,8,0E,B7,00,00,00,00,00,00,
3405958,108182FE,true,Tx,0,8,0F,B7,00,00,00,00,00,00,
3407120,108182FE,true,Tx,0,8,00,B8,00,00,00,00,00,00,
3408432,1081827E,true,Rx,0,8,28,AC,00,00,00,00,00,00,
3408433,1081827E,true,Rx,0,8,2A,AC,00,00,00,00,00,00,
3408335,108182FE,true,Tx,0,8,01,B8,00,00,00,00,00,00,
3409649,108182FE,true,Tx,0,8,02,B8,00,00,00,00,00,00,
3410800,108182FE,true,Tx,0,8,03,B8,00,00,00,00,00,00,
3411825,1081827E,true,Rx,0,8,2B,AC,00,00,00,00,00,00,
3411987,108182FE,true,Tx,0,8,04,B8,00,00,00,00,00,00,
3413099,108182FE,true,Tx,0,8,05,B8,00,00,00,00,00,00,
3414171,1081827E,true,Rx,0,8,2D,AC,00,00,00,00,00,00,
3414370,108182FE,true,Tx,0,8,06,B8,00,00,00,00,00,00,
3415516,108182FE,true,Tx,0,8,07,B8,00,00,00,00,00,00,
3416474,1081827E,true,Rx,0,8,2E,AC,00,00,00,00,00,00,
3416674,108182FE,true,Tx,0,8,08,B8,00,00,00,00,00,00,
3417795,108182FE,true,Tx,0,8,09,B8,00,00,00,00,00,00,
3418824,1081827E,true,Rx,0,8,20,AD,00,00,00,00,00,00,
3418960,108182FE,true,Tx,0,8,0A,B8,00,00,00,00,00,00,
3420092,108182FE,true,Tx,0,8,0B,B8,00,00,00,00,00,00,
3421122,1081827E,true,Rx,0,8,21,AD,00,00,00,00,00,00,
3421293,108182FE,true,Tx,0,8,0C,B8,00,00,00,00,00,00,
3422424,108182FE,true,Tx,0,8,0D,B8,00,00,00,00,00,00,
3423434,1081827E,true,Rx,0,8,23,AD,00,00,00,00,00,00,
3423630,108182FE,true,Tx,0,8,0E,B8,00,00,00,00,00,00,
3424833,108182FE,true,Tx,0,8,0F,B8,00,00,00,00,00,00,
3425772,1081827E,true,Rx,0,8,25,AD,00,00,00,00,00,00,
3426450,108182FE,true,Tx,0,8,00,B9,00,00,00,00,00,00,
3428117,1081827E,true,Rx,0,8,27,AD,00,00,00,00,00,00,
3427793,108182FE,true,Tx,0,8,01,B9,00,00,00,00,00,00,
3428985,108182FE,true,Tx,0,8,02,B9,00,00,00,00,00,00,
3430434,1081827E,true,Rx,0,8,28,AD,00,00,00,00,00,00,
3430183,108182FE,true,Tx,0,8,03,B9,00,00,00,00,00,00,
3431341,108182FE,true,Tx,0,8,04,B9,00,00,00,00,00,00,
3432714,1081827E,true,Rx,0,8,2A,AD,00,00,00,00,00,00,
3432507,108182FE,true,Tx,0,8,05,B9,00,00,00,00,00,00,
3433660,108182FE,true,Tx,0,8,06,B9,00,00,00,00,00,00,
3435056,1081827E,true,Rx,0,8,2B,AD,00,00,00,00,00,00,
3434810,108182FE,true,Tx,0,8,07,B9,00,00,00,00,00,00,
3435956,108182FE,true,Tx,0,8,08,B9,00,00,00,00,00,00,
3437432,1081827E,true,Rx,0,8,2D,AD,00,00,00,00,00,00,
3437120,108182FE,true,Tx,0,8,09,B9,00,00,00,00,00,00,
3438328,108182FE,true,Tx,0,8,0A,B9,00,00,00,00,00,00,
3439718,1081827E,true,Rx,0,8,2F,AD,00,00,00,00,00,00,
3439491,108182FE,true,Tx,0,8,0B,B9,00,00,00,00,00,00,
3440645,108182FE,true,Tx,0,8,0C,B9,00,00,00,00,00,00,
3442007,1081827E,true,Rx,0,8,21,AE,00,00,00,00,00,00,
3441866,108182FE,true,Tx,0,8,0D,B9,00,00,00,00,00,00,
3443443,108182FE,true,Tx,0,8,0E,B9,00,00,00,00,00,00,
3444433,1081827E,true,Rx,0,8,23,AE,00,00,00,00,00,00,
3445022,108182FE,true,Tx,0,8,0F,B9,00,00,00,00,00,00,
3446650,1081827E,true,Rx,0,8,25,AE,00,00,00,00,00,00,
3446202,108182FE,true,Tx,0,8,00,BA,00,00,00,00,00,00,
3447407,108182FE,true,Tx,0,8,01,BA,00,00,00,00,00,00,
3449002,1081827E,true,Rx,0,8,26,AE,00,00,00,00,00,00,
3448647,108182FE,true,Tx,0,8,02,BA,00,00,00,00,00,00,
3449821,108182FE,true,Tx,0,8,03,BA,00,00,00,00,00,00,
3451290,1081827E,true,Rx,0,8,28,AE,00,00,00,00,00,00,
3450957,108182FE,true,Tx,0,8,04,BA,00,00,00,00,00,00,
3452101,108182FE,true,Tx,0,8,05,BA,00,00,00,00,00,00,
3453599,1081827E,true,Rx,0,8,2A,AE,00,00,00,00,00,00,
3453268,108182FE,true,Tx,0,8,06,BA,00,00,00,00,00,00,
3454377,108182FE,true,Tx,0,8,07,BA,00,00,00,00,00,00,
3455945,1081827E,true,Rx,0,8,2C,AE,00,00,00,00,00,00,
3455538,108182FE,true,Tx,0,8,08,BA,00,00,00,00,00,00,
3456697,108182FE,true,Tx,0,8,09,BA,00,00,00,00,00,00,
3458243,1081827E,true,Rx,0,8,2E,AE,00,00,00,00,00,00,
3457807,108182FE,true,Tx,0,8,0A,BA,00,00,00,00,00,00,
3458959,108182FE,true,Tx,0,8,0B,BA,00,00,00,00,00,00,
3460602,1081827E,true,Rx,0,8,20,AF,00,00,00,00,00,00,
3460468,108182FE,true,Tx,0,8,0C,BA,00,00,00,00,00,00,
3461796,108182FE,true,Tx,0,8,0D,BA,00,00,00,00,00,00,
3462944,1081827E,true,Rx,0,8,22,AF,00,00,00,00,00,00,
3463026,108182FE,true,Tx,0,8,0E,BA,00,00,00,00,00,00,
3464149,108182FE,true,Tx,0,8,0F,BA,00,00,00,00,00,00,
3465229,1081827E,true,Rx,0,8,23,AF,00,00,00,00,00,00,
3465311,108182FE,true,Tx,0,8,00,BB,00,00,00,00,00,00,
3466617,108182FE,true,Tx,0,8,01,BB,00,00,00,00,00,00,
3467543,1081827E,true,Rx,0,8,24,AF,00,00,00,00,00,00,
3468806,108182FE,true,Tx,0,8,02,BB,00,00,00,00,00,00,
3469886,1081827E,true,Rx,0,8,25,AF,00,00,00,00,00,00,
3472192,1081827E,true,Rx,0,8,26,AF,00,00,00,00,00,00,
3474475,1081827E,true,Rx,0,8,27,AF,00,00,00,00,00,00,
3476831,1081827E,true,Rx,0,8,28,AF,00,00,00,00,00,00,
3479116,1081827E,true,Rx,0,8,29,AF,00,00,00,00,00,00,
3481427,1081827E,true,Rx,0,8,2A,AF,00,00,00,00,00,00,
3483121,108182FE,true,Tx,0,8,03,BB,00,00,00,00,00,00,
3483727,1081827E,true,Rx,0,8,2C,AF,00,00,00,00,00,00,
3486064,1081827E,true,Rx,0,8,2E,AF,00,00,00,00,00,00,
3488450,1081827E,true,Rx,0,8,20,B0,00,00,00,00,00,00,
3490773,1081827E,true,Rx,0,8,21,B0,00,00,00,00,00,00,
3493068,1081827E,true,Rx,0,8,23,B0,00,00,00,00,00,00,
3495440,1081827E,true,Rx,0,8,25,B0,00,00,00,00,00,00,
3497718,1081827E,true,Rx,0,8,27,B0,00,00,00,00,00,00,
3499060,108182FE,true,Tx,0,8,04,BB,00,00,00,00,00,00,
3500058,1081827E,true,Rx,0,8,28,B0,00,00,00,00,00,00,
3500503,108182FE,true,Tx,0,8,05,BB,00,00,00,00,00,00,
3501860,108182FE,true,Tx,0,8,06,BB,00,00,00,00,00,00,
3502434,1081827E,true,Rx,0,8,2B,B0,00,00,00,00,00,00,
3503151,108182FE,true,Tx,0,8,07,BB,00,00,00,00,00,00,
3504719,1081827E,true,Rx,0,8,2C,B0,00,00,00,00,00,00,
3504443,108182FE,true,Tx,0,8,08,BB,00,00,00,00,00,00,
3505755,108182FE,true,Tx,0,8,09,BB,00,00,00,00,00,00,
3507060,1081827E,true,Rx,0,8,2D,B0,00,00,00,00,00,00,
3507017,108182FE,true,Tx,0,8,0A,BB,00,00,00,00,00,00,
3508248,108182FE,true,Tx,0,8,0B,BB,00,00,00,00,00,00,
3509433,1081827E,true,Rx,0,8,2E,B0,00,00,00,00,00,00,
3510713,108182FE,true,Tx,0,8,0C,BB,00,00,00,00,00,00,
3511709,1081827E,true,Rx,0,8,2F,B0,00,00,00,00,00,00,
3514025,1081827E,true,Rx,0,8,20,B1,00,00,00,00,00,00,
3514159,108182FE,true,Tx,0,8,0D,BB,00,00,00,00,00,00,
3516439,1081827E,true,Rx,0,8,21,B1,00,00,00,00,00,00,
3517215,108182FE,true,Tx,0,8,0E,BB,00,00,00,00,00,00,
3518648,1081827E,true,Rx,0,8,22,B1,00,00,00,00,00,00,
3518898,108182FE,true,Tx,0,8,0F,BB,00,00,00,00,00,00,
3520105,108182FE,true,Tx,0,8,00,BC,00,00,00,00,00,00,
3520946,1081827E,true,Rx,0,8,23,B1,00,00,00,00,00,00,
3522373,108182FE,true,Tx,0,8,01,BC,00,00,00,00,00,00,
3523297,1081827E,true,Rx,0,8,24,B1,00,00,00,00,00,00,
3525607,1081827E,true,Rx,0,8,25,B1,00,00,00,00,00,00,
3525131,108182FE,true,Tx,0,8,02,BC,00,00,00,00,00,00,
3526673,108182FE,true,Tx,0,8,03,BC,00,00,00,00,00,00,
3527943,1081827E,true,Rx,0,8,26,B1,00,00,00,00,00,00,
3527823,108182FE,true,Tx,0,8,04,BC,00,00,00,00,00,00,
3528961,108182FE,true,Tx,0,8,05,BC,00,00,00,00,00,00,
3530235,1081827E,true,Rx,0,8,27,B1,00,00,00,00,00,00,
3530108,108182FE,true,Tx,0,8,06,BC,00,00,00,00,00,00,
3531461,108182FE,true,Tx,0,8,07,BC,00,00,00,00,00,00,
3532573,1081827E,true,Rx,0,8,28,B1,00,00,00,00,00,00,
3533105,108182FE,true,Tx,0,8,08,BC,00,00,00,00,00,00,
3534221,108182FE,true,Tx,0,8,09,BC,00,00,00,00,00,00,
3534886,1081827E,true,Rx,0,8,29,B1,00,00,00,00,00,00,
3535423,108182FE,true,Tx,0,8,0A,BC,00,00,00,00,00,00,
3536605,108182FE,true,Tx,0,8,0B,BC,00,00,00,00,00,00,
3537175,1081827E,true,Rx,0,8,2A,B1,00,00,00,00,00,00,
3537719,108182FE,true,Tx,0,8,0C,BC,00,00,00,00,00,00,
3539476,1081827E,true,Rx,0,8,2B,B1,00,00,00,00,00,00,
3538971,108182FE,true,Tx,0,8,0D,BC,00,00,00,00,00,00,
3540388,108182FE,true,Tx,0,8,0E,BC,00,00,00,00,00,00,
3541838,1081827E,true,Rx,0,8,2C,B1,00,00,00,00,00,00,
3542096,108182FE,true,Tx,0,8,0F,BC,00,00,00,00,00,00,
3543297,108182FE,true,Tx,0,8,00,BD,00,00,00,00,00,00,
3544119,1081827E,true,Rx,0,8,2D,B1,00,00,00,00,00,00,
3544457,108182FE,true,Tx,0,8,01,BD,00,00,00,00,00,00,
3545624,108182FE,true,Tx,0,8,02,BD,00,00,00,00,00,00,
3546476,1081827E,true,Rx,0,8,2E,B1,00,00,00,00,00,00,
3546824,108182FE,true,Tx,0,8,03,BD,00,00,00,00,00,00,
3547932,108182FE,true,Tx,0,8,04,BD,00,00,00,00,00,00,
3548776,1081827E,true,Rx,0,8,2F,B1,00,00,00,00,00,00,
3549080,108182FE,true,Tx,0,8,05,BD,00,00,00,00,00,00,
3550235,108182FE,true,Tx,0,8,06,BD,00,00,00,00,00,00,
3551127,1081827E,true,Rx,0,8,20,B2,00,00,00,00,00,00,
3551397,108182FE,true,Tx,0,8,07,BD,00,00,00,00,00,00,
3552553,108182FE,true,Tx,0,8,08,BD,00,00,00,00,00,00,
3553436,1081827E,true,Rx,0,8,21,B2,00,00,00,00,00,00,
3553742,108182FE,true,Tx,0,8,09,BD,00,00,00,00,00,00,
3554856,108182FE,true,Tx,0,8,0A,BD,00,00,00,00,00,00,
3555775,1081827E,true,Rx,0,8,22,B2,00,00,00,00,00,00,
3556183,108182FE,true,Tx,0,8,0B,BD,00,00,00,00,00,00,
3558048,1081827E,true,Rx,0,8,23,B2,00,00,00,00,00,00,
3557665,108182FE,true,Tx,0,8,0C,BD,00,00,00,00,00,00,
3558799,108182FE,true,Tx,0,8,0D,BD,00,00,00,00,00,00,
3560435,1081827E,true,Rx,0,8,24,B2,00,00,00,00,00,00,
3559983,108182FE,true,Tx,0,8,0E,BD,00,00,00,00,00,00,
3561140,108182FE,true,Tx,0,8,0F,BD,00,00,00,00,00,00,
3562720,1081827E,true,Rx,0,8,25,B2,00,00,00,00,00,00,
3562300,108182FE,true,Tx,0,8,00,BE,00,00,00,00,00,00,
3563403,108182FE,true,Tx,0,8,01,BE,00,00,00,00,00,00,
3565060,1081827E,true,Rx,0,8,26,B2,00,00,00,00,00,00,
3564550,108182FE,true,Tx,0,8,02,BE,00,00,00,00,00,00,
3565640,108182FE,true,Tx,0,8,03,BE,00,00,00,00,00,00,
3566777,108182FE,true,Tx,0,8,04,BE,00,00,00,00,00,00,
3567433,1081827E,true,Rx,0,8,27,B2,00,00,00,00,00,00,
3567934,108182FE,true,Tx,0,8,05,BE,00,00,00,00,00,00,
3569721,1081827E,true,Rx,0,8,28,B2,00,00,00,00,00,00,
3569371,108182FE,true,Tx,0,8,06,BE,00,00,00,00,00,00,
3570529,108182FE,true,Tx,0,8,07,BE,00,00,00,00,00,00,
3572008,1081827E,true,Rx,0,8,29,B2,00,00,00,00,00,00,
3571778,108182FE,true,Tx,0,8,08,BE,00,00,00,00,00,00,
3573366,108182FE,true,Tx,0,8,09,BE,00,00,00,00,00,00,
3574339,1081827E,true,Rx,0,8,2A,B2,00,00,00,00,00,00,
3574810,108182FE,true,Tx,0,8,0A,BE,00,00,00,00,00,00,
3575913,108182FE,true,Tx,0,8,0B,BE,00,00,00,00,00,00,
3576659,1081827E,true,Rx,0,8,2B,B2,00,00,00,00,00,00,
3577149,108182FE,true,Tx,0,8,0C,BE,00,00,00,00,00,00,
3578247,108182FE,true,Tx,0,8,0D,BE,00,00,00,00,00,00,
3578948,1081827E,true,Rx,0,8,2C,B2,00,00,00,00,00,00,
3579414,108182FE,true,Tx,0,8,0E,BE,00,00,00,00,00,00,
3580505,108182FE,true,Tx,0,8,0F,BE,00,00,00,00,00,00,
3581296,1081827E,true,Rx,0,8,2D,B2,00,00,00,00,00,00,
3581674,108182FE,true,Tx,0,8,00,BF,00,00,00,00,00,00,
3582782,108182FE,true,Tx,0,8,01,BF,00,00,00,00,00,00,
3583596,1081827E,true,Rx,0,8,2E,B2,00,00,00,00,00,00,
3583949,108182FE,true,Tx,0,8,02,BF,00,00,00,00,00,00,
3585024,108182FE,true,Tx,0,8,03,BF,00,00,00,00,00,00,
3585950,1081827E,true,Rx,0,8,2F,B2,00,00,00,00,00,00,
3586166,108182FE,true,Tx,0,8,04,BF,00,00,00,00,00,00,
3587243,108182FE,true,Tx,0,8,05,BF,00,00,00,00,00,00,
3588239,1081827E,true,Rx,0,8,20,B3,00,00,00,00,00,00,
3588400,108182FE,true,Tx,0,8,06,BF,00,00,00,00,00,00,
3589460,108182FE,true,Tx,0,8,07,BF,00,00,00,00,00,00,
3590594,1081827E,true,Rx,0,8,21,B3,00,00,00,00,00,00,
3590808,108182FE,true,Tx,0,8,08,BF,00,00,00,00,00,00,
3592285,108182FE,true,Tx,0,8,09,BF,00,00,00,00,00,00,
3592887,1081827E,true,Rx,0,8,22,B3,00,00,00,00,00,00,
3593530,108182FE,true,Tx,0,8,0A,BF,00,00,00,00,00,00,
3594724,108182FE,true,Tx,0,8,0B,BF,00,00,00,00,00,00,
3595860,108182FE,true,Tx,0,8,0C,BF,00,00,00,00,00,00,
3596434,1081827E,true,Rx,0,8,23,B3,00,00,00,00,00,00,
3596435,1081827E,true,Rx,0,8,25,B3,00,00,00,00,00,00,
3597149,108182FE,true,Tx,0,8,0D,BF,00,00,00,00,00,00,
3598261,108182FE,true,Tx,0,8,0E,BF,00,00,00,00,00,00,
3599835,1081827E,true,Rx,0,8,26,B3,00,00,00,00,00,00,
3599380,108182FE,true,Tx,0,8,0F,BF,00,00,00,00,00,00,
3600504,108182FE,true,Tx,0,8,00,C0,00,00,00,00,00,00,
3602177,1081827E,true,Rx,0,8,28,B3,00,00,00,00,00,00,
3601674,108182FE,true,Tx,0,8,01,C0,00,00,00,00,00,00,
3602801,108182FE,true,Tx,0,8,02,C0,00,00,00,00,00,00,
3603928,108182FE,true,Tx,0,8,03,C0,00,00,00,00,00,00,
3605658,1081827E,true,Rx,0,8,2A,B3,00,00,00,00,00,00,
3605659,1081827E,true,Rx,0,8,2D,B3,00,00,00,00,00,00,
3605171,108182FE,true,Tx,0,8,04,C0,00,00,00,00,00,00,
3606593,108182FE,true,Tx,0,8,05,C0,00,00,00,00,00,00,
3608028,108182FE,true,Tx,0,8,06,C0,00,00,00,00,00,00,
3609111,1081827E,true,Rx,0,8,2E,B3,00,00,00,00,00,00,
3609371,108182FE,true,Tx,0,8,07,C0,00,00,00,00,00,00,
3610555,108182FE,true,Tx,0,8,08,C0,00,00,00,00,00,00,
3611436,1081827E,true,Rx,0,8,2F,B3,00,00,00,00,00,00,
3611724,108182FE,true,Tx,0,8,09,C0,00,00,00,00,00,00,
3612905,108182FE,true,Tx,0,8,0A,C0,00,00,00,00,00,00,
3613778,1081827E,true,Rx,0,8,21,B4,00,00,00,00,00,00,
3614119,108182FE,true,Tx,0,8,0B,C0,00,00,00,00,00,00,
3615384,108182FE,true,Tx,0,8,0C,C0,00,00,00,00,00,00,
3616672,108182FE,true,Tx,0,8,0D,C0,00,00,00,00,00,00,
3617245,1081827E,true,Rx,0,8,23,B4,00,00,00,00,00,00,
3617246,1081827E,true,Rx,0,8,25,B4,00,00,00,00,00,00,
3617993,108182FE,true,Tx,0,8,0E,C0,00,00,00,00,00,00,
3619279,108182FE,true,Tx,0,8,0F,C0,00,00,00,00,00,00,
3620782,1081827E,true,Rx,0,8,27,B4,00,00,00,00,00,00,
3620579,108182FE,true,Tx,0,8,00,C1,00,00,00,00,00,00,
3621875,108182FE,true,Tx,0,8,01,C1,00,00,00,00,00,00,
3623128,1081827E,true,Rx,0,8,29,B4,00,00,00,00,00,00,
3623205,108182FE,true,Tx,0,8,02,C1,00,00,00,00,00,00,
3625441,1081827E,true,Rx,0,8,2B,B4,00,00,00,00,00,00,
3625111,108182FE,true,Tx,0,8,03,C1,00,00,00,00,00,00,
3626534,108182FE,true,Tx,0,8,04,C1,00,00,00,00,00,00,
3627729,1081827E,true,Rx,0,8,2D,B4,00,00,00,00,00,00,
3628027,108182FE,true,Tx,0,8,05,C1,00,00,00,00,00,00,
3629477,108182FE,true,Tx,0,8,06,C1,00,00,00,00,00,00,
3630062,1081827E,true,Rx,0,8,2E,B4,00,00,00,00,00,00,
3630937,108182FE,true,Tx,0,8,07,C1,00,00,00,00,00,00,
3632436,1081827E,true,Rx,0,8,20,B5,00,00,00,00,00,00,
3632452,108182FE,true,Tx,0,8,08,C1,00,00,00,00,00,00,
3633787,108182FE,true,Tx,0,8,09,C1,00,00,00,00,00,00,
3634719,1081827E,true,Rx,0,8,22,B5,00,00,00,00,00,00,
3635279,108182FE,true,Tx,0,8,0A,C1,00,00,00,00,00,00,
3637000,1081827E,true,Rx,0,8,23,B5,00,00,00,00,00,00,
3636726,108182FE,true,Tx,0,8,0B,C1,00,00,00,00,00,00,
3637957,108182FE,true,Tx,0,8,0C,C1,00,00,00,00,00,00,
3639436,1081827E,true,Rx,0,8,25,B5,00,00,00,00,00,00,
3639404,108182FE,true,Tx,0,8,0D,C1,00,00,00,00,00,00,
3640922,108182FE,true,Tx,0,8,0E,C1,00,00,00,00,00,00,
3641667,1081827E,true,Rx,0,8,27,B5,00,00,00,00,00,00,
3642317,108182FE,true,Tx,0,8,0F,C1,00,00,00,00,00,00,
3643948,1081827E,true,Rx,0,8,29,B5,00,00,00,00,00,00,
3643640,108182FE,true,Tx,0,8,00,C2,00,00,00,00,00,00,
3644884,108182FE,true,Tx,0,8,01,C2,00,00,00,00,00,00,
3646298,1081827E,true,Rx,0,8,2A,B5,00,00,00,00,00,00,
3646106,108182FE,true,Tx,0,8,02,C2,00,00,00,00,00,00,
3647264,108182FE,true,Tx,0,8,03,C2,00,00,00,00,00,00,
3648600,1081827E,true,Rx,0,8,2C,B5,00,00,00,00,00,00,
3648510,108182FE,true,Tx,0,8,04,C2,00,00,00,00,00,00,
3649738,108182FE,true,Tx,0,8,05,C2,00,00,00,00,00,00,
3650957,108182FE,true,Tx,0,8,06,C2,00,00,00,00,00,00,
3652060,1081827E,true,Rx,0,8,2E,B5,00,00,00,00,00,00,
3652061,1081827E,true,Rx,0,8,20,B6,00,00,00,00,00,00,
3652081,108182FE,true,Tx,0,8,07,C2,00,00,00,00,00,00,
3653214,108182FE,true,Tx,0,8,08,C2,00,00,00,00,00,00,
3654290,108182FE,true,Tx,0,8,09,C2,00,00,00,00,00,00,
3655556,1081827E,true,Rx,0,8,22,B6,00,00,00,00,00,00,
3655475,108182FE,true,Tx,0,8,0A,C2,00,00,00,00,00,00,
3656828,108182FE,true,Tx,0,8,0B,C2,00,00,00,00,00,00,
3657875,1081827E,true,Rx,0,8,24,B6,00,00,00,00,00,00,
3658291,108182FE,true,Tx,0,8,0C,C2,00,00,00,00,00,00,
3659467,108182FE,true,Tx,0,8,0D,C2,00,00,00,00,00,00,
3660184,1081827E,true,Rx,0,8,26,B6,00,00,00,00,00,00,
3660641,108182FE,true,Tx,0,8,0E,C2,00,00,00,00,00,00,
3661760,108182FE,true,Tx,0,8,0F,C2,00,00,00,00,00,00,
3662544,1081827E,true,Rx,0,8,28,B6,00,00,00,00,00,00,
3662891,108182FE,true,Tx,0,8,00,C3,00,00,00,00,00,00,
3664043,108182FE,true,Tx,0,8,01,C3,00,00,00,00,00,00,
3664835,1081827E,true,Rx,0,8,29,B6,00,00,00,00,00,00,
3665162,108182FE,true,Tx,0,8,02,C3,00,00,00,00,00,00,
3666273,108182FE,true,Tx,0,8,03,C3,00,00,00,00,00,00,
3667176,1081827E,true,Rx,0,8,2B,B6,00,00,00,00,00,00,
3667378,108182FE,true,Tx,0,8,04,C3,00,00,00,00,00,00,
3668495,108182FE,true,Tx,0,8,05,C3,00,00,00,00,00,00,
3669477,1081827E,true,Rx,0,8,2D,B6,00,00,00,00,00,00,
3669590,108182FE,true,Tx,0,8,06,C3,00,00,00,00,00,00,
3670683,108182FE,true,Tx,0,8,07,C3,00,00,00,00,00,00,
3671778,1081827E,true,Rx,0,8,2F,B6,00,00,00,00,00,00,
3671777,108182FE,true,Tx,0,8,08,C3,00,00,00,00,00,00,
3672896,108182FE,true,Tx,0,8,09,C3,00,00,00,00,00,00,
3674119,1081827E,true,Rx,0,8,22,B7,00,00,00,00,00,00,
3674234,108182FE,true,Tx,0,8,0A,C3,00,00,00,00,00,00,
3675845,108182FE,true,Tx,0,8,0B,C3,00,00,00,00,00,00,
3676443,1081827E,true,Rx,0,8,23,B7,00,00,00,00,00,00,
3677302,108182FE,true,Tx,0,8,0C,C3,00,00,00,00,00,00,
3678719,1081827E,true,Rx,0,8,25,B7,00,00,00,00,00,00,
3678814,108182FE,true,Tx,0,8,0D,C3,00,00,00,00,00,00,
3680171,108182FE,true,Tx,0,8,0E,C3,00,00,00,00,00,00,
3681063,1081827E,true,Rx,0,8,26,B7,00,00,00,00,00,00,
3681632,108182FE,true,Tx,0,8,0F,C3,00,00,00,00,00,00,
3683434,1081827E,true,Rx,0,8,28,B7,00,00,00,00,00,00,
3682990,108182FE,true,Tx,0,8,00,C4,00,00,00,00,00,00,
3684308,108182FE,true,Tx,0,8,01,C4,00,00,00,00,00,00,
3685717,1081827E,true,Rx,0,8,2A,B7,00,00,00,00,00,00,
3685645,108182FE,true,Tx,0,8,02,C4,00,00,00,00,00,00,
3686866,108182FE,true,Tx,0,8,03,C4,00,00,00,00,00,00,
3688113,108182FE,true,Tx,0,8,04,C4,00,00,00,00,00,00,
3689189,1081827E,true,Rx,0,8,2C,B7,00,00,00,00,00,00,
3689190,1081827E,true,Rx,0,8,2E,B7,00,00,00,00,00,00,
3689285,108182FE,true,Tx,0,8,05,C4,00,00,00,00,00,00,
3690863,108182FE,true,Tx,0,8,06,C4,00,00,00,00,00,00,
3692059,108182FE,true,Tx,0,8,07,C4,00,00,00,00,00,00,
3692664,1081827E,true,Rx,0,8,21,B8,00,00,00,00,00,00,
3693218,108182FE,true,Tx,0,8,08,C4,00,00,00,00,00,00,
3694386,108182FE,true,Tx,0,8,09,C4,00,00,00,00,00,00,
3695010,1081827E,true,Rx,0,8,22,B8,00,00,00,00,00,00,
3695688,108182FE,true,Tx,0,8,0A,C4,00,00,00,00,00,00,
3697289,1081827E,true,Rx,0,8,24,B8,00,00,00,00,00,00,
3696857,108182FE,true,Tx,0,8,0B,C4,00,00,00,00,00,00,
3697991,108182FE,true,Tx,0,8,0C,C4,00,00,00,00,00,00,
3699100,108182FE,true,Tx,0,8,0D,C4,00,00,00,00,00,00,
3699670,1081827E,true,Rx,0,8,26,B8,00,00,00,00,00,00,
3700234,108182FE,true,Tx,0,8,0E,C4,00,00,00,00,00,00,
3701374,108182FE,true,Tx,0,8,0F,C4,00,00,00,00,00,00,
3702542,108182FE,true,Tx,0,8,00,C5,00,00,00,00,00,00,
3703671,108182FE,true,Tx,0,8,01,C5,00,00,00,00,00,00,
3704300,1081827E,true,Rx,0,8,28,B8,00,00,00,00,00,00,
3704301,1001117E,true,Rx,0,8,00,01,00,00,00,00,00,00,
3704302,1081827E,true,Rx,0,8,2A,B8,00,00,00,00,00,00,
3704943,108182FE,true,Tx,0,8,02,C5,00,00,00,00,00,00,
3706109,108182FE,true,Tx,0,8,03,C5,00,00,00,00,00,00,
3707793,1081827E,true,Rx,0,8,2C,B8,00,00,00,00,00,00,
3707489,108182FE,true,Tx,0,8,04,C5,00,00,00,00,00,00,
3709015,108182FE,true,Tx,0,8,05,C5,00,00,00,00,00,00,
3710123,1081827E,true,Rx,0,8,2E,B8,00,00,00,00,00,00,
3710315,108182FE,true,Tx,0,8,06,C5,00,00,00,00,00,00,
3711486,108182FE,true,Tx,0,8,07,C5,00,00,00,00,00,00,
3712471,1081827E,true,Rx,0,8,20,B9,00,00,00,00,00,00,
3712643,108182FE,true,Tx,0,8,08,C5,00,00,00,00,00,00,
3713763,108182FE,true,Tx,0,8,09,C5,00,00,00,00,00,00,
3714770,1081827E,true,Rx,0,8,21,B9,00,00,00,00,00,00,
3714887,108182FE,true,Tx,0,8,0A,C5,00,00,00,00,00,00,
3715998,108182FE,true,Tx,0,8,0B,C5,00,00,00,00,00,00,
3717129,1081827E,true,Rx,0,8,23,B9,00,00,00,00,00,00,
3717112,108182FE,true,Tx,0,8,0C,C5,00,00,00,00,00,00,
3718341,108182FE,true,Tx,0,8,0D,C5,00,00,00,00,00,00,
3719446,1081827E,true,Rx,0,8,25,B9,00,00,00,00,00,00,
3721719,1081827E,true,Rx,0,8,27,B9,00,00,00,00,00,00,
3725177,1081827E,true,Rx,0,8,29,B9,00,00,00,00,00,00,
3725178,1081827E,true,Rx,0,8,2B,B9,00,00,00,00,00,00,
3728658,1081827E,true,Rx,0,8,2D,B9,00,00,00,00,00,00,
3731001,1081827E,true,Rx,0,8,2F,B9,00,00,00,00,00,00,
3731408,108182FE,true,Tx,0,8,0E,C5,00,00,00,00,00,00,
3733436,1081827E,true,Rx,0,8,20,BA,00,00,00,00,00,00,
3735663,1081827E,true,Rx,0,8,22,BA,00,00,00,00,00,00,
3737952,1081827E,true,Rx,0,8,24,BA,00,00,00,00,00,00,
3740295,1081827E,true,Rx,0,8,26,BA,00,00,00,00,00,00,
3742607,1081827E,true,Rx,0,8,28,BA,00,00,00,00,00,00,
3744934,1081827E,true,Rx,0,8,2A,BA,00,00,00,00,00,00,
3745852,108182FE,true,Tx,0,8,0F,C5,00,00,00,00,00,00,
3747231,1081827E,true,Rx,0,8,2C,BA,00,00,00,00,00,00,
3747211,108182FE,true,Tx,0,8,00,C6,00,00,00,00,00,00,
3748435,108182FE,true,Tx,0,8,01,C6,00,00,00,00,00,00,
3749612,1081827E,true,Rx,0,8,2E,BA,00,00,00,00,00,00,
3749655,108182FE,true,Tx,0,8,02,C6,00,00,00,00,00,00,
3750801,108182FE,true,Tx,0,8,03,C6,00,00,00,00,00,00,
3751890,1081827E,true,Rx,0,8,20,BB,00,00,00,00,00,00,
3751993,108182FE,true,Tx,0,8,04,C6,00,00,00,00,00,00,
3753141,108182FE,true,Tx,0,8,05,C6,00,00,00,00,00,00,
3754187,1081827E,true,Rx,0,8,22,BB,00,00,00,00,00,00,
3754422,108182FE,true,Tx,0,8,06,C6,00,00,00,00,00,00,
3755639,108182FE,true,Tx,0,8,07,C6,00,00,00,00,00,00,
3756478,1081827E,true,Rx,0,8,23,BB,00,00,00,00,00,00,
3756983,108182FE,true,Tx,0,8,08,C6,00,00,00,00,00,00,
3758834,1081827E,true,Rx,0,8,24,BB,00,00,00,00,00,00,
3758853,108182FE,true,Tx,0,8,09,C6,00,00,00,00,00,00,
3761140,1081827E,true,Rx,0,8,25,BB,00,00,00,00,00,00,
3761180,108182FE,true,Tx,0,8,0A,C6,00,00,00,00,00,00,
3762890,108182FE,true,Tx,0,8,0B,C6,00,00,00,00,00,00,
3763478,1081827E,true,Rx,0,8,26,BB,00,00,00,00,00,00,
3764174,108182FE,true,Tx,0,8,0C,C6,00,00,00,00,00,00,
3765773,1081827E,true,Rx,0,8,27,BB,00,00,00,00,00,00,
3765409,108182FE,true,Tx,0,8,0D,C6,00,00,00,00,00,00,
3766670,108182FE,true,Tx,0,8,0E,C6,00,00,00,00,00,00,
3768114,1081827E,true,Rx,0,8,28,BB,00,00,00,00,00,00,
3767903,108182FE,true,Tx,0,8,0F,C6,00,00,00,00,00,00,
3769136,108182FE,true,Tx,0,8,00,C7,00,00,00,00,00,00,
3770443,1081827E,true,Rx,0,8,29,BB,00,00,00,00,00,00,
3770405,108182FE,true,Tx,0,8,01,C7,00,00,00,00,00,00,
3771595,108182FE,true,Tx,0,8,02,C7,00,00,00,00,00,00,
3772725,1081827E,true,Rx,0,8,2A,BB,00,00,00,00,00,00,
3772761,108182FE,true,Tx,0,8,03,C7,00,00,00,00,00,00,
3774271,108182FE,true,Tx,0,8,04,C7,00,00,00,00,00,00,
3775097,1081827E,true,Rx,0,8,2B,BB,00,00,00,00,00,00,
3775805,108182FE,true,Tx,0,8,05,C7,00,00,00,00,00,00,
3777339,1081827E,true,Rx,0,8,2C,BB,00,00,00,00,00,00,
3776988,108182FE,true,Tx,0,8,06,C7,00,00,00,00,00,00,
3778137,108182FE,true,Tx,0,8,07,C7,00,00,00,00,00,00,
3779279,108182FE,true,Tx,0,8,08,C7,00,00,00,00,00,00,
3780834,1081827E,true,Rx,0,8,2D,BB,00,00,00,00,00,00,
3780835,1081827E,true,Rx,0,8,2E,BB,00,00,00,00,00,00,
3780466,108182FE,true,Tx,0,8,09,C7,00,00,00,00,00,00,
3781606,108182FE,true,Tx,0,8,0A,C7,00,00,00,00,00,00,
3782747,108182FE,true,Tx,0,8,0B,C7,00,00,00,00,00,00,
3784296,1081827E,true,Rx,0,8,2F,BB,00,00,00,00,00,00,
3783860,108182FE,true,Tx,0,8,0C,C7,00,00,00,00,00,00,
3785096,108182FE,true,Tx,0,8,0D,C7,00,00,00,00,00,00,
3786329,108182FE,true,Tx,0,8,0E,C7,00,00,00,00,00,00,
3787840,1081827E,true,Rx,0,8,20,BC,00,00,00,00,00,00,
3787841,1081827E,true,Rx,0,8,21,BC,00,00,00,00,00,00,
3787455,108182FE,true,Tx,0,8,0F,C7,00,00,00,00,00,00,
3788599,108182FE,true,Tx,0,8,00,C8,00,00,00,00,00,00,
3789762,108182FE,true,Tx,0,8,01,C8,00,00,00,00,00,00,
3791437,1081827E,true,Rx,0,8,22,BC,00,00,00,00,00,00,
3791236,108182FE,true,Tx,0,8,02,C8,00,00,00,00,00,00,
3792384,108182FE,true,Tx,0,8,03,C8,00,00,00,00,00,00,
3793654,1081827E,true,Rx,0,8,23,BC,00,00,00,00,00,00,
3793551,108182FE,true,Tx,0,8,04,C8,00,00,00,00,00,00,
3794646,108182FE,true,Tx,0,8,05,C8,00,00,00,00,00,00,
3795808,108182FE,true,Tx,0,8,06,C8,00,00,00,00,00,00,
3797118,1081827E,true,Rx,0,8,24,BC,00,00,00,00,00,00,
3797119,1081827E,true,Rx,0,8,25,BC,00,00,00,00,00,00,
3796892,108182FE,true,Tx,0,8,07,C8,00,00,00,00,00,00,
3798023,108182FE,true,Tx,0,8,08,C8,00,00,00,00,00,00,
3799092,108182FE,true,Tx,0,8,09,C8,00,00,00,00,00,00,
3800607,1081827E,true,Rx,0,8,26,BC,00,00,00,00,00,00,
3800268,108182FE,true,Tx,0,8,0A,C8,00,00,00,00,00,00,
3801336,108182FE,true,Tx,0,8,0B,C8,00,00,00,00,00,00,
3802954,1081827E,true,Rx,0,8,27,BC,00,00,00,00,00,00,
3802462,108182FE,true,Tx,0,8,0C,C8,00,00,00,00,00,00,
3803543,108182FE,true,Tx,0,8,0D,C8,00,00,00,00,00,00,
3804699,108182FE,true,Tx,0,8,0E,C8,00,00,00,00,00,00,
3805299,1081827E,true,Rx,0,8,28,BC,00,00,00,00,00,00,
3805802,108182FE,true,Tx,0,8,0F,C8,00,00,00,00,00,00,
3807603,1081827E,true,Rx,0,8,29,BC,00,00,00,00,00,00,
3807082,108182FE,true,Tx,0,8,00,C9,00,00,00,00,00,00,
3808573,108182FE,true,Tx,0,8,01,C9,00,00,00,00,00,00,
3809944,1081827E,true,Rx,0,8,2A,BC,00,00,00,00,00,00,
3809808,108182FE,true,Tx,0,8,02,C9,00,00,00,00,00,00,
3810945,108182FE,true,Tx,0,8,03,C9,00,00,00,00,00,00,
3812288,1081827E,true,Rx,0,8,2B,BC,00,00,00,00,00,00,
3812459,108182FE,true,Tx,0,8,04,C9,00,00,00,00,00,00,
3813675,108182FE,true,Tx,0,8,05,C9,00,00,00,00,00,00,
3814605,1081827E,true,Rx,0,8,2C,BC,00,00,00,00,00,00,
3814946,108182FE,true,Tx,0,8,06,C9,00,00,00,00,00,00,
3816144,108182FE,true,Tx,0,8,07,C9,00,00,00,00,00,00,
3816948,1081827E,true,Rx,0,8,2D,BC,00,00,00,00,00,00,
3817306,108182FE,true,Tx,0,8,08,C9,00,00,00,00,00,00,
3818461,108182FE,true,Tx,0,8,09,C9,00,00,00,00,00,00,
3819299,1081827E,true,Rx,0,8,2E,BC,00,00,00,00,00,00,
3819616,108182FE,true,Tx,0,8,0A,C9,00,00,00,00,00,00,
3820983,108182FE,true,Tx,0,8,0B,C9,00,00,00,00,00,00,
3821605,1081827E,true,Rx,0,8,2F,BC,00,00,00,00,00,00,
3822224,108182FE,true,Tx,0,8,0C,C9,00,00,00,00,00,00,
3823960,1081827E,true,Rx,0,8,20,BD,00,00,00,00,00,00,
3823850,108182FE,true,Tx,0,8,0D,C9,00,00,00,00,00,00,
3825533,108182FE,true,Tx,0,8,0E,C9,00,00,00,00,00,00,
3826228,1081827E,true,Rx,0,8,21,BD,00,00,00,00,00,00,
3826769,108182FE,true,Tx,0,8,0F,C9,00,00,00,00,00,00,
3827952,108182FE,true,Tx,0,8,00,CA,00,00,00,00,00,00,
3828555,1081827E,true,Rx,0,8,22,BD,00,00,00,00,00,00,
3829132,108182FE,true,Tx,0,8,01,CA,00,00,00,00,00,00,
3830348,108182FE,true,Tx,0,8,02,CA,00,00,00,00,00,00,
3830901,1081827E,true,Rx,0,8,23,BD,00,00,00,00,00,00,
3831576,108182FE,true,Tx,0,8,03,CA,00,00,00,00,00,00,
3833180,1081827E,true,Rx,0,8,24,BD,00,00,00,00,00,00,
3832838,108182FE,true,Tx,0,8,04,CA,00,00,00,00,00,00,
3834097,108182FE,true,Tx,0,8,05,CA,00,00,00,00,00,00,
3835480,1081827E,true,Rx,0,8,25,BD,00,00,00,00,00,00,
3835436,108182FE,true,Tx,0,8,06,CA,00,00,00,00,00,00,
3836704,108182FE,true,Tx,0,8,07,CA,00,00,00,00,00,00,
3837829,1081827E,true,Rx,0,8,27,BD,00,00,00,00,00,00,
3837959,108182FE,true,Tx,0,8,08,CA,00,00,00,00,00,00,
3839198,108182FE,true,Tx,0,8,09,CA,00,00,00,00,00,00,
3840129,1081827E,true,Rx,0,8,29,BD,00,00,00,00,00,00,
3840612,108182FE,true,Tx,0,8,0A,CA,00,00,00,00,00,00,
3842486,1081827E,true,Rx,0,8,2B,BD,00,00,00,00,00,00,
3842272,108182FE,true,Tx,0,8,0B,CA,00,00,00,00,00,00,
3843482,108182FE,true,Tx,0,8,0C,CA,00,00,00,00,00,00,
3844731,108182FE,true,Tx,0,8,0D,CA,00,00,00,00,00,00,
3845948,1081827E,true,Rx,0,8,2C,BD,00,00,00,00,00,00,
3845949,1081827E,true,Rx,0,8,2E,BD,00,00,00,00,00,00,
3845887,108182FE,true,Tx,0,8,0E,CA,00,00,00,00,00,00,
3847048,108182FE,true,Tx,0,8,0F,CA,00,00,00,00,00,00,
3848157,108182FE,true,Tx,0,8,00,CB,00,00,00,00,00,00,
3849362,108182FE,true,Tx,0,8,01,CB,00,00,00,00,00,00,
3850604,1081827E,true,Rx,0,8,20,BE,00,00,00,00,00,00,
3850605,1081827E,true,Rx,0,8,22,BE,00,00,00,00,00,00,
3850501,108182FE,true,Tx,0,8,02,CB,00,00,00,00,00,00,
3851643,108182FE,true,Tx,0,8,03,CB,00,00,00,00,00,00,
3852750,108182FE,true,Tx,0,8,04,CB,00,00,00,00,00,00,
3854130,1081827E,true,Rx,0,8,24,BE,00,00,00,00,00,00,
3854045,108182FE,true,Tx,0,8,05,CB,00,00,00,00,00,00,
3855172,108182FE,true,Tx,0,8,06,CB,00,00,00,00,00,00,
3856479,1081827E,true,Rx,0,8,26,BE,00,00,00,00,00,00,
3856496,108182FE,true,Tx,0,8,07,CB,00,00,00,00,00,00,
3858243,108182FE,true,Tx,0,8,08,CB,00,00,00,00,00,00,
3858833,1081827E,true,Rx,0,8,28,BE,00,00,00,00,00,00,
3859614,108182FE,true,Tx,0,8,09,CB,00,00,00,00,00,00,
3861181,1081827E,true,Rx,0,8,2A,BE,00,00,00,00,00,00,
3860933,108182FE,true,Tx,0,8,0A,CB,00,00,00,00,00,00,
3862180,108182FE,true,Tx,0,8,0B,CB,00,00,00,00,00,00,
3863574,1081827E,true,Rx,0,8,2C,BE,00,00,00,00,00,00,
3863401,108182FE,true,Tx,0,8,0C,CB,00,00,00,00,00,00,
3864651,108182FE,true,Tx,0,8,0D,CB,00,00,00,00,00,00,
3865839,1081827E,true,Rx,0,8,2E,BE,00,00,00,00,00,00,
3865839,108182FE,true,Tx,0,8,0E,CB,00,00,00,00,00,00,
3867136,108182FE,true,Tx,0,8,0F,CB,00,00,00,00,00,00,
3868172,1081827E,true,Rx,0,8,20,BF,00,00,00,00,00,00,
3868357,108182FE,true,Tx,0,8,00,CC,00,00,00,00,00,00,
3869495,108182FE,true,Tx,0,8,01,CC,00,00,00,00,00,00,
3870480,1081827E,true,Rx,0,8,22,BF,00,00,00,00,00,00,
3870658,108182FE,true,Tx,0,8,02,CC,00,00,00,00,00,00,
3871740,108182FE,true,Tx,0,8,03,CC,00,00,00,00,00,00,
3872839,1081827E,true,Rx,0,8,24,BF,00,00,00,00,00,00,
3873044,108182FE,true,Tx,0,8,04,CC,00,00,00,00,00,00,
3874482,108182FE,true,Tx,0,8,05,CC,00,00,00,00,00,00,
3875183,1081827E,true,Rx,0,8,26,BF,00,00,00,00,00,00,
3875948,108182FE,true,Tx,0,8,06,CC,00,00,00,00,00,00,
3877540,1081827E,true,Rx,0,8,28,BF,00,00,00,00,00,00,
3877148,108182FE,true,Tx,0,8,07,CC,00,00,00,00,00,00,
3878280,108182FE,true,Tx,0,8,08,CC,00,00,00,00,00,00,
3879834,1081827E,true,Rx,0,8,29,BF,00,00,00,00,00,00,
3879443,108182FE,true,Tx,0,8,09,CC,00,00,00,00,00,00,
3880568,108182FE,true,Tx,0,8,0A,CC,00,00,00,00,00,00,
3881730,108182FE,true,Tx,0,8,0B,CC,00,00,00,00,00,00,
3882840,108182FE,true,Tx,0,8,0C,CC,00,00,00,00,00,00,
3883436,1081827E,true,Rx,0,8,2C,BF,00,00,00,00,00,00,
3883437,1081827E,true,Rx,0,8,2D,BF,00,00,00,00,00,00,
3883985,108182FE,true,Tx,0,8,0D,CC,00,00,00,00,00,00,
3885098,108182FE,true,Tx,0,8,0E,CC,00,00,00,00,00,00,
3886838,1081827E,true,Rx,0,8,2F,BF,00,00,00,00,00,00,
3886279,108182FE,true,Tx,0,8,0F,CC,00,00,00,00,00,00,
3887388,108182FE,true,Tx,0,8,00,CD,00,00,00,00,00,00,
3888563,108182FE,true,Tx,0,8,01,CD,00,00,00,00,00,00,
3889182,1081827E,true,Rx,0,8,21,C0,00,00,00,00,00,00,
3889729,108182FE,true,Tx,0,8,02,CD,00,00,00,00,00,00,
3891552,1081827E,true,Rx,0,8,24,C0,00,00,00,00,00,00,
3891256,108182FE,true,Tx,0,8,03,CD,00,00,00,00,00,00,
3892614,108182FE,true,Tx,0,8,04,CD,00,00,00,00,00,00,
3893893,1081827E,true,Rx,0,8,25,C0,00,00,00,00,00,00,
3893874,108182FE,true,Tx,0,8,05,CD,00,00,00,00,00,00,
3895027,108182FE,true,Tx,0,8,06,CD,00,00,00,00,00,00,
3896228,1081827E,true,Rx,0,8,27,C0,00,00,00,00,00,00,
3896201,108182FE,true,Tx,0,8,07,CD,00,00,00,00,00,00,
3897326,108182FE,true,Tx,0,8,08,CD,00,00,00,00,00,00,
3898547,1081827E,true,Rx,0,8,29,C0,00,00,00,00,00,00,
3898503,108182FE,true,Tx,0,8,09,CD,00,00,00,00,00,00,
3899639,108182FE,true,Tx,0,8,0A,CD,00,00,00,00,00,00,
3900893,1081827E,true,Rx,0,8,2B,C0,00,00,00,00,00,00,
3900796,108182FE,true,Tx,0,8,0B,CD,00,00,00,00,00,00,
3901930,108182FE,true,Tx,0,8,0C,CD,00,00,00,00,00,00,
3903232,1081827E,true,Rx,0,8,2D,C0,00,00,00,00,00,00,
3903100,108182FE,true,Tx,0,8,0D,CD,00,00,00,00,00,00,
3904249,108182FE,true,Tx,0,8,0E,CD,00,00,00,00,00,00,
3905605,1081827E,true,Rx,0,8,2E,C0,00,00,00,00,00,00,
3905558,108182FE,true,Tx,0,8,0F,CD,00,00,00,00,00,00,
3906813,108182FE,true,Tx,0,8,00,CE,00,00,00,00,00,00,
3907955,1081827E,true,Rx,0,8,20,C1,00,00,00,00,00,00,
3908027,108182FE,true,Tx,0,8,01,CE,00,00,00,00,00,00,
3909176,108182FE,true,Tx,0,8,02,CE,00,00,00,00,00,00,
3910237,1081827E,true,Rx,0,8,22,C1,00,00,00,00,00,00,
3910323,108182FE,true,Tx,0,8,03,CE,00,00,00,00,00,00,
3911450,108182FE,true,Tx,0,8,04,CE,00,00,00,00,00,00,
3912605,1081827E,true,Rx,0,8,23,C1,00,00,00,00,00,00,
3912594,108182FE,true,Tx,0,8,05,CE,00,00,00,00,00,00,
3913704,108182FE,true,Tx,0,8,06,CE,00,00,00,00,00,00,
3914902,1081827E,true,Rx,0,8,25,C1,00,00,00,00,00,00,
3914838,108182FE,true,Tx,0,8,07,CE,00,00,00,00,00,00,
3915941,108182FE,true,Tx,0,8,08,CE,00,00,00,00,00,00,
3917244,1081827E,true,Rx,0,8,26,C1,00,00,00,00,00,00,
3917075,108182FE,true,Tx,0,8,09,CE,00,00,00,00,00,00,
3918180,108182FE,true,Tx,0,8,0A,CE,00,00,00,00,00,00,
3919552,1081827E,true,Rx,0,8,28,C1,00,00,00,00,00,00,
3919320,108182FE,true,Tx,0,8,0B,CE,00,00,00,00,00,00,
3920505,108182FE,true,Tx,0,8,0C,CE,00,00,00,00,00,00,
3921898,1081827E,true,Rx,0,8,2A,C1,00,00,00,00,00,00,
3921695,108182FE,true,Tx,0,8,0D,CE,00,00,00,00,00,00,
3922822,108182FE,true,Tx,0,8,0E,CE,00,00,00,00,00,00,
3924237,1081827E,true,Rx,0,8,2B,C1,00,00,00,00,00,00,
3924147,108182FE,true,Tx,0,8,0F,CE,00,00,00,00,00,00,
3925686,108182FE,true,Tx,0,8,00,CF,00,00,00,00,00,00,
3926547,1081827E,true,Rx,0,8,2D,C1,00,00,00,00,00,00,
3927009,108182FE,true,Tx,0,8,01,CF,00,00,00,00,00,00,
3928205,108182FE,true,Tx,0,8,02,CF,00,00,00,00,00,00,
3929413,108182FE,true,Tx,0,8,03,CF,00,00,00,00,00,00,
3930067,1081827E,true,Rx,0,8,2F,C1,00,00,00,00,00,00,
3930068,1081827E,true,Rx,0,8,20,C2,00,00,00,00,00,00,
3930573,108182FE,true,Tx,0,8,04,CF,00,00,00,00,00,00,
3931695,108182FE,true,Tx,0,8,05,CF,00,00,00,00,00,00,
3932822,108182FE,true,Tx,0,8,06,CF,00,00,00,00,00,00,
3933546,1081827E,true,Rx,0,8,22,C2,00,00,00,00,00,00,
3933987,108182FE,true,Tx,0,8,07,CF,00,00,00,00,00,00,
3935214,108182FE,true,Tx,0,8,08,CF,00,00,00,00,00,00,
3935836,1081827E,true,Rx,0,8,24,C2,00,00,00,00,00,00,
3936569,108182FE,true,Tx,0,8,09,CF,00,00,00,00,00,00,
3938175,1081827E,true,Rx,0,8,27,C2,00,00,00,00,00,00,
3937727,108182FE,true,Tx,0,8,0A,CF,00,00,00,00,00,00,
3939010,108182FE,true,Tx,0,8,0B,CF,00,00,00,00,00,00,
3940480,1081827E,true,Rx,0,8,28,C2,00,00,00,00,00,00,
3940220,108182FE,true,Tx,0,8,0C,CF,00,00,00,00,00,00,
3941808,108182FE,true,Tx,0,8,0D,CF,00,00,00,00,00,00,
3942771,1081827E,true,Rx,0,8,2A,C2,00,00,00,00,00,00,
3943074,108182FE,true,Tx,0,8,0E,CF,00,00,00,00,00,00,
3944318,108182FE,true,Tx,0,8,0F,CF,00,00,00,00,00,00,
3945118,1081827E,true,Rx,0,8,2C,C2,00,00,00,00,00,00,
3945635,108182FE,true,Tx,0,8,00,D0,00,00,00,00,00,00,
3947476,1081827E,true,Rx,0,8,2E,C2,00,00,00,00,00,00,
3947117,108182FE,true,Tx,0,8,01,D0,00,00,00,00,00,00,
3948306,108182FE,true,Tx,0,8,02,D0,00,00,00,00,00,00,
3949783,1081827E,true,Rx,0,8,20,C3,00,00,00,00,00,00,
3949691,108182FE,true,Tx,0,8,03,D0,00,00,00,00,00,00,
3950867,108182FE,true,Tx,0,8,04,D0,00,00,00,00,00,00,
3952067,1081827E,true,Rx,0,8,22,C3,00,00,00,00,00,00,
3952185,108182FE,true,Tx,0,8,05,D0,00,00,00,00,00,00,
3953349,108182FE,true,Tx,0,8,06,D0,00,00,00,00,00,00,
3954443,1081827E,true,Rx,0,8,24,C3,00,00,00,00,00,00,
3954472,108182FE,true,Tx,0,8,07,D0,00,00,00,00,00,00,
3955606,108182FE,true,Tx,0,8,08,D0,00,00,00,00,00,00,
3956725,1081827E,true,Rx,0,8,26,C3,00,00,00,00,00,00,
3956746,108182FE,true,Tx,0,8,09,D0,00,00,00,00,00,00,
3958275,108182FE,true,Tx,0,8,0A,D0,00,00,00,00,00,00,
3959012,1081827E,true,Rx,0,8,28,C3,00,00,00,00,00,00,
3959546,108182FE,true,Tx,0,8,0B,D0,00,00,00,00,00,00,
3960708,108182FE,true,Tx,0,8,0C,D0,00,00,00,00,00,00,
3961437,1081827E,true,Rx,0,8,2A,C3,00,00,00,00,00,00,
3961866,108182FE,true,Tx,0,8,0D,D0,00,00,00,00,00,00,
3963073,108182FE,true,Tx,0,8,0E,D0,00,00,00,00,00,00,
3963672,1081827E,true,Rx,0,8,2C,C3,00,00,00,00,00,00,
3965334,108182FE,true,Tx,0,8,0F,D0,00,00,00,00,00,00,
3966012,1081827E,true,Rx,0,8,2D,C3,00,00,00,00,00,00,
3966698,108182FE,true,Tx,0,8,00,D1,00,00,00,00,00,00,
3967857,108182FE,true,Tx,0,8,01,D1,00,00,00,00,00,00,
3968433,1081827E,true,Rx,0,8,2F,C3,00,00,00,00,00,00,
3969107,108182FE,true,Tx,0,8,02,D1,00,00,00,00,00,00,
3970723,1081827E,true,Rx,0,8,20,C4,00,00,00,00,00,00,
3973011,1081827E,true,Rx,0,8,22,C4,00,00,00,00,00,00,
3975425,1081827E,true,Rx,0,8,25,C4,00,00,00,00,00,00,
3977670,1081827E,true,Rx,0,8,26,C4,00,00,00,00,00,00,
3980010,1081827E,true,Rx,0,8,27,C4,00,00,00,00,00,00,
3982300,1081827E,true,Rx,0,8,29,C4,00,00,00,00,00,00,
3983468,108182FE,true,Tx,0,8,03,D1,00,00,00,00,00,00,
3984664,1081827E,true,Rx,0,8,2B,C4,00,00,00,00,00,00,
3987013,1081827E,true,Rx,0,8,2D,C4,00,00,00,00,00,00,
3989308,1081827E,true,Rx,0,8,22,C5,00,00,00,00,00,00,
3991606,1081827E,true,Rx,0,8,23,C5,00,00,00,00,00,00,
3993952,1081827E,true,Rx,0,8,24,C5,00,00,00,00,00,00,
3996238,1081827E,true,Rx,0,8,26,C5,00,00,00,00,00,00,
3998554,1081827E,true,Rx,0,8,28,C5,00,00,00,00,00,00,
3999281,108182FE,true,Tx,0,8,04,D1,00,00,00,00,00,00,
4000896,1081827E,true,Rx,0,8,2A,C5,00,00,00,00,00,00,
4000794,108182FE,true,Tx,0,8,05,D1,00,00,00,00,00,00,
4002153,108182FE,true,Tx,0,8,06,D1,00,00,00,00,00,00,
4003241,1081827E,true,Rx,0,8,2C,C5,00,00,00,00,00,00,
4003454,108182FE,true,Tx,0,8,07,D1,00,00,00,00,00,00,
4004790,108182FE,true,Tx,0,8,08,D1,00,00,00,00,00,00,
4005552,1081827E,true,Rx,0,8,2E,C5,00,00,00,00,00,00,
4006053,108182FE,true,Tx,0,8,09,D1,00,00,00,00,00,00,
4007893,1081827E,true,Rx,0,8,2F,C5,00,00,00,00,00,00,
4007469,108182FE,true,Tx,0,8,0A,D1,00,00,00,00,00,00,
4009520,108182FE,true,Tx,0,8,0B,D1,00,00,00,00,00,00,
4010182,1081827E,true,Rx,0,8,20,C6,00,00,00,00,00,00,
4011443,108182FE,true,Tx,0,8,0C,D1,00,00,00,00,00,00,
4012639,108182FE,true,Tx,0,8,0D,D1,00,00,00,00,00,00,
4013662,1081827E,true,Rx,0,8,21,C6,00,00,00,00,00,00,
4013663,1081827E,true,Rx,0,8,22,C6,00,00,00,00,00,00,
4014315,108182FE,true,Tx,0,8,0E,D1,00,00,00,00,00,00,
4017127,1081827E,true,Rx,0,8,23,C6,00,00,00,00,00,00,
4016696,108182FE,true,Tx,0,8,0F,D1,00,00,00,00,00,00,
4018135,108182FE,true,Tx,0,8,00,D2,00,00,00,00,00,00,
4019299,108182FE,true,Tx,0,8,01,D2,00,00,00,00,00,00,
4020607,1081827E,true,Rx,0,8,24,C6,00,00,00,00,00,00,
4020607,1081827E,true,Rx,0,8,25,C6,00,00,00,00,00,00,
4020500,108182FE,true,Tx,0,8,02,D2,00,00,00,00,00,00,
4021638,108182FE,true,Tx,0,8,03,D2,00,00,00,00,00,00,
4022800,108182FE,true,Tx,0,8,04,D2,00,00,00,00,00,00,
4024075,1081827E,true,Rx,0,8,26,C6,00,00,00,00,00,00,
4024114,108182FE,true,Tx,0,8,05,D2,00,00,00,00,00,00,
4025619,108182FE,true,Tx,0,8,06,D2,00,00,00,00,00,00,
4026452,1081827E,true,Rx,0,8,27,C6,00,00,00,00,00,00,
4026845,108182FE,true,Tx,0,8,07,D2,00,00,00,00,00,00,
4028030,108182FE,true,Tx,0,8,08,D2,00,00,00,00,00,00,
4028719,1081827E,true,Rx,0,8,28,C6,00,00,00,00,00,00,
4029189,108182FE,true,Tx,0,8,09,D2,00,00,00,00,00,00,
4030340,108182FE,true,Tx,0,8,0A,D2,00,00,00,00,00,00,
4031010,1081827E,true,Rx,0,8,29,C6,00,00,00,00,00,00,
4031488,108182FE,true,Tx,0,8,0B,D2,00,00,00,00,00,00,
4032601,108182FE,true,Tx,0,8,0C,D2,00,00,00,00,00,00,
4033439,1081827E,true,Rx,0,8,2A,C6,00,00,00,00,00,00,
4033723,108182FE,true,Tx,0,8,0D,D2,00,00,00,00,00,00,
4035672,1081827E,true,Rx,0,8,2B,C6,00,00,00,00,00,00,
4035905,108182FE,true,Tx,0,8,0E,D2,00,00,00,00,00,00,
4038007,1081827E,true,Rx,0,8,2C,C6,00,00,00,00,00,00,
4038100,108182FE,true,Tx,0,8,0F,D2,00,00,00,00,00,00,
4039613,108182FE,true,Tx,0,8,00,D3,00,00,00,00,00,00,
4040872,108182FE,true,Tx,0,8,01,D3,00,00,00,00,00,00,
4041480,1081827E,true,Rx,0,8,2D,C6,00,00,00,00,00,00,
4041481,1081827E,true,Rx,0,8,2E,C6,00,00,00,00,00,00,
4042027,108182FE,true,Tx,0,8,02,D3,00,00,00,00,00,00,
4043163,108182FE,true,Tx,0,8,03,D3,00,00,00,00,00,00,
4044358,108182FE,true,Tx,0,8,04,D3,00,00,00,00,00,00,
4044960,1081827E,true,Rx,0,8,2F,C6,00,00,00,00,00,00,
4045495,108182FE,true,Tx,0,8,05,D3,00,00,00,00,00,00,
4046606,108182FE,true,Tx,0,8,06,D3,00,00,00,00,00,00,
4047297,1081827E,true,Rx,0,8,20,C7,00,00,00,00,00,00,
4047765,108182FE,true,Tx,0,8,07,D3,00,00,00,00,00,00,
4048894,108182FE,true,Tx,0,8,08,D3,00,00,00,00,00,00,
4049609,1081827E,true,Rx,0,8,21,C7,00,00,00,00,00,00,
4050007,108182FE,true,Tx,0,8,09,D3,00,00,00,00,00,00,
4051142,108182FE,true,Tx,0,8,0A,D3,00,00,00,00,00,00,
4051902,1081827E,true,Rx,0,8,22,C7,00,00,00,00,00,00,
4052276,108182FE,true,Tx,0,8,0B,D3,00,00,00,00,00,00,
4053371,108182FE,true,Tx,0,8,0C,D3,00,00,00,00,00,00,
4054247,1081827E,true,Rx,0,8,23,C7,00,00,00,00,00,00,
4054530,108182FE,true,Tx,0,8,0D,D3,00,00,00,00,00,00,
4055671,108182FE,true,Tx,0,8,0E,D3,00,00,00,00,00,00,
4056556,1081827E,true,Rx,0,8,24,C7,00,00,00,00,00,00,
4056820,108182FE,true,Tx,0,8,0F,D3,00,00,00,00,00,00,
4058848,1081827E,true,Rx,0,8,25,C7,00,00,00,00,00,00,
4058445,108182FE,true,Tx,0,8,00,D4,00,00,00,00,00,00,
4059651,108182FE,true,Tx,0,8,01,D4,00,00,00,00,00,00,
4061185,1081827E,true,Rx,0,8,26,C7,00,00,00,00,00,00,
4060816,108182FE,true,Tx,0,8,02,D4,00,00,00,00,00,00,
4061958,108182FE,true,Tx,0,8,03,D4,00,00,00,00,00,00,
4063478,1081827E,true,Rx,0,8,27,C7,00,00,00,00,00,00,
4063080,108182FE,true,Tx,0,8,04,D4,00,00,00,00,00,00,
4064247,108182FE,true,Tx,0,8,05,D4,00,00,00,00,00,00,
4065838,1081827E,true,Rx,0,8,29,C7,00,00,00,00,00,00,
4065402,108182FE,true,Tx,0,8,06,D4,00,00,00,00,00,00,
4066476,108182FE,true,Tx,0,8,07,D4,00,00,00,00,00,00,
4068125,1081827E,true,Rx,0,8,2A,C7,00,00,00,00,00,00,
4067630,108182FE,true,Tx,0,8,08,D4,00,00,00,00,00,00,
4068752,108182FE,true,Tx,0,8,09,D4,00,00,00,00,00,00,
4069845,108182FE,true,Tx,0,8,0A,D4,00,00,00,00,00,00,
4070440,1081827E,true,Rx,0,8,2C,C7,00,00,00,00,00,00,
4070995,108182FE,true,Tx,0,8,0B,D4,00,00,00,00,00,00,
4072776,1081827E,true,Rx,0,8,2F,C7,00,00,00,00,00,00,
4072371,108182FE,true,Tx,0,8,0C,D4,00,00,00,00,00,00,
4073726,108182FE,true,Tx,0,8,0D,D4,00,00,00,00,00,00,
4075139,1081827E,true,Rx,0,8,20,C8,00,00,00,00,00,00,
4075351,108182FE,true,Tx,0,8,0E,D4,00,00,00,00,00,00,
4076637,108182FE,true,Tx,0,8,0F,D4,00,00,00,00,00,00,
4077443,1081827E,true,Rx,0,8,22,C8,00,00,00,00,00,00,
4077823,108182FE,true,Tx,0,8,00,D5,00,00,00,00,00,00,
4079020,108182FE,true,Tx,0,8,01,D5,00,00,00,00,00,00,
4079778,1081827E,true,Rx,0,8,24,C8,00,00,00,00,00,00,
4080171,108182FE,true,Tx,0,8,02,D5,00,00,00,00,00,00,
4081299,108182FE,true,Tx,0,8,03,D5,00,00,00,00,00,00,
4082074,1081827E,true,Rx,0,8,27,C8,00,00,00,00,00,00,
4082524,108182FE,true,Tx,0,8,04,D5,00,00,00,00,00,00,
4083615,108182FE,true,Tx,0,8,05,D5,00,00,00,00,00,00,
4084442,1081827E,true,Rx,0,8,28,C8,00,00,00,00,00,00,
4084790,108182FE,true,Tx,0,8,06,D5,00,00,00,00,00,00,
4085933,108182FE,true,Tx,0,8,07,D5,00,00,00,00,00,00,
4086784,1081827E,true,Rx,0,8,2A,C8,00,00,00,00,00,00,
4087078,108182FE,true,Tx,0,8,08,D5,00,00,00,00,00,00,
4088232,108182FE,true,Tx,0,8,09,D5,00,00,00,00,00,00,
4089124,1081827E,true,Rx,0,8,2C,C8,00,00,00,00,00,00,
4089403,108182FE,true,Tx,0,8,0A,D5,00,00,00,00,00,00,
4090709,108182FE,true,Tx,0,8,0B,D5,00,00,00,00,00,00,
4091451,1081827E,true,Rx,0,8,2E,C8,00,00,00,00,00,00,
4092190,108182FE,true,Tx,0,8,0C,D5,00,00,00,00,00,00,
4093381,108182FE,true,Tx,0,8,0D,D5,00,00,00,00,00,00,
4094538,108182FE,true,Tx,0,8,0E,D5,00,00,00,00,00,00,
4096070,1081827E,true,Rx,0,8,20,C9,00,00,00,00,00,00,
4096071,1001117E,true,Rx,0,8,00,01,00,00,00,00,00,00,
4096072,1081827E,true,Rx,0,8,22,C9,00,00,00,00,00,00,
4095723,108182FE,true,Tx,0,8,0F,D5,00,00,00,00,00,00,
4096845,108182FE,true,Tx,0,8,00,D6,00,00,00,00,00,00,
4098022,108182FE,true,Tx,0,8,01,D6,00,00,00,00,00,00,
4099550,1081827E,true,Rx,0,8,24,C9,00,00,00,00,00,00,
4099222,108182FE,true,Tx,0,8,02,D6,00,00,00,00,00,00,
4100391,108182FE,true,Tx,0,8,03,D6,00,00,00,00,00,00,
4101840,1081827E,true,Rx,0,8,26,C9,00,00,00,00,00,00,
4101588,108182FE,true,Tx,0,8,04,D6,00,00,00,00,00,00,
4102757,108182FE,true,Tx,0,8,05,D6,00,00,00,00,00,00,
4104176,1081827E,true,Rx,0,8,28,C9,00,00,00,00,00,00,
4103911,108182FE,true,Tx,0,8,06,D6,00,00,00,00,00,00,
4105059,108182FE,true,Tx,0,8,07,D6,00,00,00,00,00,00,
4106444,1081827E,true,Rx,0,8,2A,C9,00,00,00,00,00,00,
4106219,108182FE,true,Tx,0,8,08,D6,00,00,00,00,00,00,
4107612,108182FE,true,Tx,0,8,09,D6,00,00,00,00,00,00,
4108777,1081827E,true,Rx,0,8,2B,C9,00,00,00,00,00,00,
4109128,108182FE,true,Tx,0,8,0A,D6,00,00,00,00,00,00,
4110258,108182FE,true,Tx,0,8,0B,D6,00,00,00,00,00,00,
4111132,1081827E,true,Rx,0,8,2D,C9,00,00,00,00,00,00,
4111451,108182FE,true,Tx,0,8,0C,D6,00,00,00,00,00,00,
4112565,108182FE,true,Tx,0,8,0D,D6,00,00,00,00,00,00,
4113442,1081827E,true,Rx,0,8,2F,C9,00,00,00,00,00,00,
4113766,108182FE,true,Tx,0,8,0E,D6,00,00,00,00,00,00,
4114897,108182FE,true,Tx,0,8,0F,D6,00,00,00,00,00,00,
4115780,1081827E,true,Rx,0,8,20,CA,00,00,00,00,00,00,
4116121,108182FE,true,Tx,0,8,00,D7,00,00,00,00,00,00,
4117242,108182FE,true,Tx,0,8,01,D7,00,00,00,00,00,00,
4118067,1081827E,true,Rx,0,8,22,CA,00,00,00,00,00,00,
4118442,108182FE,true,Tx,0,8,02,D7,00,00,00,00,00,00,
4119583,108182FE,true,Tx,0,8,03,D7,00,00,00,00,00,00,
4120444,1081827E,true,Rx,0,8,24,CA,00,00,00,00,00,00,
4120800,108182FE,true,Tx,0,8,04,D7,00,00,00,00,00,00,
4121951,108182FE,true,Tx,0,8,05,D7,00,00,00,00,00,00,
4122726,1081827E,true,Rx,0,8,26,CA,00,00,00,00,00,00,
4123662,108182FE,true,Tx,0,8,06,D7,00,00,00,00,00,00,
4125068,1081827E,true,Rx,0,8,28,CA,00,00,00,00,00,00,
4125598,108182FE,true,Tx,0,8,07,D7,00,00,00,00,00,00,
4127440,1081827E,true,Rx,0,8,2A,CA,00,00,00,00,00,00,
4126972,108182FE,true,Tx,0,8,08,D7,00,00,00,00,00,00,
4128250,108182FE,true,Tx,0,8,09,D7,00,00,00,00,00,00,
4129666,1081827E,true,Rx,0,8,2B,CA,00,00,00,00,00,00,
4129701,108182FE,true,Tx,0,8,0A,D7,00,00,00,00,00,00,
4131057,108182FE,true,Tx,0,8,0B,D7,00,00,00,00,00,00,
4132013,1081827E,true,Rx,0,8,2E,CA,00,00,00,00,00,00,
4132383,108182FE,true,Tx,0,8,0C,D7,00,00,00,00,00,00,
4133653,108182FE,true,Tx,0,8,0D,D7,00,00,00,00,00,00,
4134304,1081827E,true,Rx,0,8,2F,CA,00,00,00,00,00,00,
4134951,108182FE,true,Tx,0,8,0E,D7,00,00,00,00,00,00,
4136611,1081827E,true,Rx,0,8,22,CB,00,00,00,00,00,00,
4136591,108182FE,true,Tx,0,8,0F,D7,00,00,00,00,00,00,
4137941,108182FE,true,Tx,0,8,00,D8,00,00,00,00,00,00,
4138953,1081827E,true,Rx,0,8,23,CB,00,00,00,00,00,00,
4139523,108182FE,true,Tx,0,8,01,D8,00,00,00,00,00,00,
4141244,1081827E,true,Rx,0,8,25,CB,00,00,00,00,00,00,
4141177,108182FE,true,Tx,0,8,02,D8,00,00,00,00,00,00,
4142804,108182FE,true,Tx,0,8,03,D8,00,00,00,00,00,00,
4143614,1081827E,true,Rx,0,8,27,CB,00,00,00,00,00,00,
4144433,108182FE,true,Tx,0,8,04,D8,00,00,00,00,00,00,
4145896,1081827E,true,Rx,0,8,28,CB,00,00,00,00,00,00,
4145664,108182FE,true,Tx,0,8,05,D8,00,00,00,00,00,00,
4146803,108182FE,true,Tx,0,8,06,D8,00,00,00,00,00,00,
4148188,1081827E,true,Rx,0,8,2A,CB,00,00,00,00,00,00,
4148037,108182FE,true,Tx,0,8,07,D8,00,00,00,00,00,00,
4149283,108182FE,true,Tx,0,8,08,D8,00,00,00,00,00,00,
4150556,1081827E,true,Rx,0,8,2C,CB,00,00,00,00,00,00,
4150587,108182FE,true,Tx,0,8,09,D8,00,00,00,00,00,00,
4151747,108182FE,true,Tx,0,8,0A,D8,00,00,00,00,00,00,
4152838,1081827E,true,Rx,0,8,2E,CB,00,00,00,00,00,00,
4152919,108182FE,true,Tx,0,8,0B,D8,00,00,00,00,00,00,
4154120,108182FE,true,Tx,0,8,0C,D8,00,00,00,00,00,00,
4155191,1081827E,true,Rx,0,8,20,CC,00,00,00,00,00,00,
4155568,108182FE,true,Tx,0,8,0D,D8,00,00,00,00,00,00,
4156888,108182FE,true,Tx,0,8,0E,D8,00,00,00,00,00,00,
4157556,1081827E,true,Rx,0,8,22,CC,00,00,00,00,00,00,
4158385,108182FE,true,Tx,0,8,0F,D8,00,00,00,00,00,00,
4159833,1081827E,true,Rx,0,8,24,CC,00,00,00,00,00,00,
4159710,108182FE,true,Tx,0,8,00,D9,00,00,00,00,00,00,
4160988,108182FE,true,Tx,0,8,01,D9,00,00,00,00,00,00,
4162181,1081827E,true,Rx,0,8,26,CC,00,00,00,00,00,00,
4162487,108182FE,true,Tx,0,8,02,D9,00,00,00,00,00,00,
4163822,108182FE,true,Tx,0,8,03,D9,00,00,00,00,00,00,
4164550,1081827E,true,Rx,0,8,27,CC,00,00,00,00,00,00,
4165278,108182FE,true,Tx,0,8,04,D9,00,00,00,00,00,00,
4166896,1081827E,true,Rx,0,8,29,CC,00,00,00,00,00,00,
4166565,108182FE,true,Tx,0,8,05,D9,00,00,00,00,00,00,
4167808,108182FE,true,Tx,0,8,06,D9,00,00,00,00,00,00,
4169192,1081827E,true,Rx,0,8,2C,CC,00,00,00,00,00,00,
4169249,108182FE,true,Tx,0,8,07,D9,00,00,00,00,00,00,
4170608,108182FE,true,Tx,0,8,08,D9,00,00,00,00,00,00,
4171564,1081827E,true,Rx,0,8,2D,CC,00,00,00,00,00,00,
4171904,108182FE,true,Tx,0,8,09,D9,00,00,00,00,00,00,
4173225,108182FE,true,Tx,0,8,0A,D9,00,00,00,00,00,00,
4173835,1081827E,true,Rx,0,8,2F,CC,00,00,00,00,00,00,
4174861,108182FE,true,Tx,0,8,0B,D9,00,00,00,00,00,00,
4176175,1081827E,true,Rx,0,8,21,CD,00,00,00,00,00,00,
4176318,108182FE,true,Tx,0,8,0C,D9,00,00,00,00,00,00,
4177523,108182FE,true,Tx,0,8,0D,D9,00,00,00,00,00,00,
4178483,1081827E,true,Rx,0,8,23,CD,00,00,00,00,00,00,
4178685,108182FE,true,Tx,0,8,0E,D9,00,00,00,00,00,00,
4179866,108182FE,true,Tx,0,8,0F,D9,00,00,00,00,00,00,
4180780,1081827E,true,Rx,0,8,25,CD,00,00,00,00,00,00,
4181145,108182FE,true,Tx,0,8,00,DA,00,00,00,00,00,00,
4182373,108182FE,true,Tx,0,8,01,DA,00,00,00,00,00,00,
4183131,1081827E,true,Rx,0,8,27,CD,00,00,00,00,00,00,
4183558,108182FE,true,Tx,0,8,02,DA,00,00,00,00,00,00,
4184717,108182FE,true,Tx,0,8,03,DA,00,00,00,00,00,00,
4185444,1081827E,true,Rx,0,8,29,CD,00,00,00,00,00,00,
4185879,108182FE,true,Tx,0,8,04,DA,00,00,00,00,00,00,
4187048,108182FE,true,Tx,0,8,05,DA,00,00,00,00,00,00,
4187732,1081827E,true,Rx,0,8,2B,CD,00,00,00,00,00,00,
4188434,108182FE,true,Tx,0,8,06,DA,00,00,00,00,00,00,
4190078,1081827E,true,Rx,0,8,2D,CD,00,00,00,00,00,00,
4189655,108182FE,true,Tx,0,8,07,DA,00,00,00,00,00,00,
4191049,108182FE,true,Tx,0,8,08,DA,00,00,00,00,00,00,
4192459,1081827E,true,Rx,0,8,2F,CD,00,00,00,00,00,00,
4192932,108182FE,true,Tx,0,8,09,DA,00,00,00,00,00,00,
4194137,108182FE,true,Tx,0,8,0A,DA,00,00,00,00,00,00,
4194720,1081827E,true,Rx,0,8,21,CE,00,00,00,00,00,00,
4195328,108182FE,true,Tx,0,8,0B,DA,00,00,00,00,00,00,
4197070,1081827E,true,Rx,0,8,23,CE,00,00,00,00,00,00,
4196522,108182FE,true,Tx,0,8,0C,DA,00,00,00,00,00,00,
4197694,108182FE,true,Tx,0,8,0D,DA,00,00,00,00,00,00,
4198875,108182FE,true,Tx,0,8,0E,DA,00,00,00,00,00,00,
4199444,1081827E,true,Rx,0,8,25,CE,00,00,00,00,00,00,
4200355,108182FE,true,Tx,0,8,0F,DA,00,00,00,00,00,00,
4201730,1081827E,true,Rx,0,8,27,CE,00,00,00,00,00,00,
4201606,108182FE,true,Tx,0,8,00,DB,00,00,00,00,00,00,
4202782,108182FE,true,Tx,0,8,01,DB,00,00,00,00,00,00,
4204018,1081827E,true,Rx,0,8,29,CE,00,00,00,00,00,00,
4203986,108182FE,true,Tx,0,8,02,DB,00,00,00,00,00,00,
4205162,108182FE,true,Tx,0,8,03,DB,00,00,00,00,00,00,
4206442,1081827E,true,Rx,0,8,2B,CE,00,00,00,00,00,00,
4206584,108182FE,true,Tx,0,8,04,DB,00,00,00,00,00,00,
4208733,1081827E,true,Rx,0,8,2D,CE,00,00,00,00,00,00,
4208404,108182FE,true,Tx,0,8,05,DB,00,00,00,00,00,00,
4209872,108182FE,true,Tx,0,8,06,DB,00,00,00,00,00,00,
4211009,1081827E,true,Rx,0,8,2F,CE,00,00,00,00,00,00,
4211310,108182FE,true,Tx,0,8,07,DB,00,00,00,00,00,00,
4212457,108182FE,true,Tx,0,8,08,DB,00,00,00,00,00,00,
4213348,1081827E,true,Rx,0,8,21,CF,00,00,00,00,00,00,
4213605,108182FE,true,Tx,0,8,09,DB,00,00,00,00,00,00,
4214798,108182FE,true,Tx,0,8,0A,DB,00,00,00,00,00,00,
4215661,1081827E,true,Rx,0,8,24,CF,00,00,00,00,00,00,
4216035,108182FE,true,Tx,0,8,0B,DB,00,00,00,00,00,00,
4217220,108182FE,true,Tx,0,8,0C,DB,00,00,00,00,00,00,
4217960,1081827E,true,Rx,0,8,25,CF,00,00,00,00,00,00,
4218467,108182FE,true,Tx,0,8,0D,DB,00,00,00,00,00,00,
4220301,1081827E,true,Rx,0,8,27,CF,00,00,00,00,00,00,
4223724,1081827E,true,Rx,0,8,28,CF,00,00,00,00,00,00,
4223725,1081827E,true,Rx,0,8,2A,CF,00,00,00,00,00,00,
4227246,1081827E,true,Rx,0,8,2C,CF,00,00,00,00,00,00,
4229573,1081827E,true,Rx,0,8,2E,CF,00,00,00,00,00,00,
4231905,1081827E,true,Rx,0,8,20,D0,00,00,00,00,00,00,
4231801,108182FE,true,Tx,0,8,0E,DB,00,00,00,00,00,00,
4234241,1081827E,true,Rx,0,8,21,D0,00,00,00,00,00,00,
4236552,1081827E,true,Rx,0,8,23,D0,00,00,00,00,00,00,
4238900,1081827E,true,Rx,0,8,25,D0,00,00,00,00,00,00,
4241182,1081827E,true,Rx,0,8,27,D0,00,00,00,00,00,00,
4243560,1081827E,true,Rx,0,8,29,D0,00,00,00,00,00,00,
4245900,1081827E,true,Rx,0,8,2B,D0,00,00,00,00,00,00,
4247442,108182FE,true,Tx,0,8,0F,DB,00,00,00,00,00,00,
4248232,1081827E,true,Rx,0,8,2D,D0,00,00,00,00,00,00,
4248828,108182FE,true,Tx,0,8,00,DC,00,00,00,00,00,00,
4250561,1081827E,true,Rx,0,8,2E,D0,00,00,00,00,00,00,
4250190,108182FE,true,Tx,0,8,01,DC,00,00,00,00,00,00,
4251452,108182FE,true,Tx,0,8,02,DC,00,00,00,00,00,00,
4252771,108182FE,true,Tx,0,8,03,DC,00,00,00,00,00,00,
4254023,1081827E,true,Rx,0,8,20,D1,00,00,00,00,00,00,
4254024,1081827E,true,Rx,0,8,21,D1,00,00,00,00,00,00,
4253990,108182FE,true,Tx,0,8,04,DC,00,00,00,00,00,00,
4255175,108182FE,true,Tx,0,8,05,DC,00,00,00,00,00,00,
4256430,108182FE,true,Tx,0,8,06,DC,00,00,00,00,00,00,
4257480,1081827E,true,Rx,0,8,23,D1,00,00,00,00,00,00,
4257932,108182FE,true,Tx,0,8,07,DC,00,00,00,00,00,00,
4259786,1081827E,true,Rx,0,8,24,D1,00,00,00,00,00,00,
4259953,108182FE,true,Tx,0,8,08,DC,00,00,00,00,00,00,
4262113,1081827E,true,Rx,0,8,25,D1,00,00,00,00,00,00,
4262296,108182FE,true,Tx,0,8,09,DC,00,00,00,00,00,00,
4263537,108182FE,true,Tx,0,8,0A,DC,00,00,00,00,00,00,
4264445,1081827E,true,Rx,0,8,26,D1,00,00,00,00,00,00,
4264811,108182FE,true,Tx,0,8,0B,DC,00,00,00,00,00,00,
4266054,108182FE,true,Tx,0,8,0C,DC,00,00,00,00,00,00,
4266782,1081827E,true,Rx,0,8,27,D1,00,00,00,00,00,00,
4267332,108182FE,true,Tx,0,8,0D,DC,00,00,00,00,00,00,
4269068,1081827E,true,Rx,0,8,28,D1,00,00,00,00,00,00,
4268541,108182FE,true,Tx,0,8,0E,DC,00,00,00,00,00,00,
4269769,108182FE,true,Tx,0,8,0F,DC,00,00,00,00,00,00,
4271444,1081827E,true,Rx,0,8,29,D1,00,00,00,00,00,00,
4270913,108182FE,true,Tx,0,8,00,DD,00,00,00,00,00,00,
4272296,108182FE,true,Tx,0,8,01,DD,00,00,00,00,00,00,
4273724,1081827E,true,Rx,0,8,2A,D1,00,00,00,00,00,00,
4273554,108182FE,true,Tx,0,8,02,DD,00,00,00,00,00,00,
4275343,108182FE,true,Tx,0,8,03,DD,00,00,00,00,00,00,
4276003,1081827E,true,Rx,0,8,2B,D1,00,00,00,00,00,00,
4276610,108182FE,true,Tx,0,8,04,DD,00,00,00,00,00,00,
4277789,108182FE,true,Tx,0,8,05,DD,00,00,00,00,00,00,
4278436,1081827E,true,Rx,0,8,2C,D1,00,00,00,00,00,00,
4279000,108182FE,true,Tx,0,8,06,DD,00,00,00,00,00,00,
4280671,1081827E,true,Rx,0,8,2D,D1,00,00,00,00,00,00,
4280132,108182FE,true,Tx,0,8,07,DD,00,00,00,00,00,00,
4281308,108182FE,true,Tx,0,8,08,DD,00,00,00,00,00,00,
4282955,1081827E,true,Rx,0,8,2E,D1,00,00,00,00,00,00,
4282464,108182FE,true,Tx,0,8,09,DD,00,00,00,00,00,00,
4283731,108182FE,true,Tx,0,8,0A,DD,00,00,00,00,00,00,
4285300,1081827E,true,Rx,0,8,2F,D1,00,00,00,00,00,00,
4285253,108182FE,true,Tx,0,8,0B,DD,00,00,00,00,00,00,
4286667,108182FE,true,Tx,0,8,0C,DD,00,00,00,00,00,00,
4287668,1081827E,true,Rx,0,8,20,D2,00,00,00,00,00,00,
4288018,108182FE,true,Tx,0,8,0D,DD,00,00,00,00,00,00,
4289955,1081827E,true,Rx,0,8,21,D2,00,00,00,00,00,00,
4289454,108182FE,true,Tx,0,8,0E,DD,00,00,00,00,00,00,
4290754,108182FE,true,Tx,0,8,0F,DD,00,00,00,00,00,00,
4292301,1081827E,true,Rx,0,8,22,D2,00,00,00,00,00,00,
4292246,108182FE,true,Tx,0,8,00,DE,00,00,00,00,00,00,
4293552,108182FE,true,Tx,0,8,01,DE,00,00,00,00,00,00,
4294739,108182FE,true,Tx,0,8,02,DE,00,00,00,00,00,00,
4295728,1081827E,true,Rx,0,8,23,D2,00,00,00,00,00,00,
4295729,1081827E,true,Rx,0,8,24,D2,00,00,00,00,00,00,
4295915,108182FE,true,Tx,0,8,03,DE,00,00,00,00,00,00,
4297059,108182FE,true,Tx,0,8,04,DE,00,00,00,00,00,00,
4298235,108182FE,true,Tx,0,8,05,DE,00,00,00,00,00,00,
4299251,1081827E,true,Rx,0,8,25,D2,00,00,00,00,00,00,
4299431,108182FE,true,Tx,0,8,06,DE,00,00,00,00,00,00,
4300879,108182FE,true,Tx,0,8,07,DE,00,00,00,00,00,00,
4301562,1081827E,true,Rx,0,8,26,D2,00,00,00,00,00,00,
4302206,108182FE,true,Tx,0,8,08,DE,00,00,00,00,00,00,
4303409,108182FE,true,Tx,0,8,09,DE,00,00,00,00,00,00,
4305027,1081827E,true,Rx,0,8,27,D2,00,00,00,00,00,00,
4305029,1081827E,true,Rx,0,8,28,D2,00,00,00,00,00,00,
4304612,108182FE,true,Tx,0,8,0A,DE,00,00,00,00,00,00,
4305902,108182FE,true,Tx,0,8,0B,DE,00,00,00,00,00,00,
4307147,108182FE,true,Tx,0,8,0C,DE,00,00,00,00,00,00,
4308491,1081827E,true,Rx,0,8,29,D2,00,00,00,00,00,00,
4308769,108182FE,true,Tx,0,8,0D,DE,00,00,00,00,00,00,
4310014,108182FE,true,Tx,0,8,0E,DE,00,00,00,00,00,00,
4310846,1081827E,true,Rx,0,8,2A,D2,00,00,00,00,00,00,
4311247,108182FE,true,Tx,0,8,0F,DE,00,00,00,00,00,00,
4313133,1081827E,true,Rx,0,8,2B,D2,00,00,00,00,00,00,
4312693,108182FE,true,Tx,0,8,00,DF,00,00,00,00,00,00,
4313926,108182FE,true,Tx,0,8,01,DF,00,00,00,00,00,00,
4315449,1081827E,true,Rx,0,8,2C,D2,00,00,00,00,00,00,
4315136,108182FE,true,Tx,0,8,02,DF,00,00,00,00,00,00,
4316320,108182FE,true,Tx,0,8,03,DF,00,00,00,00,00,00,
4317783,1081827E,true,Rx,0,8,2D,D2,00,00,00,00,00,00,
4317634,108182FE,true,Tx,0,8,04,DF,00,00,00,00,00,00,
4319155,108182FE,true,Tx,0,8,05,DF,00,00,00,00,00,00,
4320130,1081827E,true,Rx,0,8,2E,D2,00,00,00,00,00,00,
4320672,108182FE,true,Tx,0,8,06,DF,00,00,00,00,00,00,
4322450,1081827E,true,Rx,0,8,2F,D2,00,00,00,00,00,00,
4322117,108182FE,true,Tx,0,8,07,DF,00,00,00,00,00,00,
4323461,108182FE,true,Tx,0,8,08,DF,00,00,00,00,00,00,
4324786,1081827E,true,Rx,0,8,20,D3,00,00,00,00,00,00,
4325419,108182FE,true,Tx,0,8,09,DF,00,00,00,00,00,00,
4327070,1081827E,true,Rx,0,8,21,D3,00,00,00,00,00,00,
4326622,108182FE,true,Tx,0,8,0A,DF,00,00,00,00,00,00,
4327908,108182FE,true,Tx,0,8,0B,DF,00,00,00,00,00,00,
4329480,1081827E,true,Rx,0,8,22,D3,00,00,00,00,00,00,
4329192,108182FE,true,Tx,0,8,0C,DF,00,00,00,00,00,00,
4330407,108182FE,true,Tx,0,8,0D,DF,00,00,00,00,00,00,
4331724,1081827E,true,Rx,0,8,24,D3,00,00,00,00,00,00,
4331597,108182FE,true,Tx,0,8,0E,DF,00,00,00,00,00,00,
4332788,108182FE,true,Tx,0,8,0F,DF,00,00,00,00,00,00,
4334067,1081827E,true,Rx,0,8,27,D3,00,00,00,00,00,00,
4334055,108182FE,true,Tx,0,8,00,E0,00,00,00,00,00,00,
4335239,108182FE,true,Tx,0,8,01,E0,00,00,00,00,00,00,
4336443,1081827E,true,Rx,0,8,29,D3,00,00,00,00,00,00,
4336454,108182FE,true,Tx,0,8,02,E0,00,00,00,00,00,00,
4337619,108182FE,true,Tx,0,8,03,E0,00,00,00,00,00,00,
4338668,1081827E,true,Rx,0,8,2B,D3,00,00,00,00,00,00,
4338929,108182FE,true,Tx,0,8,04,E0,00,00,00,00,00,00,
4340118,108182FE,true,Tx,0,8,05,E0,00,00,00,00,00,00,
4341012,1081827E,true,Rx,0,8,2D,D3,00,00,00,00,00,00,
4342050,108182FE,true,Tx,0,8,06,E0,00,00,00,00,00,00,
4343312,1081827E,true,Rx,0,8,2F,D3,00,00,00,00,00,00,
4343347,108182FE,true,Tx,0,8,07,E0,00,00,00,00,00,00,
4344512,108182FE,true,Tx,0,8,08,E0,00,00,00,00,00,00,
4345863,108182FE,true,Tx,0,8,09,E0,00,00,00,00,00,00,
4346841,1081827E,true,Rx,0,8,20,D4,00,00,00,00,00,00,
4346842,1081827E,true,Rx,0,8,22,D4,00,00,00,00,00,00,
4347185,108182FE,true,Tx,0,8,0A,E0,00,00,00,00,00,00,
4348492,108182FE,true,Tx,0,8,0B,E0,00,00,00,00,00,00,
4349724,108182FE,true,Tx,0,8,0C,E0,00,00,00,00,00,00,
4350304,1081827E,true,Rx,0,8,24,D4,00,00,00,00,00,00,
4351025,108182FE,true,Tx,0,8,0D,E0,00,00,00,00,00,00,
4352669,1081827E,true,Rx,0,8,26,D4,00,00,00,00,00,00,
4352268,108182FE,true,Tx,0,8,0E,E0,00,00,00,00,00,00,
4353489,108182FE,true,Tx,0,8,0F,E0,00,00,00,00,00,00,
4354968,1081827E,true,Rx,0,8,28,D4,00,00,00,00,00,00,
4354712,108182FE,true,Tx,0,8,00,E1,00,00,00,00,00,00,
4356002,108182FE,true,Tx,0,8,01,E1,00,00,00,00,00,00,
4357302,1081827E,true,Rx,0,8,2B,D4,00,00,00,00,00,00,
4357746,108182FE,true,Tx,0,8,02,E1,00,00,00,00,00,00,
4359663,1081827E,true,Rx,0,8,2C,D4,00,00,00,00,00,00,
4359369,108182FE,true,Tx,0,8,03,E1,00,00,00,00,00,00,
4360642,108182FE,true,Tx,0,8,04,E1,00,00,00,00,00,00,
4361961,1081827E,true,Rx,0,8,2E,D4,00,00,00,00,00,00,
4361903,108182FE,true,Tx,0,8,05,E1,00,00,00,00,00,00,
4363145,108182FE,true,Tx,0,8,06,E1,00,00,00,00,00,00,
4364360,108182FE,true,Tx,0,8,07,E1,00,00,00,00,00,00,
4365452,1081827E,true,Rx,0,8,20,D5,00,00,00,00,00,00,
4365453,1081827E,true,Rx,0,8,22,D5,00,00,00,00,00,00,
4365530,108182FE,true,Tx,0,8,08,E1,00,00,00,00,00,00,
4366746,108182FE,true,Tx,0,8,09,E1,00,00,00,00,00,00,
4368140,108182FE,true,Tx,0,8,0A,E1,00,00,00,00,00,00,
4368904,1081827E,true,Rx,0,8,24,D5,00,00,00,00,00,00,
4369536,108182FE,true,Tx,0,8,0B,E1,00,00,00,00,00,00,
4371247,1081827E,true,Rx,0,8,26,D5,00,00,00,00,00,00,
4370700,108182FE,true,Tx,0,8,0C,E1,00,00,00,00,00,00,
4371852,108182FE,true,Tx,0,8,0D,E1,00,00,00,00,00,00,
4373565,1081827E,true,Rx,0,8,28,D5,00,00,00,00,00,00,
4373335,108182FE,true,Tx,0,8,0E,E1,00,00,00,00,00,00,
4374614,108182FE,true,Tx,0,8,0F,E1,00,00,00,00,00,00,
4375838,1081827E,true,Rx,0,8,2A,D5,00,00,00,00,00,00,
4376060,108182FE,true,Tx,0,8,00,E2,00,00,00,00,00,00,
4377219,108182FE,true,Tx,0,8,01,E2,00,00,00,00,00,00,
4378190,1081827E,true,Rx,0,8,2C,D5,00,00,00,00,00,00,
4378394,108182FE,true,Tx,0,8,02,E2,00,00,00,00,00,00,
4379577,108182FE,true,Tx,0,8,03,E2,00,00,00,00,00,00,
4380581,1081827E,true,Rx,0,8,2F,D5,00,00,00,00,00,00,
4380782,108182FE,true,Tx,0,8,04,E2,00,00,00,00,00,00,
4382079,108182FE,true,Tx,0,8,05,E2,00,00,00,00,00,00,
4382834,1081827E,true,Rx,0,8,20,D6,00,00,00,00,00,00,
4383351,108182FE,true,Tx,0,8,06,E2,00,00,00,00,00,00,
4384564,108182FE,true,Tx,0,8,07,E2,00,00,00,00,00,00,
4385190,1081827E,true,Rx,0,8,22,D6,00,00,00,00,00,00,
4385786,108182FE,true,Tx,0,8,08,E2,00,00,00,00,00,00,
4387487,1081827E,true,Rx,0,8,24,D6,00,00,00,00,00,00,
4386929,108182FE,true,Tx,0,8,09,E2,00,00,00,00,00,00,
4388012,108182FE,true,Tx,0,8,0A,E2,00,00,00,00,00,00,
4389188,108182FE,true,Tx,0,8,0B,E2,00,00,00,00,00,00,
4389791,1081827E,true,Rx,0,8,26,D6,00,00,00,00,00,00,
4390328,108182FE,true,Tx,0,8,0C,E2,00,00,00,00,00,00,
4392126,1081827E,true,Rx,0,8,28,D6,00,00,00,00,00,00,
4391911,108182FE,true,Tx,0,8,0D,E2,00,00,00,00,00,00,
4393151,108182FE,true,Tx,0,8,0E,E2,00,00,00,00,00,00,
4394449,1081827E,true,Rx,0,8,2A,D6,00,00,00,00,00,00,
4394322,108182FE,true,Tx,0,8,0F,E2,00,00,00,00,00,00,
4395493,108182FE,true,Tx,0,8,00,E3,00,00,00,00,00,00,
4396735,1081827E,true,Rx,0,8,2C,D6,00,00,00,00,00,00,
4396670,108182FE,true,Tx,0,8,01,E3,00,00,00,00,00,00,
4397819,108182FE,true,Tx,0,8,02,E3,00,00,00,00,00,00,
4399066,1081827E,true,Rx,0,8,2E,D6,00,00,00,00,00,00,
4399014,108182FE,true,Tx,0,8,03,E3,00,00,00,00,00,00,
4400130,108182FE,true,Tx,0,8,04,E3,00,00,00,00,00,00,
4401448,1081827E,true,Rx,0,8,20,D7,00,00,00,00,00,00,
4401291,108182FE,true,Tx,0,8,05,E3,00,00,00,00,00,00,
4402438,108182FE,true,Tx,0,8,06,E3,00,00,00,00,00,00,
4403726,1081827E,true,Rx,0,8,22,D7,00,00,00,00,00,00,
4403555,108182FE,true,Tx,0,8,07,E3,00,00,00,00,00,00,
4404768,108182FE,true,Tx,0,8,08,E3,00,00,00,00,00,00,
4406076,1081827E,true,Rx,0,8,24,D7,00,00,00,00,00,00,
4406056,108182FE,true,Tx,0,8,09,E3,00,00,00,00,00,00,
4407519,108182FE,true,Tx,0,8,0A,E3,00,00,00,00,00,00,
4408446,1081827E,true,Rx,0,8,26,D7,00,00,00,00,00,00,
4409177,108182FE,true,Tx,0,8,0B,E3,00,00,00,00,00,00,
4410667,1081827E,true,Rx,0,8,27,D7,00,00,00,00,00,00,
4410456,108182FE,true,Tx,0,8,0C,E3,00,00,00,00,00,00,
4411645,108182FE,true,Tx,0,8,0D,E3,00,00,00,00,00,00,
4413014,1081827E,true,Rx,0,8,28,D7,00,00,00,00,00,00,
4412855,108182FE,true,Tx,0,8,0E,E3,00,00,00,00,00,00,
4414034,108182FE,true,Tx,0,8,0F,E3,00,00,00,00,00,00,
4415303,1081827E,true,Rx,0,8,2A,D7,00,00,00,00,00,00,
4415180,108182FE,true,Tx,0,8,00,E4,00,00,00,00,00,00,
4416348,108182FE,true,Tx,0,8,01,E4,00,00,00,00,00,00,
4417612,1081827E,true,Rx,0,8,2C,D7,00,00,00,00,00,00,
4417517,108182FE,true,Tx,0,8,02,E4,00,00,00,00,00,00,
4418651,108182FE,true,Tx,0,8,03,E4,00,00,00,00,00,00,
4419954,1081827E,true,Rx,0,8,2E,D7,00,00,00,00,00,00,
4419806,108182FE,true,Tx,0,8,04,E4,00,00,00,00,00,00,
4420973,108182FE,true,Tx,0,8,05,E4,00,00,00,00,00,00,
4422303,1081827E,true,Rx,0,8,2F,D7,00,00,00,00,00,00,
4422091,108182FE,true,Tx,0,8,06,E4,00,00,00,00,00,00,
4423253,108182FE,true,Tx,0,8,07,E4,00,00,00,00,00,00,
4424611,1081827E,true,Rx,0,8,21,D8,00,00,00,00,00,00,
4424752,108182FE,true,Tx,0,8,08,E4,00,00,00,00,00,00,
4426064,108182FE,true,Tx,0,8,09,E4,00,00,00,00,00,00,
4426893,1081827E,true,Rx,0,8,22,D8,00,00,00,00,00,00,
4427286,108182FE,true,Tx,0,8,0A,E4,00,00,00,00,00,00,
4428461,108182FE,true,Tx,0,8,0B,E4,00,00,00,00,00,00,
4429250,1081827E,true,Rx,0,8,24,D8,00,00,00,00,00,00,
4429619,108182FE,true,Tx,0,8,0C,E4,00,00,00,00,00,00,
4430744,108182FE,true,Tx,0,8,0D,E4,00,00,00,00,00,00,
4431607,1081827E,true,Rx,0,8,25,D8,00,00,00,00,00,00,
4431880,108182FE,true,Tx,0,8,0E,E4,00,00,00,00,00,00,
4433032,108182FE,true,Tx,0,8,0F,E4,00,00,00,00,00,00,
4433897,1081827E,true,Rx,0,8,27,D8,00,00,00,00,00,00,
4434160,108182FE,true,Tx,0,8,00,E5,00,00,00,00,00,00,
4435318,108182FE,true,Tx,0,8,01,E5,00,00,00,00,00,00,
4436251,1081827E,true,Rx,0,8,29,D8,00,00,00,00,00,00,
4436447,108182FE,true,Tx,0,8,02,E5,00,00,00,00,00,00,
4437605,108182FE,true,Tx,0,8,03,E5,00,00,00,00,00,00,
4438559,1081827E,true,Rx,0,8,2B,D8,00,00,00,00,00,00,
4438782,108182FE,true,Tx,0,8,04,E5,00,00,00,00,00,00,
4439987,108182FE,true,Tx,0,8,05,E5,00,00,00,00,00,00,
4440903,1081827E,true,Rx,0,8,2D,D8,00,00,00,00,00,00,
4441752,108182FE,true,Tx,0,8,06,E5,00,00,00,00,00,00,
4443240,1081827E,true,Rx,0,8,2F,D8,00,00,00,00,00,00,
4442892,108182FE,true,Tx,0,8,07,E5,00,00,00,00,00,00,
4444040,108182FE,true,Tx,0,8,08,E5,00,00,00,00,00,00,
4445158,108182FE,true,Tx,0,8,09,E5,00,00,00,00,00,00,
4446731,1081827E,true,Rx,0,8,20,D9,00,00,00,00,00,00,
4446732,1081827E,true,Rx,0,8,22,D9,00,00,00,00,00,00,
4446300,108182FE,true,Tx,0,8,0A,E5,00,00,00,00,00,00,
4447403,108182FE,true,Tx,0,8,0B,E5,00,00,00,00,00,00,
4448540,108182FE,true,Tx,0,8,0C,E5,00,00,00,00,00,00,
4450188,1081827E,true,Rx,0,8,24,D9,00,00,00,00,00,00,
4449669,108182FE,true,Tx,0,8,0D,E5,00,00,00,00,00,00,
4450796,108182FE,true,Tx,0,8,0E,E5,00,00,00,00,00,00,
4451894,108182FE,true,Tx,0,8,0F,E5,00,00,00,00,00,00,
4452494,1081827E,true,Rx,0,8,25,D9,00,00,00,00,00,00,
4453030,108182FE,true,Tx,0,8,00,E6,00,00,00,00,00,00,
4454222,108182FE,true,Tx,0,8,01,E6,00,00,00,00,00,00,
4454847,1081827E,true,Rx,0,8,27,D9,00,00,00,00,00,00,
4455389,108182FE,true,Tx,0,8,02,E6,00,00,00,00,00,00,
4456551,108182FE,true,Tx,0,8,03,E6,00,00,00,00,00,00,
4457134,1081827E,true,Rx,0,8,29,D9,00,00,00,00,00,00,
4458047,108182FE,true,Tx,0,8,04,E6,00,00,00,00,00,00,
4459458,1081827E,true,Rx,0,8,2A,D9,00,00,00,00,00,00,
4459397,108182FE,true,Tx,0,8,05,E6,00,00,00,00,00,00,
4460579,108182FE,true,Tx,0,8,06,E6,00,00,00,00,00,00,
4461783,1081827E,true,Rx,0,8,2C,D9,00,00,00,00,00,00,
4461752,108182FE,true,Tx,0,8,07,E6,00,00,00,00,00,00,
4462891,108182FE,true,Tx,0,8,08,E6,00,00,00,00,00,00,
4464075,1081827E,true,Rx,0,8,2E,D9,00,00,00,00,00,00,
4464069,108182FE,true,Tx,0,8,09,E6,00,00,00,00,00,00,
4465187,108182FE,true,Tx,0,8,0A,E6,00,00,00,00,00,00,
4466446,1081827E,true,Rx,0,8,20,DA,00,00,00,00,00,00,
4466305,108182FE,true,Tx,0,8,0B,E6,00,00,00,00,00,00,
4467425,108182FE,true,Tx,0,8,0C,E6,00,00,00,00,00,00,
4468732,1081827E,true,Rx,0,8,22,DA,00,00,00,00,00,00,
4468654,108182FE,true,Tx,0,8,0D,E6,00,00,00,00,00,00,
4471076,1081827E,true,Rx,0,8,24,DA,00,00,00,00,00,00,
4473447,1081827E,true,Rx,0,8,26,DA,00,00,00,00,00,00,
4475725,1081827E,true,Rx,0,8,27,DA,00,00,00,00,00,00,
4478011,1081827E,true,Rx,0,8,29,DA,00,00,00,00,00,00,
4480445,1081827E,true,Rx,0,8,2A,DA,00,00,00,00,00,00,
4482677,1081827E,true,Rx,0,8,2C,DA,00,00,00,00,00,00,
4482378,108182FE,true,Tx,0,8,0E,E6,00,00,00,00,00,00,
4485014,1081827E,true,Rx,0,8,2E,DA,00,00,00,00,00,00,
4487308,1081827E,true,Rx,0,8,20,DB,00,00,00,00,00,00,
4491958,1081827E,true,Rx,0,8,22,DB,00,00,00,00,00,00,
4491958,1001117E,true,Rx,0,8,00,01,00,00,00,00,00,00,
4491959,1081827E,true,Rx,0,8,24,DB,00,00,00,00,00,00,
4495488,1081827E,true,Rx,0,8,25,DB,00,00,00,00,00,00,
4497731,1081827E,true,Rx,0,8,27,DB,00,00,00,00,00,00,
4500077,1081827E,true,Rx,0,8,29,DB,00,00,00,00,00,00,
4499667,108182FE,true,Tx,0,8,0F,E6,00,00,00,00,00,00,
4501087,108182FE,true,Tx,0,8,00,E7,00,00,00,00,00,00,
4502447,1081827E,true,Rx,0,8,2B,DB,00,00,00,00,00,00,
4502446,108182FE,true,Tx,0,8,01,E7,00,00,00,00,00,00,
4503680,108182FE,true,Tx,0,8,02,E7,00,00,00,00,00,00,
4504675,1081827E,true,Rx,0,8,2D,DB,00,00,00,00,00,00,
4505189,108182FE,true,Tx,0,8,03,E7,00,00,00,00,00,00,
4507016,1081827E,true,Rx,0,8,2E,DB,00,00,00,00,00,00,
4506802,108182FE,true,Tx,0,8,04,E7,00,00,00,00,00,00,
4508576,108182FE,true,Tx,0,8,05,E7,00,00,00,00,00,00,
4509446,1081827E,true,Rx,0,8,2F,DB,00,00,00,00,00,00,
4511764,1081827E,true,Rx,0,8,20,DC,00,00,00,00,00,00,
4512819,108182FE,true,Tx,0,8,06,E7,00,00,00,00,00,00,
4514002,1081827E,true,Rx,0,8,21,DC,00,00,00,00,00,00,
4514742,108182FE,true,Tx,0,8,07,E7,00,00,00,00,00,00,
4516349,1081827E,true,Rx,0,8,22,DC,00,00,00,00,00,00,
4516037,108182FE,true,Tx,0,8,08,E7,00,00,00,00,00,00,
4517186,108182FE,true,Tx,0,8,09,E7,00,00,00,00,00,00,
4518669,1081827E,true,Rx,0,8,23,DC,00,00,00,00,00,00,
4518377,108182FE,true,Tx,0,8,0A,E7,00,00,00,00,00,00,
4519575,108182FE,true,Tx,0,8,0B,E7,00,00,00,00,00,00,
4521009,1081827E,true,Rx,0,8,24,DC,00,00,00,00,00,00,
4520676,108182FE,true,Tx,0,8,0C,E7,00,00,00,00,00,00,
4521803,108182FE,true,Tx,0,8,0D,E7,00,00,00,00,00,00,
4523302,1081827E,true,Rx,0,8,25,DC,00,00,00,00,00,00,
4522960,108182FE,true,Tx,0,8,0E,E7,00,00,00,00,00,00,
4524148,108182FE,true,Tx,0,8,0F,E7,00,00,00,00,00,00,
4525611,1081827E,true,Rx,0,8,26,DC,00,00,00,00,00,00,
4525400,108182FE,true,Tx,0,8,00,E8,00,00,00,00,00,00,
4526568,108182FE,true,Tx,0,8,01,E8,00,00,00,00,00,00,
4527957,1081827E,true,Rx,0,8,27,DC,00,00,00,00,00,00,
4527673,108182FE,true,Tx,0,8,02,E8,00,00,00,00,00,00,
4528913,108182FE,true,Tx,0,8,03,E8,00,00,00,00,00,00,
4530313,1081827E,true,Rx,0,8,28,DC,00,00,00,00,00,00,
4530111,108182FE,true,Tx,0,8,04,E8,00,00,00,00,00,00,
4531233,108182FE,true,Tx,0,8,05,E8,00,00,00,00,00,00,
4532613,1081827E,true,Rx,0,8,29,DC,00,00,00,00,00,00,
4532388,108182FE,true,Tx,0,8,06,E8,00,00,00,00,00,00,
4533545,108182FE,true,Tx,0,8,07,E8,00,00,00,00,00,00,
4534964,1081827E,true,Rx,0,8,2A,DC,00,00,00,00,00,00,
4534655,108182FE,true,Tx,0,8,08,E8,00,00,00,00,00,00,
4535850,108182FE,true,Tx,0,8,09,E8,00,00,00,00,00,00,
4537247,1081827E,true,Rx,0,8,2B,DC,00,00,00,00,00,00,
4537005,108182FE,true,Tx,0,8,0A,E8,00,00,00,00,00,00,
4538120,108182FE,true,Tx,0,8,0B,E8,00,00,00,00,00,00,
4539562,1081827E,true,Rx,0,8,2C,DC,00,00,00,00,00,00,
4539335,108182FE,true,Tx,0,8,0C,E8,00,00,00,00,00,00,
4540591,108182FE,true,Tx,0,8,0D,E8,00,00,00,00,00,00,
4542155,108182FE,true,Tx,0,8,0E,E8,00,00,00,00,00,00,
4543082,1081827E,true,Rx,0,8,2D,DC,00,00,00,00,00,00,
4543083,1081827E,true,Rx,0,8,2E,DC,00,00,00,00,00,00,
4543336,108182FE,true,Tx,0,8,0F,E8,00,00,00,00,00,00,
4544484,108182FE,true,Tx,0,8,00,E9,00,00,00,00,00,00,
4545671,108182FE,true,Tx,0,8,01,E9,00,00,00,00,00,00,
4546613,1081827E,true,Rx,0,8,2F,DC,00,00,00,00,00,00,
4546920,108182FE,true,Tx,0,8,02,E9,00,00,00,00,00,00,
4548076,108182FE,true,Tx,0,8,03,E9,00,00,00,00,00,00,
4548957,1081827E,true,Rx,0,8,20,DD,00,00,00,00,00,00,
4549242,108182FE,true,Tx,0,8,04,E9,00,00,00,00,00,00,
4550323,108182FE,true,Tx,0,8,05,E9,00,00,00,00,00,00,
4551253,1081827E,true,Rx,0,8,21,DD,00,00,00,00,00,00,
4551469,108182FE,true,Tx,0,8,06,E9,00,00,00,00,00,00,
4552577,108182FE,true,Tx,0,8,07,E9,00,00,00,00,00,00,
4553588,1081827E,true,Rx,0,8,22,DD,00,00,00,00,00,00,
4553702,108182FE,true,Tx,0,8,08,E9,00,00,00,00,00,00,
4554841,108182FE,true,Tx,0,8,09,E9,00,00,00,00,00,00,
4555901,1081827E,true,Rx,0,8,23,DD,00,00,00,00,00,00,
4556000,108182FE,true,Tx,0,8,0A,E9,00,00,00,00,00,00,
4557216,108182FE,true,Tx,0,8,0B,E9,00,00,00,00,00,00,
4559445,1081827E,true,Rx,0,8,24,DD,00,00,00,00,00,00,
4559446,1081827E,true,Rx,0,8,25,DD,00,00,00,00,00,00,
4559014,108182FE,true,Tx,0,8,0C,E9,00,00,00,00,00,00,
4560234,108182FE,true,Tx,0,8,0D,E9,00,00,00,00,00,00,
4562162,108182FE,true,Tx,0,8,0E,E9,00,00,00,00,00,00,
4562790,1081827E,true,Rx,0,8,26,DD,00,00,00,00,00,00,
4564437,108182FE,true,Tx,0,8,0F,E9,00,00,00,00,00,00,
4565136,1081827E,true,Rx,0,8,27,DD,00,00,00,00,00,00,
4566257,108182FE,true,Tx,0,8,00,EA,00,00,00,00,00,00,
4567451,1081827E,true,Rx,0,8,28,DD,00,00,00,00,00,00,
4567415,108182FE,true,Tx,0,8,01,EA,00,00,00,00,00,00,
4568511,108182FE,true,Tx,0,8,02,EA,00,00,00,00,00,00,
4569785,1081827E,true,Rx,0,8,29,DD,00,00,00,00,00,00,
4569678,108182FE,true,Tx,0,8,03,EA,00,00,00,00,00,00,
4570815,108182FE,true,Tx,0,8,04,EA,00,00,00,00,00,00,
4572077,1081827E,true,Rx,0,8,2B,DD,00,00,00,00,00,00,
4571967,108182FE,true,Tx,0,8,05,EA,00,00,00,00,00,00,
4573104,108182FE,true,Tx,0,8,06,EA,00,00,00,00,00,00,
4574443,1081827E,true,Rx,0,8,2D,DD,00,00,00,00,00,00,
4574710,108182FE,true,Tx,0,8,07,EA,00,00,00,00,00,00,
4576723,1081827E,true,Rx,0,8,2E,DD,00,00,00,00,00,00,
4576226,108182FE,true,Tx,0,8,08,EA,00,00,00,00,00,00,
4577494,108182FE,true,Tx,0,8,09,EA,00,00,00,00,00,00,
4579017,1081827E,true,Rx,0,8,20,DE,00,00,00,00,00,00,
4578652,108182FE,true,Tx,0,8,0A,EA,00,00,00,00,00,00,
4579824,108182FE,true,Tx,0,8,0B,EA,00,00,00,00,00,00,
4581446,1081827E,true,Rx,0,8,23,DE,00,00,00,00,00,00,
4580975,108182FE,true,Tx,0,8,0C,EA,00,00,00,00,00,00,
4582149,108182FE,true,Tx,0,8,0D,EA,00,00,00,00,00,00,
4583614,1081827E,true,Rx,0,8,24,DE,00,00,00,00,00,00,
4583322,108182FE,true,Tx,0,8,0E,EA,00,00,00,00,00,00,
4584480,108182FE,true,Tx,0,8,0F,EA,00,00,00,00,00,00,
4585964,1081827E,true,Rx,0,8,26,DE,00,00,00,00,00,00,
4585631,108182FE,true,Tx,0,8,00,EB,00,00,00,00,00,00,
4586792,108182FE,true,Tx,0,8,01,EB,00,00,00,00,00,00,
4588247,1081827E,true,Rx,0,8,28,DE,00,00,00,00,00,00,
4587886,108182FE,true,Tx,0,8,02,EB,00,00,00,00,00,00,
4589036,108182FE,true,Tx,0,8,03,EB,00,00,00,00,00,00,
4590613,1081827E,true,Rx,0,8,2A,DE,00,00,00,00,00,00,
4590224,108182FE,true,Tx,0,8,04,EB,00,00,00,00,00,00,
4591848,108182FE,true,Tx,0,8,05,EB,00,00,00,00,00,00,
4592953,1081827E,true,Rx,0,8,2B,DE,00,00,00,00,00,00,
4593108,108182FE,true,Tx,0,8,06,EB,00,00,00,00,00,00,
4594349,108182FE,true,Tx,0,8,07,EB,00,00,00,00,00,00,
4595309,1081827E,true,Rx,0,8,2D,DE,00,00,00,00,00,00,
4595536,108182FE,true,Tx,0,8,08,EB,00,00,00,00,00,00,
4596840,108182FE,true,Tx,0,8,09,EB,00,00,00,00,00,00,
4597613,1081827E,true,Rx,0,8,2F,DE,00,00,00,00,00,00,
4597986,108182FE,true,Tx,0,8,0A,EB,00,00,00,00,00,00,
4599130,108182FE,true,Tx,0,8,0B,EB,00,00,00,00,00,00,
4599958,1081827E,true,Rx,0,8,20,DF,00,00,00,00,00,00,
4600279,108182FE,true,Tx,0,8,0C,EB,00,00,00,00,00,00,
4601422,108182FE,true,Tx,0,8,0D,EB,00,00,00,00,00,00,
4602311,1081827E,true,Rx,0,8,22,DF,00,00,00,00,00,00,
4602535,108182FE,true,Tx,0,8,0E,EB,00,00,00,00,00,00,
4603668,108182FE,true,Tx,0,8,0F,EB,00,00,00,00,00,00,
4604671,1081827E,true,Rx,0,8,24,DF,00,00,00,00,00,00,
4604793,108182FE,true,Tx,0,8,00,EC,00,00,00,00,00,00,
4606028,108182FE,true,Tx,0,8,01,EC,00,00,00,00,00,00,
4607010,1081827E,true,Rx,0,8,26,DF,00,00,00,00,00,00,
4607276,108182FE,true,Tx,0,8,02,EC,00,00,00,00,00,00,
4608811,108182FE,true,Tx,0,8,03,EC,00,00,00,00,00,00,
4610487,1081827E,true,Rx,0,8,27,DF,00,00,00,00,00,00,
4610488,1081827E,true,Rx,0,8,29,DF,00,00,00,00,00,00,
4610072,108182FE,true,Tx,0,8,04,EC,00,00,00,00,00,00,
4611252,108182FE,true,Tx,0,8,05,EC,00,00,00,00,00,00,
4612379,108182FE,true,Tx,0,8,06,EC,00,00,00,00,00,00,
4613967,1081827E,true,Rx,0,8,2A,DF,00,00,00,00,00,00,
4613553,108182FE,true,Tx,0,8,07,EC,00,00,00,00,00,00,
4614704,108182FE,true,Tx,0,8,08,EC,00,00,00,00,00,00,
4616308,1081827E,true,Rx,0,8,2C,DF,00,00,00,00,00,00,
4615857,108182FE,true,Tx,0,8,09,EC,00,00,00,00,00,00,
4616938,108182FE,true,Tx,0,8,0A,EC,00,00,00,00,00,00,
4618108,108182FE,true,Tx,0,8,0B,EC,00,00,00,00,00,00,
4618681,1081827E,true,Rx,0,8,2E,DF,00,00,00,00,00,00,
4619275,108182FE,true,Tx,0,8,0C,EC,00,00,00,00,00,00,
4621025,1081827E,true,Rx,0,8,20,E0,00,00,00,00,00,00,
4620801,108182FE,true,Tx,0,8,0D,EC,00,00,00,00,00,00,
4622272,108182FE,true,Tx,0,8,0E,EC,00,00,00,00,00,00,
4623308,1081827E,true,Rx,0,8,22,E0,00,00,00,00,00,00,
4623846,108182FE,true,Tx,0,8,0F,EC,00,00,00,00,00,00,
4625673,1081827E,true,Rx,0,8,24,E0,00,00,00,00,00,00,
4625548,108182FE,true,Tx,0,8,00,ED,00,00,00,00,00,00,
4627116,108182FE,true,Tx,0,8,01,ED,00,00,00,00,00,00,
4628020,1081827E,true,Rx,0,8,26,E0,00,00,00,00,00,00,
4628451,108182FE,true,Tx,0,8,02,ED,00,00,00,00,00,00,
4630449,1081827E,true,Rx,0,8,27,E0,00,00,00,00,00,00,
4629939,108182FE,true,Tx,0,8,03,ED,00,00,00,00,00,00,
4631298,108182FE,true,Tx,0,8,04,ED,00,00,00,00,00,00,
4632736,1081827E,true,Rx,0,8,2A,E0,00,00,00,00,00,00,
4632657,108182FE,true,Tx,0,8,05,ED,00,00,00,00,00,00,
4633843,108182FE,true,Tx,0,8,06,ED,00,00,00,00,00,00,
4635074,1081827E,true,Rx,0,8,2B,E0,00,00,00,00,00,00,
4635075,108182FE,true,Tx,0,8,07,ED,00,00,00,00,00,00,
4636315,108182FE,true,Tx,0,8,08,ED,00,00,00,00,00,00,
4637448,1081827E,true,Rx,0,8,2C,E0,00,00,00,00,00,00,
4637631,108182FE,true,Tx,0,8,09,ED,00,00,00,00,00,00,
4638882,108182FE,true,Tx,0,8,0A,ED,00,00,00,00,00,00,
4639682,1081827E,true,Rx,0,8,2E,E0,00,00,00,00,00,00,
4640236,108182FE,true,Tx,0,8,0B,ED,00,00,00,00,00,00,
4641999,108182FE,true,Tx,0,8,0C,ED,00,00,00,00,00,00,
4643188,1081827E,true,Rx,0,8,20,E1,00,00,00,00,00,00,
4643189,1081827E,true,Rx,0,8,22,E1,00,00,00,00,00,00,
4643387,108182FE,true,Tx,0,8,0D,ED,00,00,00,00,00,00,
4644661,108182FE,true,Tx,0,8,0E,ED,00,00,00,00,00,00,
4645936,108182FE,true,Tx,0,8,0F,ED,00,00,00,00,00,00,
4647097,108182FE,true,Tx,0,8,00,EE,00,00,00,00,00,00,
4647841,1081827E,true,Rx,0,8,23,E1,00,00,00,00,00,00,
4647841,1081827E,true,Rx,0,8,25,E1,00,00,00,00,00,00,
4648371,108182FE,true,Tx,0,8,01,EE,00,00,00,00,00,00,
4649590,108182FE,true,Tx,0,8,02,EE,00,00,00,00,00,00,
4651311,1081827E,true,Rx,0,8,28,E1,00,00,00,00,00,00,
4650771,108182FE,true,Tx,0,8,03,EE,00,00,00,00,00,00,
4652063,108182FE,true,Tx,0,8,04,EE,00,00,00,00,00,00,
4653608,1081827E,true,Rx,0,8,29,E1,00,00,00,00,00,00,
4653284,108182FE,true,Tx,0,8,05,EE,00,00,00,00,00,00,
4654440,108182FE,true,Tx,0,8,06,EE,00,00,00,00,00,00,
4655962,1081827E,true,Rx,0,8,2B,E1,00,00,00,00,00,00,
4655558,108182FE,true,Tx,0,8,07,EE,00,00,00,00,00,00,
4656708,108182FE,true,Tx,0,8,08,EE,00,00,00,00,00,00,
4658265,1081827E,true,Rx,0,8,2C,E1,00,00,00,00,00,00,
4658145,108182FE,true,Tx,0,8,09,EE,00,00,00,00,00,00,
4659453,108182FE,true,Tx,0,8,0A,EE,00,00,00,00,00,00,
4660572,1081827E,true,Rx,0,8,2E,E1,00,00,00,00,00,00,
4660672,108182FE,true,Tx,0,8,0B,EE,00,00,00,00,00,00,
4661810,108182FE,true,Tx,0,8,0C,EE,00,00,00,00,00,00,
4662951,108182FE,true,Tx,0,8,0D,EE,00,00,00,00,00,00,
4664069,1081827E,true,Rx,0,8,20,E2,00,00,00,00,00,00,
4664070,1081827E,true,Rx,0,8,22,E2,00,00,00,00,00,00,
4664094,108182FE,true,Tx,0,8,0E,EE,00,00,00,00,00,00,
4665234,108182FE,true,Tx,0,8,0F,EE,00,00,00,00,00,00,
4666322,108182FE,true,Tx,0,8,00,EF,00,00,00,00,00,00,
4667562,1081827E,true,Rx,0,8,24,E2,00,00,00,00,00,00,
4667578,108182FE,true,Tx,0,8,01,EF,00,00,00,00,00,00,
4668743,108182FE,true,Tx,0,8,02,EF,00,00,00,00,00,00,
4669906,1081827E,true,Rx,0,8,26,E2,00,00,00,00,00,00,
4670028,108182FE,true,Tx,0,8,03,EF,00,00,00,00,00,00,
4671298,108182FE,true,Tx,0,8,04,EF,00,00,00,00,00,00,
4672189,1081827E,true,Rx,0,8,27,E2,00,00,00,00,00,00,
4672713,108182FE,true,Tx,0,8,05,EF,00,00,00,00,00,00,
4674506,1081827E,true,Rx,0,8,29,E2,00,00,00,00,00,00,
4674108,108182FE,true,Tx,0,8,06,EF,00,00,00,00,00,00,
4675733,108182FE,true,Tx,0,8,07,EF,00,00,00,00,00,00,
4676841,1081827E,true,Rx,0,8,2B,E2,00,00,00,00,00,00,
4677268,108182FE,true,Tx,0,8,08,EF,00,00,00,00,00,00,
4679185,1081827E,true,Rx,0,8,2D,E2,00,00,00,00,00,00,
4678644,108182FE,true,Tx,0,8,09,EF,00,00,00,00,00,00,
4679898,108182FE,true,Tx,0,8,0A,EF,00,00,00,00,00,00,
4681490,1081827E,true,Rx,0,8,2F,E2,00,00,00,00,00,00,
4681126,108182FE,true,Tx,0,8,0B,EF,00,00,00,00,00,00,
4682303,108182FE,true,Tx,0,8,0C,EF,00,00,00,00,00,00,
4683800,1081827E,true,Rx,0,8,21,E3,00,00,00,00,00,00,
4683639,108182FE,true,Tx,0,8,0D,EF,00,00,00,00,00,00,
4685080,108182FE,true,Tx,0,8,0E,EF,00,00,00,00,00,00,
4686134,1081827E,true,Rx,0,8,23,E3,00,00,00,00,00,00,
4686296,108182FE,true,Tx,0,8,0F,EF,00,00,00,00,00,00,
4687432,108182FE,true,Tx,0,8,00,F0,00,00,00,00,00,00,
4688490,1081827E,true,Rx,0,8,25,E3,00,00,00,00,00,00,
4688827,108182FE,true,Tx,0,8,01,F0,00,00,00,00,00,00,
4690219,108182FE,true,Tx,0,8,02,F0,00,00,00,00,00,00,
4690850,1081827E,true,Rx,0,8,27,E3,00,00,00,00,00,00,
4691895,108182FE,true,Tx,0,8,03,F0,00,00,00,00,00,00,
4693136,108182FE,true,Tx,0,8,04,F0,00,00,00,00,00,00,
4694305,1081827E,true,Rx,0,8,29,E3,00,00,00,00,00,00,
4694305,1081827E,true,Rx,0,8,2B,E3,00,00,00,00,00,00,
4694289,108182FE,true,Tx,0,8,05,F0,00,00,00,00,00,00,
4695367,108182FE,true,Tx,0,8,06,F0,00,00,00,00,00,00,
4696494,108182FE,true,Tx,0,8,07,F0,00,00,00,00,00,00,
4697797,1081827E,true,Rx,0,8,2C,E3,00,00,00,00,00,00,
4697566,108182FE,true,Tx,0,8,08,F0,00,00,00,00,00,00,
4698692,108182FE,true,Tx,0,8,09,F0,00,00,00,00,00,00,
4700070,1081827E,true,Rx,0,8,2E,E3,00,00,00,00,00,00,
4699819,108182FE,true,Tx,0,8,0A,F0,00,00,00,00,00,00,
4700942,108182FE,true,Tx,0,8,0B,F0,00,00,00,00,00,00,
4702451,1081827E,true,Rx,0,8,20,E4,00,00,00,00,00,00,
4702093,108182FE,true,Tx,0,8,0C,F0,00,00,00,00,00,00,
4703225,108182FE,true,Tx,0,8,0D,F0,00,00,00,00,00,00,
4704734,1081827E,true,Rx,0,8,22,E4,00,00,00,00,00,00,
4704336,108182FE,true,Tx,0,8,0E,F0,00,00,00,00,00,00,
4705499,108182FE,true,Tx,0,8,0F,F0,00,00,00,00,00,00,
4706634,108182FE,true,Tx,0,8,00,F1,00,00,00,00,00,00,
4708249,1081827E,true,Rx,0,8,24,E4,00,00,00,00,00,00,
4708249,1081827E,true,Rx,0,8,26,E4,00,00,00,00,00,00,
4707968,108182FE,true,Tx,0,8,01,F1,00,00,00,00,00,00,
4709248,108182FE,true,Tx,0,8,02,F1,00,00,00,00,00,00,
4710447,108182FE,true,Tx,0,8,03,F1,00,00,00,00,00,00,
4711724,1081827E,true,Rx,0,8,28,E4,00,00,00,00,00,00,
4711642,108182FE,true,Tx,0,8,04,F1,00,00,00,00,00,00,
4712806,108182FE,true,Tx,0,8,05,F1,00,00,00,00,00,00,
4714073,1081827E,true,Rx,0,8,2A,E4,00,00,00,00,00,00,
4714006,108182FE,true,Tx,0,8,06,F1,00,00,00,00,00,00,
4715264,108182FE,true,Tx,0,8,07,F1,00,00,00,00,00,00,
4716448,1081827E,true,Rx,0,8,2C,E4,00,00,00,00,00,00,
4716442,108182FE,true,Tx,0,8,08,F1,00,00,00,00,00,00,
4717572,108182FE,true,Tx,0,8,09,F1,00,00,00,00,00,00,
4718677,1081827E,true,Rx,0,8,2E,E4,00,00,00,00,00,00,
4718862,108182FE,true,Tx,0,8,0A,F1,00,00,00,00,00,00,
4721014,1081827E,true,Rx,0,8,20,E5,00,00,00,00,00,00,
4723449,1081827E,true,Rx,0,8,22,E5,00,00,00,00,00,00,
4725666,1081827E,true,Rx,0,8,24,E5,00,00,00,00,00,00,
4728011,1081827E,true,Rx,0,8,26,E5,00,00,00,00,00,00,
4730299,1081827E,true,Rx,0,8,27,E5,00,00,00,00,00,00,
4732618,1081827E,true,Rx,0,8,2A,E5,00,00,00,00,00,00,
4732068,108182FE,true,Tx,0,8,0B,F1,00,00,00,00,00,00,
4734963,1081827E,true,Rx,0,8,2B,E5,00,00,00,00,00,00,
4737308,1081827E,true,Rx,0,8,2D,E5,00,00,00,00,00,00,
4739623,1081827E,true,Rx,0,8,20,E6,00,00,00,00,00,00,
4741964,1081827E,true,Rx,0,8,21,E6,00,00,00,00,00,00,
4744266,1081827E,true,Rx,0,8,23,E6,00,00,00,00,00,00,
4746615,1081827E,true,Rx,0,8,25,E6,00,00,00,00,00,00,
4746613,108182FE,true,Tx,0,8,0C,F1,00,00,00,00,00,00,
4747921,108182FE,true,Tx,0,8,0D,F1,00,00,00,00,00,00,
4748958,1081827E,true,Rx,0,8,27,E6,00,00,00,00,00,00,
4749078,108182FE,true,Tx,0,8,0E,F1,00,00,00,00,00,00,
4750250,108182FE,true,Tx,0,8,0F,F1,00,00,00,00,00,00,
4751247,1081827E,true,Rx,0,8,29,E6,00,00,00,00,00,00,
4751415,108182FE,true,Tx,0,8,00,F2,00,00,00,00,00,00,
4752564,108182FE,true,Tx,0,8,01,F2,00,00,00,00,00,00,
4753582,1081827E,true,Rx,0,8,2B,E6,00,00,00,00,00,00,
4753706,108182FE,true,Tx,0,8,02,F2,00,00,00,00,00,00,
4754863,108182FE,true,Tx,0,8,03,F2,00,00,00,00,00,00,
4755906,1081827E,true,Rx,0,8,2D,E6,00,00,00,00,00,00,
4756052,108182FE,true,Tx,0,8,04,F2,00,00,00,00,00,00,
4757230,108182FE,true,Tx,0,8,05,F2,00,00,00,00,00,00,
4758197,1081827E,true,Rx,0,8,2E,E6,00,00,00,00,00,00,
4758408,108182FE,true,Tx,0,8,06,F2,00,00,00,00,00,00,
4759808,108182FE,true,Tx,0,8,07,F2,00,00,00,00,00,00,
4760560,1081827E,true,Rx,0,8,2F,E6,00,00,00,00,00,00,
4761630,108182FE,true,Tx,0,8,08,F2,00,00,00,00,00,00,
4762912,1081827E,true,Rx,0,8,20,E7,00,00,00,00,00,00,
4763900,108182FE,true,Tx,0,8,09,F2,00,00,00,00,00,00,
4765183,1081827E,true,Rx,0,8,21,E7,00,00,00,00,00,00,
4765195,108182FE,true,Tx,0,8,0A,F2,00,00,00,00,00,00,
4766398,108182FE,true,Tx,0,8,0B,F2,00,00,00,00,00,00,
4767490,1081827E,true,Rx,0,8,22,E7,00,00,00,00,00,00,
4767623,108182FE,true,Tx,0,8,0C,F2,00,00,00,00,00,00,
4768901,108182FE,true,Tx,0,8,0D,F2,00,00,00,00,00,00,
4769791,1081827E,true,Rx,0,8,23,E7,00,00,00,00,00,00,
4770159,108182FE,true,Tx,0,8,0E,F2,00,00,00,00,00,00,
4771349,108182FE,true,Tx,0,8,0F,F2,00,00,00,00,00,00,
4772139,1081827E,true,Rx,0,8,24,E7,00,00,00,00,00,00,
4772562,108182FE,true,Tx,0,8,00,F3,00,00,00,00,00,00,
4773746,108182FE,true,Tx,0,8,01,F3,00,00,00,00,00,00,
4774451,1081827E,true,Rx,0,8,25,E7,00,00,00,00,00,00,
4774917,108182FE,true,Tx,0,8,02,F3,00,00,00,00,00,00,
4776790,1081827E,true,Rx,0,8,26,E7,00,00,00,00,00,00,
4776441,108182FE,true,Tx,0,8,03,F3,00,00,00,00,00,00,
4777864,108182FE,true,Tx,0,8,04,F3,00,00,00,00,00,00,
4779073,1081827E,true,Rx,0,8,27,E7,00,00,00,00,00,00,
4779131,108182FE,true,Tx,0,8,05,F3,00,00,00,00,00,00,
4780349,108182FE,true,Tx,0,8,06,F3,00,00,00,00,00,00,
4781561,108182FE,true,Tx,0,8,07,F3,00,00,00,00,00,00,
4782581,1081827E,true,Rx,0,8,28,E7,00,00,00,00,00,00,
4782582,1081827E,true,Rx,0,8,29,E7,00,00,00,00,00,00,
4782778,108182FE,true,Tx,0,8,08,F3,00,00,00,00,00,00,
4783948,108182FE,true,Tx,0,8,09,F3,00,00,00,00,00,00,
4785093,108182FE,true,Tx,0,8,0A,F3,00,00,00,00,00,00,
4786303,108182FE,true,Tx,0,8,0B,F3,00,00,00,00,00,00,
4787194,1081827E,true,Rx,0,8,2A,E7,00,00,00,00,00,00,
4787194,1081827E,true,Rx,0,8,2B,E7,00,00,00,00,00,00,
4787487,108182FE,true,Tx,0,8,0C,F3,00,00,00,00,00,00,
4788640,108182FE,true,Tx,0,8,0D,F3,00,00,00,00,00,00,
4789813,108182FE,true,Tx,0,8,0E,F3,00,00,00,00,00,00,
4790675,1081827E,true,Rx,0,8,2C,E7,00,00,00,00,00,00,
4791001,108182FE,true,Tx,0,8,0F,F3,00,00,00,00,00,00,
4793013,1081827E,true,Rx,0,8,2D,E7,00,00,00,00,00,00,
4792468,108182FE,true,Tx,0,8,00,F4,00,00,00,00,00,00,
4793790,108182FE,true,Tx,0,8,01,F4,00,00,00,00,00,00,
4795448,1081827E,true,Rx,0,8,2E,E7,00,00,00,00,00,00,
4795004,108182FE,true,Tx,0,8,02,F4,00,00,00,00,00,00,
4796176,108182FE,true,Tx,0,8,03,F4,00,00,00,00,00,00,
4797675,1081827E,true,Rx,0,8,2F,E7,00,00,00,00,00,00,
4797369,108182FE,true,Tx,0,8,04,F4,00,00,00,00,00,00,
4798577,108182FE,true,Tx,0,8,05,F4,00,00,00,00,00,00,
4800019,1081827E,true,Rx,0,8,20,E8,00,00,00,00,00,00,
4799805,108182FE,true,Tx,0,8,06,F4,00,00,00,00,00,00,
4801042,108182FE,true,Tx,0,8,07,F4,00,00,00,00,00,00,
4802450,1081827E,true,Rx,0,8,21,E8,00,00,00,00,00,00,
4802284,108182FE,true,Tx,0,8,08,F4,00,00,00,00,00,00,
4803426,108182FE,true,Tx,0,8,09,F4,00,00,00,00,00,00,
4804680,1081827E,true,Rx,0,8,22,E8,00,00,00,00,00,00,
4804542,108182FE,true,Tx,0,8,0A,F4,00,00,00,00,00,00,
4805666,108182FE,true,Tx,0,8,0B,F4,00,00,00,00,00,00,
4807024,1081827E,true,Rx,0,8,23,E8,00,00,00,00,00,00,
4806825,108182FE,true,Tx,0,8,0C,F4,00,00,00,00,00,00,
4807977,108182FE,true,Tx,0,8,0D,F4,00,00,00,00,00,00,
4809452,1081827E,true,Rx,0,8,24,E8,00,00,00,00,00,00,
4809462,108182FE,true,Tx,0,8,0E,F4,00,00,00,00,00,00,
4810841,108182FE,true,Tx,0,8,0F,F4,00,00,00,00,00,00,
4811727,1081827E,true,Rx,0,8,25,E8,00,00,00,00,00,00,
4812117,108182FE,true,Tx,0,8,00,F5,00,00,00,00,00,00,
4813294,108182FE,true,Tx,0,8,01,F5,00,00,00,00,00,00,
4814019,1081827E,true,Rx,0,8,26,E8,00,00,00,00,00,00,
4814484,108182FE,true,Tx,0,8,02,F5,00,00,00,00,00,00,
4815604,108182FE,true,Tx,0,8,03,F5,00,00,00,00,00,00,
4816449,1081827E,true,Rx,0,8,27,E8,00,00,00,00,00,00,
4816795,108182FE,true,Tx,0,8,04,F5,00,00,00,00,00,00,
4817954,108182FE,true,Tx,0,8,05,F5,00,00,00,00,00,00,
4818671,1081827E,true,Rx,0,8,28,E8,00,00,00,00,00,00,
4819123,108182FE,true,Tx,0,8,06,F5,00,00,00,00,00,00,
4820253,108182FE,true,Tx,0,8,07,F5,00,00,00,00,00,00,
4821021,1081827E,true,Rx,0,8,29,E8,00,00,00,00,00,00,
4821393,108182FE,true,Tx,0,8,08,F5,00,00,00,00,00,00,
4822584,108182FE,true,Tx,0,8,09,F5,00,00,00,00,00,00,
4823449,1081827E,true,Rx,0,8,2A,E8,00,00,00,00,00,00,
4823860,108182FE,true,Tx,0,8,0A,F5,00,00,00,00,00,00,
4825026,108182FE,true,Tx,0,8,0B,F5,00,00,00,00,00,00,
4825674,1081827E,true,Rx,0,8,2C,E8,00,00,00,00,00,00,
4826576,108182FE,true,Tx,0,8,0C,F5,00,00,00,00,00,00,
4828015,1081827E,true,Rx,0,8,2F,E8,00,00,00,00,00,00,
4827893,108182FE,true,Tx,0,8,0D,F5,00,00,00,00,00,00,
4829136,108182FE,true,Tx,0,8,0E,F5,00,00,00,00,00,00,
4830449,1081827E,true,Rx,0,8,20,E9,00,00,00,00,00,00,
4830398,108182FE,true,Tx,0,8,0F,F5,00,00,00,00,00,00,
4831604,108182FE,true,Tx,0,8,00,F6,00,00,00,00,00,00,
4832681,1081827E,true,Rx,0,8,22,E9,00,00,00,00,00,00,
4832883,108182FE,true,Tx,0,8,01,F6,00,00,00,00,00,00,
4834134,108182FE,true,Tx,0,8,02,F6,00,00,00,00,00,00,
4834963,1081827E,true,Rx,0,8,24,E9,00,00,00,00,00,00,
4835353,108182FE,true,Tx,0,8,03,F6,00,00,00,00,00,00,
4836593,108182FE,true,Tx,0,8,04,F6,00,00,00,00,00,00,
4837313,1081827E,true,Rx,0,8,26,E9,00,00,00,00,00,00,
4837989,108182FE,true,Tx,0,8,05,F6,00,00,00,00,00,00,
4839623,1081827E,true,Rx,0,8,28,E9,00,00,00,00,00,00,
4839213,108182FE,true,Tx,0,8,06,F6,00,00,00,00,00,00,
4840542,108182FE,true,Tx,0,8,07,F6,00,00,00,00,00,00,
4841909,1081827E,true,Rx,0,8,2A,E9,00,00,00,00,00,00,
4841763,108182FE,true,Tx,0,8,08,F6,00,00,00,00,00,00,
4843252,108182FE,true,Tx,0,8,09,F6,00,00,00,00,00,00,
4844244,1081827E,true,Rx,0,8,2C,E9,00,00,00,00,00,00,
4844573,108182FE,true,Tx,0,8,0A,F6,00,00,00,00,00,00,
4845700,108182FE,true,Tx,0,8,0B,F6,00,00,00,00,00,00,
4846564,1081827E,true,Rx,0,8,2D,E9,00,00,00,00,00,00,
4846865,108182FE,true,Tx,0,8,0C,F6,00,00,00,00,00,00,
4847985,108182FE,true,Tx,0,8,0D,F6,00,00,00,00,00,00,
4848905,1081827E,true,Rx,0,8,2E,E9,00,00,00,00,00,00,
4849140,108182FE,true,Tx,0,8,0E,F6,00,00,00,00,00,00,
4850238,108182FE,true,Tx,0,8,0F,F6,00,00,00,00,00,00,
4851256,1081827E,true,Rx,0,8,20,EA,00,00,00,00,00,00,
4851409,108182FE,true,Tx,0,8,00,F7,00,00,00,00,00,00,
4852531,108182FE,true,Tx,0,8,01,F7,00,00,00,00,00,00,
4853580,1081827E,true,Rx,0,8,21,EA,00,00,00,00,00,00,
4853664,108182FE,true,Tx,0,8,02,F7,00,00,00,00,00,00,
4854747,108182FE,true,Tx,0,8,03,F7,00,00,00,00,00,00,
4855906,1081827E,true,Rx,0,8,23,EA,00,00,00,00,00,00,
4855876,108182FE,true,Tx,0,8,04,F7,00,00,00,00,00,00,
4856955,108182FE,true,Tx,0,8,05,F7,00,00,00,00,00,00,
4858198,1081827E,true,Rx,0,8,25,EA,00,00,00,00,00,00,
4858095,108182FE,true,Tx,0,8,06,F7,00,00,00,00,00,00,
4859538,108182FE,true,Tx,0,8,07,F7,00,00,00,00,00,00,
4860516,1081827E,true,Rx,0,8,27,EA,00,00,00,00,00,00,
4860906,108182FE,true,Tx,0,8,08,F7,00,00,00,00,00,00,
4862106,108182FE,true,Tx,0,8,09,F7,00,00,00,00,00,00,
4862845,1081827E,true,Rx,0,8,28,EA,00,00,00,00,00,00,
4863296,108182FE,true,Tx,0,8,0A,F7,00,00,00,00,00,00,
4864451,108182FE,true,Tx,0,8,0B,F7,00,00,00,00,00,00,
4865133,1081827E,true,Rx,0,8,2A,EA,00,00,00,00,00,00,
4865586,108182FE,true,Tx,0,8,0C,F7,00,00,00,00,00,00,
4866729,108182FE,true,Tx,0,8,0D,F7,00,00,00,00,00,00,
4867493,1081827E,true,Rx,0,8,2C,EA,00,00,00,00,00,00,
4867849,108182FE,true,Tx,0,8,0E,F7,00,00,00,00,00,00,
4868969,108182FE,true,Tx,0,8,0F,F7,00,00,00,00,00,00,
4869794,1081827E,true,Rx,0,8,2E,EA,00,00,00,00,00,00,
4870102,108182FE,true,Tx,0,8,00,F8,00,00,00,00,00,00,
4871226,108182FE,true,Tx,0,8,01,F8,00,00,00,00,00,00,
4872137,1081827E,true,Rx,0,8,20,EB,00,00,00,00,00,00,
4872350,108182FE,true,Tx,0,8,02,F8,00,00,00,00,00,00,
4873492,108182FE,true,Tx,0,8,03,F8,00,00,00,00,00,00,
4874451,1081827E,true,Rx,0,8,22,EB,00,00,00,00,00,00,
4874600,108182FE,true,Tx,0,8,04,F8,00,00,00,00,00,00,
4876069,108182FE,true,Tx,0,8,05,F8,00,00,00,00,00,00,
4876742,1081827E,true,Rx,0,8,24,EB,00,00,00,00,00,00,
4877482,108182FE,true,Tx,0,8,06,F8,00,00,00,00,00,00,
4879032,1081827E,true,Rx,0,8,26,EB,00,00,00,00,00,00,
4878688,108182FE,true,Tx,0,8,07,F8,00,00,00,00,00,00,
4879856,108182FE,true,Tx,0,8,08,F8,00,00,00,00,00,00,
4881451,1081827E,true,Rx,0,8,28,EB,00,00,00,00,00,00,
4881082,108182FE,true,Tx,0,8,09,F8,00,00,00,00,00,00,
4882198,108182FE,true,Tx,0,8,0A,F8,00,00,00,00,00,00,
4883380,108182FE,true,Tx,0,8,0B,F8,00,00,00,00,00,00,
4884847,1081827E,true,Rx,0,8,2A,EB,00,00,00,00,00,00,
4884847,1081827E,true,Rx,0,8,2C,EB,00,00,00,00,00,00,
4884517,108182FE,true,Tx,0,8,0C,F8,00,00,00,00,00,00,
4885648,108182FE,true,Tx,0,8,0D,F8,00,00,00,00,00,00,
4886722,108182FE,true,Tx,0,8,0E,F8,00,00,00,00,00,00,
4887888,108182FE,true,Tx,0,8,0F,F8,00,00,00,00,00,00,
4889097,108182FE,true,Tx,0,8,00,F9,00,00,00,00,00,00,
4890674,1081827E,true,Rx,0,8,2E,EB,00,00,00,00,00,00,
4890675,1001117E,true,Rx,0,8,00,01,00,00,00,00,00,00,
4890676,1081827E,true,Rx,0,8,20,EC,00,00,00,00,00,00,
4890300,108182FE,true,Tx,0,8,01,F9,00,00,00,00,00,00,
4891431,108182FE,true,Tx,0,8,02,F9,00,00,00,00,00,00,
4893211,108182FE,true,Tx,0,8,03,F9,00,00,00,00,00,00,
4894188,1081827E,true,Rx,0,8,22,EC,00,00,00,00,00,00,
4894526,108182FE,true,Tx,0,8,04,F9,00,00,00,00,00,00,
4895734,108182FE,true,Tx,0,8,05,F9,00,00,00,00,00,00,
4896493,1081827E,true,Rx,0,8,24,EC,00,00,00,00,00,00,
4896888,108182FE,true,Tx,0,8,06,F9,00,00,00,00,00,00,
4898064,108182FE,true,Tx,0,8,07,F9,00,00,00,00,00,00,
4898847,1081827E,true,Rx,0,8,25,EC,00,00,00,00,00,00,
4899170,108182FE,true,Tx,0,8,08,F9,00,00,00,00,00,00,
4900313,108182FE,true,Tx,0,8,09,F9,00,00,00,00,00,00,
4901142,1081827E,true,Rx,0,8,27,EC,00,00,00,00,00,00,
4901470,108182FE,true,Tx,0,8,0A,F9,00,00,00,00,00,00,
4902628,108182FE,true,Tx,0,8,0B,F9,00,00,00,00,00,00,
4903493,1081827E,true,Rx,0,8,29,EC,00,00,00,00,00,00,
4903746,108182FE,true,Tx,0,8,0C,F9,00,00,00,00,00,00,
4904867,108182FE,true,Tx,0,8,0D,F9,00,00,00,00,00,00,
4905846,1081827E,true,Rx,0,8,2B,EC,00,00,00,00,00,00,
4906008,108182FE,true,Tx,0,8,0E,F9,00,00,00,00,00,00,
4907143,108182FE,true,Tx,0,8,0F,F9,00,00,00,00,00,00,
4908141,1081827E,true,Rx,0,8,2D,EC,00,00,00,00,00,00,
4908247,108182FE,true,Tx,0,8,00,FA,00,00,00,00,00,00,
4909546,108182FE,true,Tx,0,8,01,FA,00,00,00,00,00,00,
4910487,1081827E,true,Rx,0,8,2F,EC,00,00,00,00,00,00,
4910732,108182FE,true,Tx,0,8,02,FA,00,00,00,00,00,00,
4912069,108182FE,true,Tx,0,8,03,FA,00,00,00,00,00,00,
4912782,1081827E,true,Rx,0,8,20,ED,00,00,00,00,00,00,
4913506,108182FE,true,Tx,0,8,04,FA,00,00,00,00,00,00,
4915138,1081827E,true,Rx,0,8,22,ED,00,00,00,00,00,00,
4914871,108182FE,true,Tx,0,8,05,FA,00,00,00,00,00,00,
4916258,108182FE,true,Tx,0,8,06,FA,00,00,00,00,00,00,
4917456,1081827E,true,Rx,0,8,23,ED,00,00,00,00,00,00,
4917499,108182FE,true,Tx,0,8,07,FA,00,00,00,00,00,00,
4918708,108182FE,true,Tx,0,8,08,FA,00,00,00,00,00,00,
4919795,1081827E,true,Rx,0,8,25,ED,00,00,00,00,00,00,
4919990,108182FE,true,Tx,0,8,09,FA,00,00,00,00,00,00,
4921250,108182FE,true,Tx,0,8,0A,FA,00,00,00,00,00,00,
4922144,1081827E,true,Rx,0,8,27,ED,00,00,00,00,00,00,
4922449,108182FE,true,Tx,0,8,0B,FA,00,00,00,00,00,00,
4923648,108182FE,true,Tx,0,8,0C,FA,00,00,00,00,00,00,
4924454,1081827E,true,Rx,0,8,29,ED,00,00,00,00,00,00,
4924839,108182FE,true,Tx,0,8,0D,FA,00,00,00,00,00,00,
4926733,1081827E,true,Rx,0,8,2B,ED,00,00,00,00,00,00,
4926849,108182FE,true,Tx,0,8,0E,FA,00,00,00,00,00,00,
4928283,108182FE,true,Tx,0,8,0F,FA,00,00,00,00,00,00,
4929077,1081827E,true,Rx,0,8,2D,ED,00,00,00,00,00,00,
4929592,108182FE,true,Tx,0,8,00,FB,00,00,00,00,00,00,
4930816,108182FE,true,Tx,0,8,01,FB,00,00,00,00,00,00,
4931447,1081827E,true,Rx,0,8,2E,ED,00,00,00,00,00,00,
4932053,108182FE,true,Tx,0,8,02,FB,00,00,00,00,00,00,
4933733,1081827E,true,Rx,0,8,21,EE,00,00,00,00,00,00,
4933276,108182FE,true,Tx,0,8,03,FB,00,00,00,00,00,00,
4934431,108182FE,true,Tx,0,8,04,FB,00,00,00,00,00,00,
4935673,108182FE,true,Tx,0,8,05,FB,00,00,00,00,00,00,
4937191,1081827E,true,Rx,0,8,22,EE,00,00,00,00,00,00,
4937192,1081827E,true,Rx,0,8,23,EE,00,00,00,00,00,00,
4936836,108182FE,true,Tx,0,8,06,FB,00,00,00,00,00,00,
4938029,108182FE,true,Tx,0,8,07,FB,00,00,00,00,00,00,
4939164,108182FE,true,Tx,0,8,08,FB,00,00,00,00,00,00,
4940683,1081827E,true,Rx,0,8,25,EE,00,00,00,00,00,00,
4940502,108182FE,true,Tx,0,8,09,FB,00,00,00,00,00,00,
4941769,108182FE,true,Tx,0,8,0A,FB,00,00,00,00,00,00,
4943018,1081827E,true,Rx,0,8,27,EE,00,00,00,00,00,00,
4943352,108182FE,true,Tx,0,8,0B,FB,00,00,00,00,00,00,
4944632,108182FE,true,Tx,0,8,0C,FB,00,00,00,00,00,00,
4945453,1081827E,true,Rx,0,8,29,EE,00,00,00,00,00,00,
4945970,108182FE,true,Tx,0,8,0D,FB,00,00,00,00,00,00,
4947670,1081827E,true,Rx,0,8,2B,EE,00,00,00,00,00,00,
4947217,108182FE,true,Tx,0,8,0E,FB,00,00,00,00,00,00,
4948499,108182FE,true,Tx,0,8,0F,FB,00,00,00,00,00,00,
4950023,1081827E,true,Rx,0,8,2E,EE,00,00,00,00,00,00,
4949710,108182FE,true,Tx,0,8,00,FC,00,00,00,00,00,00,
4950893,108182FE,true,Tx,0,8,01,FC,00,00,00,00,00,00,
4952451,1081827E,true,Rx,0,8,2F,EE,00,00,00,00,00,00,
4952055,108182FE,true,Tx,0,8,02,FC,00,00,00,00,00,00,
4953190,108182FE,true,Tx,0,8,03,FC,00,00,00,00,00,00,
4954626,1081827E,true,Rx,0,8,21,EF,00,00,00,00,00,00,
4954359,108182FE,true,Tx,0,8,04,FC,00,00,00,00,00,00,
4955488,108182FE,true,Tx,0,8,05,FC,00,00,00,00,00,00,
4956963,1081827E,true,Rx,0,8,23,EF,00,00,00,00,00,00,
4956642,108182FE,true,Tx,0,8,06,FC,00,00,00,00,00,00,
4957806,108182FE,true,Tx,0,8,07,FC,00,00,00,00,00,00,
4959305,1081827E,true,Rx,0,8,25,EF,00,00,00,00,00,00,
4959272,108182FE,true,Tx,0,8,08,FC,00,00,00,00,00,00,
4960815,108182FE,true,Tx,0,8,09,FC,00,00,00,00,00,00,
4961616,1081827E,true,Rx,0,8,26,EF,00,00,00,00,00,00,
4962237,108182FE,true,Tx,0,8,0A,FC,00,00,00,00,00,00,
4963904,1081827E,true,Rx,0,8,28,EF,00,00,00,00,00,00,
4963466,108182FE,true,Tx,0,8,0B,FC,00,00,00,00,00,00,
4964672,108182FE,true,Tx,0,8,0C,FC,00,00,00,00,00,00,
4966254,1081827E,true,Rx,0,8,29,EF,00,00,00,00,00,00,
4965944,108182FE,true,Tx,0,8,0D,FC,00,00,00,00,00,00,
4967109,108182FE,true,Tx,0,8,0E,FC,00,00,00,00,00,00,
4968567,1081827E,true,Rx,0,8,2B,EF,00,00,00,00,00,00,
4968314,108182FE,true,Tx,0,8,0F,FC,00,00,00,00,00,00,
4970907,1081827E,true,Rx,0,8,2D,EF,00,00,00,00,00,00,
4973269,1081827E,true,Rx,0,8,2F,EF,00,00,00,00,00,00,
4975619,1081827E,true,Rx,0,8,21,F0,00,00,00,00,00,00,
4977912,1081827E,true,Rx,0,8,22,F0,00,00,00,00,00,00,
4980252,1081827E,true,Rx,0,8,25,F0,00,00,00,00,00,00,
4981175,108182FE,true,Tx,0,8,00,FD,00,00,00,00,00,00,
4982624,1081827E,true,Rx,0,8,26,F0,00,00,00,00,00,00,
4984920,1081827E,true,Rx,0,8,28,F0,00,00,00,00,00,00,
4987255,1081827E,true,Rx,0,8,2A,F0,00,00,00,00,00,00,
4989619,1081827E,true,Rx,0,8,2C,F0,00,00,00,00,00,00,
4991919,1081827E,true,Rx,0,8,2E,F0,00,00,00,00,00,00,
4994257,1081827E,true,Rx,0,8,21,F1,00,00,00,00,00,00,
4996572,1081827E,true,Rx,0,8,22,F1,00,00,00,00,00,00,
4997479,108182FE,true,Tx,0,8,01,FD,00,00,00,00,00,00,
4998850,1081827E,true,Rx,0,8,24,F1,00,00,00,00,00,00,
4998856,108182FE,true,Tx,0,8,02,FD,00,00,00,00,00,00,
5000079,108182FE,true,Tx,0,8,03,FD,00,00,00,00,00,00,
5001199,1081827E,true,Rx,0,8,26,F1,00,00,00,00,00,00,
5001317,108182FE,true,Tx,0,8,04,FD,00,00,00,00,00,00,
5002535,108182FE,true,Tx,0,8,05,FD,00,00,00,00,00,00,
5003495,1081827E,true,Rx,0,8,28,F1,00,00,00,00,00,00,
5003772,108182FE,true,Tx,0,8,06,FD,00,00,00,00,00,00,
5004919,108182FE,true,Tx,0,8,07,FD,00,00,00,00,00,00,
5005853,1081827E,true,Rx,0,8,2A,F1,00,00,00,00,00,00,
5006135,108182FE,true,Tx,0,8,08,FD,00,00,00,00,00,00,
5007357,108182FE,true,Tx,0,8,09,FD,00,00,00,00,00,00,
5008143,1081827E,true,Rx,0,8,2B,F1,00,00,00,00,00,00,
5008485,108182FE,true,Tx,0,8,0A,FD,00,00,00,00,00,00,
5010464,1081827E,true,Rx,0,8,2C,F1,00,00,00,00,00,00,
5010096,108182FE,true,Tx,0,8,0B,FD,00,00,00,00,00,00,
5012234,108182FE,true,Tx,0,8,0C,FD,00,00,00,00,00,00,
5012812,1081827E,true,Rx,0,8,2D,F1,00,00,00,00,00,00,
5014110,108182FE,true,Tx,0,8,0D,FD,00,00,00,00,00,00,
5015133,1081827E,true,Rx,0,8,2E,F1,00,00,00,00,00,00,
5015393,108182FE,true,Tx,0,8,0E,FD,00,00,00,00,00,00,
5016576,108182FE,true,Tx,0,8,0F,FD,00,00,00,00,00,00,
5017494,1081827E,true,Rx,0,8,2F,F1,00,00,00,00,00,00,
5017840,108182FE,true,Tx,0,8,00,FE,00,00,00,00,00,00,
5019060,108182FE,true,Tx,0,8,01,FE,00,00,00,00,00,00,
5019794,1081827E,true,Rx,0,8,20,F2,00,00,00,00,00,00,
5020249,108182FE,true,Tx,0,8,02,FE,00,00,00,00,00,00,
5021391,108182FE,true,Tx,0,8,03,FE,00,00,00,00,00,00,
5022147,1081827E,true,Rx,0,8,21,F2,00,00,00,00,00,00,
5022550,108182FE,true,Tx,0,8,04,FE,00,00,00,00,00,00,
5023726,108182FE,true,Tx,0,8,05,FE,00,00,00,00,00,00,
5024458,1081827E,true,Rx,0,8,22,F2,00,00,00,00,00,00,
5024898,108182FE,true,Tx,0,8,06,FE,00,00,00,00,00,00,
5026794,1081827E,true,Rx,0,8,23,F2,00,00,00,00,00,00,
5026461,108182FE,true,Tx,0,8,07,FE,00,00,00,00,00,00,
5027771,108182FE,true,Tx,0,8,08,FE,00,00,00,00,00,00,
5029085,1081827E,true,Rx,0,8,24,F2,00,00,00,00,00,00,
5028992,108182FE,true,Tx,0,8,09,FE,00,00,00,00,00,00,
5030254,108182FE,true,Tx,0,8,0A,FE,00,00,00,00,00,00,
5031458,1081827E,true,Rx,0,8,25,F2,00,00,00,00,00,00,
5031514,108182FE,true,Tx,0,8,0B,FE,00,00,00,00,00,00,
5032702,108182FE,true,Tx,0,8,0C,FE,00,00,00,00,00,00,
5033735,1081827E,true,Rx,0,8,26,F2,00,00,00,00,00,00,
5033908,108182FE,true,Tx,0,8,0D,FE,00,00,00,00,00,00,
5035097,108182FE,true,Tx,0,8,0E,FE,00,00,00,00,00,00,
5036094,1081827E,true,Rx,0,8,27,F2,00,00,00,00,00,00,
5036302,108182FE,true,Tx,0,8,0F,FE,00,00,00,00,00,00,
5037498,108182FE,true,Tx,0,8,00,FF,00,00,00,00,00,00,
5038454,1081827E,true,Rx,0,8,28,F2,00,00,00,00,00,00,
5038697,108182FE,true,Tx,0,8,01,FF,00,00,00,00,00,00,
5039882,108182FE,true,Tx,0,8,02,FF,00,00,00,00,00,00,
5040744,1081827E,true,Rx,0,8,29,F2,00,00,00,00,00,00,
5041104,108182FE,true,Tx,0,8,03,FF,00,00,00,00,00,00,
5043080,1081827E,true,Rx,0,8,2A,F2,00,00,00,00,00,00,
5042582,108182FE,true,Tx,0,8,04,FF,00,00,00,00,00,00,
5043865,108182FE,true,Tx,0,8,05,FF,00,00,00,00,00,00,
5045450,1081827E,true,Rx,0,8,2B,F2,00,00,00,00,00,00,
5045109,108182FE,true,Tx,0,8,06,FF,00,00,00,00,00,00,
5046269,108182FE,true,Tx,0,8,07,FF,00,00,00,00,00,00,
5047734,1081827E,true,Rx,0,8,2C,F2,00,00,00,00,00,00,
5047473,108182FE,true,Tx,0,8,08,FF,00,00,00,00,00,00,
5048628,108182FE,true,Tx,0,8,09,FF,00,00,00,00,00,00,
5050025,1081827E,true,Rx,0,8,2D,F2,00,00,00,00,00,00,
5049798,108182FE,true,Tx,0,8,0A,FF,00,00,00,00,00,00,
5050931,108182FE,true,Tx,0,8,0B,FF,00,00,00,00,00,00,
5052453,1081827E,true,Rx,0,8,2E,F2,00,00,00,00,00,00,
5052100,108182FE,true,Tx,0,8,0C,FF,00,00,00,00,00,00,
5053223,108182FE,true,Tx,0,8,0D,FF,00,00,00,00,00,00,
5054677,1081827E,true,Rx,0,8,2F,F2,00,00,00,00,00,00,
5054402,108182FE,true,Tx,0,8,0E,FF,00,00,00,00,00,00,
5055608,108182FE,true,Tx,0,8,0F,FF,00,00,00,00,00,00,
5057026,1081827E,true,Rx,0,8,20,F3,00,00,00,00,00,00,
5056873,108182FE,true,Tx,0,8,00,00,00,00,00,00,00,00,
5058038,108182FE,true,Tx,0,8,01,00,00,00,00,00,00,00,
5059323,1081827E,true,Rx,0,8,21,F3,00,00,00,00,00,00,
5059296,108182FE,true,Tx,0,8,02,00,00,00,00,00,00,00,
5060600,108182FE,true,Tx,0,8,03,00,00,00,00,00,00,00,
5061671,1081827E,true,Rx,0,8,22,F3,00,00,00,00,00,00,
5061834,108182FE,true,Tx,0,8,04,00,00,00,00,00,00,00,
5063014,108182FE,true,Tx,0,8,05,00,00,00,00,00,00,00,
5063968,1081827E,true,Rx,0,8,23,F3,00,00,00,00,00,00,
5064198,108182FE,true,Tx,0,8,06,00,00,00,00,00,00,00,
5065347,108182FE,true,Tx,0,8,07,00,00,00,00,00,00,00,
5066311,1081827E,true,Rx,0,8,25,F3,00,00,00,00,00,00,
5066600,108182FE,true,Tx,0,8,08,00,00,00,00,00,00,00,
5067806,108182FE,true,Tx,0,8,09,00,00,00,00,00,00,00,
5068619,1081827E,true,Rx,0,8,28,F3,00,00,00,00,00,00,
5068957,108182FE,true,Tx,0,8,0A,00,00,00,00,00,00,00,
5070126,108182FE,true,Tx,0,8,0B,00,00,00,00,00,00,00,
5070969,1081827E,true,Rx,0,8,29,F3,00,00,00,00,00,00,
5071288,108182FE,true,Tx,0,8,0C,00,00,00,00,00,00,00,
5072451,108182FE,true,Tx,0,8,0D,00,00,00,00,00,00,00,
5073314,1081827E,true,Rx,0,8,2C,F3,00,00,00,00,00,00,
5073676,108182FE,true,Tx,0,8,0E,00,00,00,00,00,00,00,
5074837,108182FE,true,Tx,0,8,0F,00,00,00,00,00,00,00,
5075619,1081827E,true,Rx,0,8,2D,F3,00,00,00,00,00,00,
5077962,1081827E,true,Rx,0,8,2F,F3,00,00,00,00,00,00,
5077494,108182FE,true,Tx,0,8,00,01,00,00,00,00,00,00,
5080316,1081827E,true,Rx,0,8,20,F4,00,00,00,00,00,00,
5079864,108182FE,true,Tx,0,8,01,01,00,00,00,00,00,00,
5082626,1081827E,true,Rx,0,8,22,F4,00,00,00,00,00,00,
5082189,108182FE,true,Tx,0,8,02,01,00,00,00,00,00,00,
5084968,1081827E,true,Rx,0,8,24,F4,00,00,00,00,00,00,
5084538,108182FE,true,Tx,0,8,03,01,00,00,00,00,00,00,
5086072,108182FE,true,Tx,0,8,04,01,00,00,00,00,00,00,
5087321,1081827E,true,Rx,0,8,26,F4,00,00,00,00,00,00,
5087242,108182FE,true,Tx,0,8,05,01,00,00,00,00,00,00,
5088405,108182FE,true,Tx,0,8,06,01,00,00,00,00,00,00,
5089621,1081827E,true,Rx,0,8,28,F4,00,00,00,00,00,00,
5089622,108182FE,true,Tx,0,8,07,01,00,00,00,00,00,00,
5090859,108182FE,true,Tx,0,8,08,01,00,00,00,00,00,00,
5091908,1081827E,true,Rx,0,8,2A,F4,00,00,00,00,00,00,
5092365,108182FE,true,Tx,0,8,09,01,00,00,00,00,00,00,
5094258,1081827E,true,Rx,0,8,2C,F4,00,00,00,00,00,00,
5093769,108182FE,true,Tx,0,8,0A,01,00,00,00,00,00,00,
5094986,108182FE,true,Tx,0,8,0B,01,00,00,00,00,00,00,
5096561,1081827E,true,Rx,0,8,2E,F4,00,00,00,00,00,00,
5096239,108182FE,true,Tx,0,8,0C,01,00,00,00,00,00,00,
5097429,108182FE,true,Tx,0,8,0D,01,00,00,00,00,00,00,
5098912,1081827E,true,Rx,0,8,20,F5,00,00,00,00,00,00,
5098629,108182FE,true,Tx,0,8,0E,01,00,00,00,00,00,00,
5099775,108182FE,true,Tx,0,8,0F,01,00,00,00,00,00,00,
5101193,1081827E,true,Rx,0,8,22,F5,00,00,00,00,00,00,
5100944,108182FE,true,Tx,0,8,00,02,00,00,00,00,00,00,
5102127,108182FE,true,Tx,0,8,01,02,00,00,00,00,00,00,
5103589,1081827E,true,Rx,0,8,24,F5,00,00,00,00,00,00,
5103282,108182FE,true,Tx,0,8,02,02,00,00,00,00,00,00,
5104423,108182FE,true,Tx,0,8,03,02,00,00,00,00,00,00,
5105850,1081827E,true,Rx,0,8,26,F5,00,00,00,00,00,00,
5105599,108182FE,true,Tx,0,8,04,02,00,00,00,00,00,00,
5106758,108182FE,true,Tx,0,8,05,02,00,00,00,00,00,00,
5108134,1081827E,true,Rx,0,8,28,F5,00,00,00,00,00,00,
5107925,108182FE,true,Tx,0,8,06,02,00,00,00,00,00,00,
5109460,108182FE,true,Tx,0,8,07,02,00,00,00,00,00,00,
5110491,1081827E,true,Rx,0,8,2A,F5,00,00,00,00,00,00,
5110882,108182FE,true,Tx,0,8,08,02,00,00,00,00,00,00,
5112090,108182FE,true,Tx,0,8,09,02,00,00,00,00,00,00,
5112800,1081827E,true,Rx,0,8,2C,F5,00,00,00,00,00,00,
5113336,108182FE,true,Tx,0,8,0A,02,00,00,00,00,00,00,
5115146,1081827E,true,Rx,0,8,2D,F5,00,00,00,00,00,00,
5114640,108182FE,true,Tx,0,8,0B,02,00,00,00,00,00,00,
5115809,108182FE,true,Tx,0,8,0C,02,00,00,00,00,00,00,
5117496,1081827E,true,Rx,0,8,2F,F5,00,00,00,00,00,00,
5116998,108182FE,true,Tx,0,8,0D,02,00,00,00,00,00,00,
5118154,108182FE,true,Tx,0,8,0E,02,00,00,00,00,00,00,
5119792,1081827E,true,Rx,0,8,21,F6,00,00,00,00,00,00,
5119394,108182FE,true,Tx,0,8,0F,02,00,00,00,00,00,00,
5120594,108182FE,true,Tx,0,8,00,03,00,00,00,00,00,00,
5122141,1081827E,true,Rx,0,8,23,F6,00,00,00,00,00,00,
5121857,108182FE,true,Tx,0,8,01,03,00,00,00,00,00,00,
5123112,108182FE,true,Tx,0,8,02,03,00,00,00,00,00,00,
5124462,1081827E,true,Rx,0,8,25,F6,00,00,00,00,00,00,
5124421,108182FE,true,Tx,0,8,03,03,00,00,00,00,00,00,
5125801,108182FE,true,Tx,0,8,04,03,00,00,00,00,00,00,
5126737,1081827E,true,Rx,0,8,26,F6,00,00,00,00,00,00,
5127712,108182FE,true,Tx,0,8,05,03,00,00,00,00,00,00,
5129070,1081827E,true,Rx,0,8,28,F6,00,00,00,00,00,00,
5129073,108182FE,true,Tx,0,8,06,03,00,00,00,00,00,00,
5130383,108182FE,true,Tx,0,8,07,03,00,00,00,00,00,00,
5131454,1081827E,true,Rx,0,8,2A,F6,00,00,00,00,00,00,
5131727,108182FE,true,Tx,0,8,08,03,00,00,00,00,00,00,
5133047,108182FE,true,Tx,0,8,09,03,00,00,00,00,00,00,
5133737,1081827E,true,Rx,0,8,2C,F6,00,00,00,00,00,00,
5134429,108182FE,true,Tx,0,8,0A,03,00,00,00,00,00,00,
5136024,1081827E,true,Rx,0,8,2E,F6,00,00,00,00,00,00,
5135717,108182FE,true,Tx,0,8,0B,03,00,00,00,00,00,00,
5137007,108182FE,true,Tx,0,8,0C,03,00,00,00,00,00,00,
5138455,1081827E,true,Rx,0,8,20,F7,00,00,00,00,00,00,
5138356,108182FE,true,Tx,0,8,0D,03,00,00,00,00,00,00,
5139628,108182FE,true,Tx,0,8,0E,03,00,00,00,00,00,00,
5140686,1081827E,true,Rx,0,8,22,F7,00,00,00,00,00,00,
5140945,108182FE,true,Tx,0,8,0F,03,00,00,00,00,00,00,
5142381,108182FE,true,Tx,0,8,00,04,00,00,00,00,00,00,
5142970,1081827E,true,Rx,0,8,24,F7,00,00,00,00,00,00,
5143948,108182FE,true,Tx,0,8,01,04,00,00,00,00,00,00,
5145324,108182FE,true,Tx,0,8,02,04,00,00,00,00,00,00,
5146460,1081827E,true,Rx,0,8,26,F7,00,00,00,00,00,00,
5146653,108182FE,true,Tx,0,8,03,04,00,00,00,00,00,00,
5147957,108182FE,true,Tx,0,8,04,04,00,00,00,00,00,00,
5148734,1081827E,true,Rx,0,8,28,F7,00,00,00,00,00,00,
5149284,108182FE,true,Tx,0,8,05,04,00,00,00,00,00,00,
5151084,1081827E,true,Rx,0,8,2A,F7,00,00,00,00,00,00,
5150594,108182FE,true,Tx,0,8,06,04,00,00,00,00,00,00,
5151826,108182FE,true,Tx,0,8,07,04,00,00,00,00,00,00,
5153460,1081827E,true,Rx,0,8,2C,F7,00,00,00,00,00,00,
5153925,108182FE,true,Tx,0,8,08,04,00,00,00,00,00,00,
5155134,108182FE,true,Tx,0,8,09,04,00,00,00,00,00,00,
5155742,1081827E,true,Rx,0,8,2E,F7,00,00,00,00,00,00,
5156340,108182FE,true,Tx,0,8,0A,04,00,00,00,00,00,00,
5157514,108182FE,true,Tx,0,8,0B,04,00,00,00,00,00,00,
5158088,1081827E,true,Rx,0,8,20,F8,00,00,00,00,00,00,
5158630,108182FE,true,Tx,0,8,0C,04,00,00,00,00,00,00,
5160128,108182FE,true,Tx,0,8,0D,04,00,00,00,00,00,00,
5161622,1081827E,true,Rx,0,8,22,F8,00,00,00,00,00,00,
5161623,1081827E,true,Rx,0,8,24,F8,00,00,00,00,00,00,
5161559,108182FE,true,Tx,0,8,0E,04,00,00,00,00,00,00,
5162731,108182FE,true,Tx,0,8,0F,04,00,00,00,00,00,00,
5163974,1081827E,true,Rx,0,8,26,F8,00,00,00,00,00,00,
5163920,108182FE,true,Tx,0,8,00,05,00,00,00,00,00,00,
5165091,108182FE,true,Tx,0,8,01,05,00,00,00,00,00,00,
5166316,1081827E,true,Rx,0,8,27,F8,00,00,00,00,00,00,
5166223,108182FE,true,Tx,0,8,02,05,00,00,00,00,00,00,
5167358,108182FE,true,Tx,0,8,03,05,00,00,00,00,00,00,
5168626,1081827E,true,Rx,0,8,29,F8,00,00,00,00,00,00,
5168554,108182FE,true,Tx,0,8,04,05,00,00,00,00,00,00,
5169692,108182FE,true,Tx,0,8,05,05,00,00,00,00,00,00,
5170971,1081827E,true,Rx,0,8,2C,F8,00,00,00,00,00,00,
5170827,108182FE,true,Tx,0,8,06,05,00,00,00,00,00,00,
5171948,108182FE,true,Tx,0,8,07,05,00,00,00,00,00,00,
5173315,1081827E,true,Rx,0,8,2D,F8,00,00,00,00,00,00,
5173133,108182FE,true,Tx,0,8,08,05,00,00,00,00,00,00,
5174271,108182FE,true,Tx,0,8,09,05,00,00,00,00,00,00,
5175623,1081827E,true,Rx,0,8,21,F9,00,00,00,00,00,00,
5175428,108182FE,true,Tx,0,8,0A,05,00,00,00,00,00,00,
5176926,108182FE,true,Tx,0,8,0B,05,00,00,00,00,00,00,
5177954,1081827E,true,Rx,0,8,22,F9,00,00,00,00,00,00,
5178288,108182FE,true,Tx,0,8,0C,05,00,00,00,00,00,00,
5179428,108182FE,true,Tx,0,8,0D,05,00,00,00,00,00,00,
5180306,1081827E,true,Rx,0,8,24,F9,00,00,00,00,00,00,
5180635,108182FE,true,Tx,0,8,0E,05,00,00,00,00,00,00,
5181755,108182FE,true,Tx,0,8,0F,05,00,00,00,00,00,00,
5182622,1081827E,true,Rx,0,8,26,F9,00,00,00,00,00,00,
5182932,108182FE,true,Tx,0,8,00,06,00,00,00,00,00,00,
5184101,108182FE,true,Tx,0,8,01,06,00,00,00,00,00,00,
5184965,1081827E,true,Rx,0,8,28,F9,00,00,00,00,00,00,
5185285,108182FE,true,Tx,0,8,02,06,00,00,00,00,00,00,
5186430,108182FE,true,Tx,0,8,03,06,00,00,00,00,00,00,
5187316,1081827E,true,Rx,0,8,2A,F9,00,00,00,00,00,00,
5187583,108182FE,true,Tx,0,8,04,06,00,00,00,00,00,00,
5188705,108182FE,true,Tx,0,8,05,06,00,00,00,00,00,00,
5189622,1081827E,true,Rx,0,8,2C,F9,00,00,00,00,00,00,
5189909,108182FE,true,Tx,0,8,06,06,00,00,00,00,00,00,
5191190,108182FE,true,Tx,0,8,07,06,00,00,00,00,00,00,
5191966,1081827E,true,Rx,0,8,2E,F9,00,00,00,00,00,00,
5192403,108182FE,true,Tx,0,8,08,06,00,00,00,00,00,00,
5194307,1081827E,true,Rx,0,8,20,FA,00,00,00,00,00,00,
5194155,108182FE,true,Tx,0,8,09,06,00,00,00,00,00,00,
5195447,108182FE,true,Tx,0,8,0A,06,00,00,00,00,00,00,
5196635,1081827E,true,Rx,0,8,22,FA,00,00,00,00,00,00,
5196685,108182FE,true,Tx,0,8,0B,06,00,00,00,00,00,00,
5197847,108182FE,true,Tx,0,8,0C,06,00,00,00,00,00,00,
5198970,1081827E,true,Rx,0,8,24,FA,00,00,00,00,00,00,
5199062,108182FE,true,Tx,0,8,0D,06,00,00,00,00,00,00,
5200175,108182FE,true,Tx,0,8,0E,06,00,00,00,00,00,00,
5201318,1081827E,true,Rx,0,8,25,FA,00,00,00,00,00,00,
5201367,108182FE,true,Tx,0,8,0F,06,00,00,00,00,00,00,
5202466,108182FE,true,Tx,0,8,00,07,00,00,00,00,00,00,
5203659,108182FE,true,Tx,0,8,01,07,00,00,00,00,00,00,
5204801,1081827E,true,Rx,0,8,27,FA,00,00,00,00,00,00,
5204801,1081827E,true,Rx,0,8,29,FA,00,00,00,00,00,00,
5204770,108182FE,true,Tx,0,8,02,07,00,00,00,00,00,00,
5205923,108182FE,true,Tx,0,8,03,07,00,00,00,00,00,00,
5207086,108182FE,true,Tx,0,8,04,07,00,00,00,00,00,00,
5208318,1081827E,true,Rx,0,8,2B,FA,00,00,00,00,00,00,
5208253,108182FE,true,Tx,0,8,05,07,00,00,00,00,00,00,
5209437,108182FE,true,Tx,0,8,06,07,00,00,00,00,00,00,
5210882,108182FE,true,Tx,0,8,07,07,00,00,00,00,00,00,
5211782,1081827E,true,Rx,0,8,2D,FA,00,00,00,00,00,00,
5211783,1081827E,true,Rx,0,8,2E,FA,00,00,00,00,00,00,
5212280,108182FE,true,Tx,0,8,08,07,00,00,00,00,00,00,
5213467,108182FE,true,Tx,0,8,09,07,00,00,00,00,00,00,
5214637,108182FE,true,Tx,0,8,0A,07,00,00,00,00,00,00,
5215312,1081827E,true,Rx,0,8,20,FB,00,00,00,00,00,00,
5215822,108182FE,true,Tx,0,8,0B,07,00,00,00,00,00,00,
5216952,108182FE,true,Tx,0,8,0C,07,00,00,00,00,00,00,
5217623,1081827E,true,Rx,0,8,22,FB,00,00,00,00,00,00,
5218123,108182FE,true,Tx,0,8,0D,07,00,00,00,00,00,00,
5221147,1081827E,true,Rx,0,8,23,FB,00,00,00,00,00,00,
5221148,1081827E,true,Rx,0,8,26,FB,00,00,00,00,00,00,
5224630,1081827E,true,Rx,0,8,27,FB,00,00,00,00,00,00,
5226965,1081827E,true,Rx,0,8,29,FB,00,00,00,00,00,00,
5229314,1081827E,true,Rx,0,8,2B,FB,00,00,00,00,00,00,
5230670,108182FE,true,Tx,0,8,0E,07,00,00,00,00,00,00,
5231679,1081827E,true,Rx,0,8,2D,FB,00,00,00,00,00,00,
5234026,1081827E,true,Rx,0,8,2E,FB,00,00,00,00,00,00,
5236455,1081827E,true,Rx,0,8,20,FC,00,00,00,00,00,00,
5238685,1081827E,true,Rx,0,8,22,FC,00,00,00,00,00,00,
5241031,1081827E,true,Rx,0,8,24,FC,00,00,00,00,00,00,
5243456,1081827E,true,Rx,0,8,26,FC,00,00,00,00,00,00,
5245745,1081827E,true,Rx,0,8,28,FC,00,00,00,00,00,00,
5245843,108182FE,true,Tx,0,8,0F,07,00,00,00,00,00,00,
5248067,1081827E,true,Rx,0,8,2A,FC,00,00,00,00,00,00,
5248096,108182FE,true,Tx,0,8,00,08,00,00,00,00,00,00,
5249310,108182FE,true,Tx,0,8,01,08,00,00,00,00,00,00,
5250458,1081827E,true,Rx,0,8,2B,FC,00,00,00,00,00,00,
5250522,108182FE,true,Tx,0,8,02,08,00,00,00,00,00,00,
5251661,108182FE,true,Tx,0,8,03,08,00,00,00,00,00,00,
5252740,1081827E,true,Rx,0,8,2D,FC,00,00,00,00,00,00,
5252861,108182FE,true,Tx,0,8,04,08,00,00,00,00,00,00,
5253987,108182FE,true,Tx,0,8,05,08,00,00,00,00,00,00,
5255089,1081827E,true,Rx,0,8,2F,FC,00,00,00,00,00,00,
5255145,108182FE,true,Tx,0,8,06,08,00,00,00,00,00,00,
5256280,108182FE,true,Tx,0,8,07,08,00,00,00,00,00,00,
5257458,1081827E,true,Rx,0,8,20,FD,00,00,00,00,00,00,
5257445,108182FE,true,Tx,0,8,08,08,00,00,00,00,00,00,
5258535,108182FE,true,Tx,0,8,09,08,00,00,00,00,00,00,
5259732,1081827E,true,Rx,0,8,21,FD,00,00,00,00,00,00,
5259935,108182FE,true,Tx,0,8,0A,08,00,00,00,00,00,00,
5262082,1081827E,true,Rx,0,8,22,FD,00,00,00,00,00,00,
5261723,108182FE,true,Tx,0,8,0B,08,00,00,00,00,00,00,
5263858,108182FE,true,Tx,0,8,0C,08,00,00,00,00,00,00,
5264441,1081827E,true,Rx,0,8,23,FD,00,00,00,00,00,00,
5265575,108182FE,true,Tx,0,8,0D,08,00,00,00,00,00,00,
5266735,1081827E,true,Rx,0,8,24,FD,00,00,00,00,00,00,
5266724,108182FE,true,Tx,0,8,0E,08,00,00,00,00,00,00,
5268073,108182FE,true,Tx,0,8,0F,08,00,00,00,00,00,00,
5269073,1081827E,true,Rx,0,8,25,FD,00,00,00,00,00,00,
5269225,108182FE,true,Tx,0,8,00,09,00,00,00,00,00,00,
5270384,108182FE,true,Tx,0,8,01,09,00,00,00,00,00,00,
5271458,1081827E,true,Rx,0,8,26,FD,00,00,00,00,00,00,
5271482,108182FE,true,Tx,0,8,02,09,00,00,00,00,00,00,
5272645,108182FE,true,Tx,0,8,03,09,00,00,00,00,00,00,
5273753,1081827E,true,Rx,0,8,27,FD,00,00,00,00,00,00,
5273748,108182FE,true,Tx,0,8,04,09,00,00,00,00,00,00,
5274877,108182FE,true,Tx,0,8,05,09,00,00,00,00,00,00,
5276087,1081827E,true,Rx,0,8,28,FD,00,00,00,00,00,00,
5275959,108182FE,true,Tx,0,8,06,09,00,00,00,00,00,00,
5277513,108182FE,true,Tx,0,8,07,09,00,00,00,00,00,00,
5278971,108182FE,true,Tx,0,8,08,09,00,00,00,00,00,00,
5279565,1081827E,true,Rx,0,8,29,FD,00,00,00,00,00,00,
5279565,1081827E,true,Rx,0,8,2A,FD,00,00,00,00,00,00,
5280177,108182FE,true,Tx,0,8,09,09,00,00,00,00,00,00,
5281334,108182FE,true,Tx,0,8,0A,09,00,00,00,00,00,00,
5282507,108182FE,true,Tx,0,8,0B,09,00,00,00,00,00,00,
5283727,108182FE,true,Tx,0,8,0C,09,00,00,00,00,00,00,
5285460,1081827E,true,Rx,0,8,2B,FD,00,00,00,00,00,00,
5285460,1001117E,true,Rx,0,8,00,01,00,00,00,00,00,00,
5285461,1081827E,true,Rx,0,8,2C,FD,00,00,00,00,00,00,
5284929,108182FE,true,Tx,0,8,0D,09,00,00,00,00,00,00,
5286124,108182FE,true,Tx,0,8,0E,09,00,00,00,00,00,00,
5287242,108182FE,true,Tx,0,8,0F,09,00,00,00,00,00,00,
5288351,108182FE,true,Tx,0,8,00,0A,00,00,00,00,00,00,
5288920,1081827E,true,Rx,0,8,2D,FD,00,00,00,00,00,00,
5289512,108182FE,true,Tx,0,8,01,0A,00,00,00,00,00,00,
5290651,108182FE,true,Tx,0,8,02,0A,00,00,00,00,00,00,
5291261,1081827E,true,Rx,0,8,2E,FD,00,00,00,00,00,00,
5291765,108182FE,true,Tx,0,8,03,0A,00,00,00,00,00,00,
5292899,108182FE,true,Tx,0,8,04,0A,00,00,00,00,00,00,
5293566,1081827E,true,Rx,0,8,2F,FD,00,00,00,00,00,00,
5294447,108182FE,true,Tx,0,8,05,0A,00,00,00,00,00,00,
5295922,1081827E,true,Rx,0,8,20,FE,00,00,00,00,00,00,
5295774,108182FE,true,Tx,0,8,06,0A,00,00,00,00,00,00,
5296983,108182FE,true,Tx,0,8,07,0A,00,00,00,00,00,00,
5298253,1081827E,true,Rx,0,8,21,FE,00,00,00,00,00,00,
5298242,108182FE,true,Tx,0,8,08,0A,00,00,00,00,00,00,
5299354,108182FE,true,Tx,0,8,09,0A,00,00,00,00,00,00,
5300576,1081827E,true,Rx,0,8,22,FE,00,00,00,00,00,00,
5300514,108182FE,true,Tx,0,8,0A,0A,00,00,00,00,00,00,
5301640,108182FE,true,Tx,0,8,0B,0A,00,00,00,00,00,00,
5302911,1081827E,true,Rx,0,8,23,FE,00,00,00,00,00,00,
5302794,108182FE,true,Tx,0,8,0C,0A,00,00,00,00,00,00,
5303883,108182FE,true,Tx,0,8,0D,0A,00,00,00,00,00,00,
5305264,1081827E,true,Rx,0,8,24,FE,00,00,00,00,00,00,
5305024,108182FE,true,Tx,0,8,0E,0A,00,00,00,00,00,00,
5306126,108182FE,true,Tx,0,8,0F,0A,00,00,00,00,00,00,
5307628,1081827E,true,Rx,0,8,25,FE,00,00,00,00,00,00,
5307312,108182FE,true,Tx,0,8,00,0B,00,00,00,00,00,00,
5308424,108182FE,true,Tx,0,8,01,0B,00,00,00,00,00,00,
5309972,1081827E,true,Rx,0,8,26,FE,00,00,00,00,00,00,
5309582,108182FE,true,Tx,0,8,02,0B,00,00,00,00,00,00,
5311006,108182FE,true,Tx,0,8,03,0B,00,00,00,00,00,00,
5312312,1081827E,true,Rx,0,8,27,FE,00,00,00,00,00,00,
5312402,108182FE,true,Tx,0,8,04,0B,00,00,00,00,00,00,
5313587,108182FE,true,Tx,0,8,05,0B,00,00,00,00,00,00,
5314622,1081827E,true,Rx,0,8,28,FE,00,00,00,00,00,00,
5314768,108182FE,true,Tx,0,8,06,0B,00,00,00,00,00,00,
5315908,108182FE,true,Tx,0,8,07,0B,00,00,00,00,00,00,
5316967,1081827E,true,Rx,0,8,29,FE,00,00,00,00,00,00,
5317074,108182FE,true,Tx,0,8,08,0B,00,00,00,00,00,00,
5318189,108182FE,true,Tx,0,8,09,0B,00,00,00,00,00,00,
5319320,1081827E,true,Rx,0,8,2B,FE,00,00,00,00,00,00,
5319364,108182FE,true,Tx,0,8,0A,0B,00,00,00,00,00,00,
5320483,108182FE,true,Tx,0,8,0B,0B,00,00,00,00,00,00,
5321624,1081827E,true,Rx,0,8,2D,FE,00,00,00,00,00,00,
5321646,108182FE,true,Tx,0,8,0C,0B,00,00,00,00,00,00,
5322826,108182FE,true,Tx,0,8,0D,0B,00,00,00,00,00,00,
5324024,1081827E,true,Rx,0,8,2F,FE,00,00,00,00,00,00,
5323989,108182FE,true,Tx,0,8,0E,0B,00,00,00,00,00,00,
5325153,108182FE,true,Tx,0,8,0F,0B,00,00,00,00,00,00,
5326316,1081827E,true,Rx,0,8,21,FF,00,00,00,00,00,00,
5326556,108182FE,true,Tx,0,8,00,0C,00,00,00,00,00,00,
5328010,108182FE,true,Tx,0,8,01,0C,00,00,00,00,00,00,
5328679,1081827E,true,Rx,0,8,23,FF,00,00,00,00,00,00,
5329265,108182FE,true,Tx,0,8,02,0C,00,00,00,00,00,00,
5331024,1081827E,true,Rx,0,8,24,FF,00,00,00,00,00,00,
5330509,108182FE,true,Tx,0,8,03,0C,00,00,00,00,00,00,
5331856,108182FE,true,Tx,0,8,04,0C,00,00,00,00,00,00,
5333456,1081827E,true,Rx,0,8,26,FF,00,00,00,00,00,00,
5333117,108182FE,true,Tx,0,8,05,0C,00,00,00,00,00,00,
5334373,108182FE,true,Tx,0,8,06,0C,00,00,00,00,00,00,
5335678,108182FE,true,Tx,0,8,07,0C,00,00,00,00,00,00,
5336852,1081827E,true,Rx,0,8,28,FF,00,00,00,00,00,00,
5336853,1081827E,true,Rx,0,8,2A,FF,00,00,00,00,00,00,
5337214,108182FE,true,Tx,0,8,08,0C,00,00,00,00,00,00,
5338571,108182FE,true,Tx,0,8,09,0C,00,00,00,00,00,00,
5339849,108182FE,true,Tx,0,8,0A,0C,00,00,00,00,00,00,
5340457,1081827E,true,Rx,0,8,2C,FF,00,00,00,00,00,00,
5341099,108182FE,true,Tx,0,8,0B,0C,00,00,00,00,00,00,
5342685,1081827E,true,Rx,0,8,2E,FF,00,00,00,00,00,00,
5342284,108182FE,true,Tx,0,8,0C,0C,00,00,00,00,00,00,
5343893,108182FE,true,Tx,0,8,0D,0C,00,00,00,00,00,00,
5345014,1081827E,true,Rx,0,8,20,00,00,00,00,00,00,00,
5345224,108182FE,true,Tx,0,8,0E,0C,00,00,00,00,00,00,
5346397,108182FE,true,Tx,0,8,0F,0C,00,00,00,00,00,00,
5347455,1081827E,true,Rx,0,8,22,00,00,00,00,00,00,00,
5347601,108182FE,true,Tx,0,8,00,0D,00,00,00,00,00,00,
5348757,108182FE,true,Tx,0,8,01,0D,00,00,00,00,00,00,
5349681,1081827E,true,Rx,0,8,24,00,00,00,00,00,00,00,
5349911,108182FE,true,Tx,0,8,02,0D,00,00,00,00,00,00,
5351051,108182FE,true,Tx,0,8,03,0D,00,00,00,00,00,00,
5352032,1081827E,true,Rx,0,8,26,00,00,00,00,00,00,00,
5352212,108182FE,true,Tx,0,8,04,0D,00,00,00,00,00,00,
5353358,108182FE,true,Tx,0,8,05,0D,00,00,00,00,00,00,
5354457,1081827E,true,Rx,0,8,28,00,00,00,00,00,00,00,
5354529,108182FE,true,Tx,0,8,06,0D,00,00,00,00,00,00,
5355695,108182FE,true,Tx,0,8,07,0D,00,00,00,00,00,00,
5356743,1081827E,true,Rx,0,8,2A,00,00,00,00,00,00,00,
5356857,108182FE,true,Tx,0,8,08,0D,00,00,00,00,00,00,
5358059,108182FE,true,Tx,0,8,09,0D,00,00,00,00,00,00,
5359249,108182FE,true,Tx,0,8,0A,0D,00,00,00,00,00,00,
5360259,1081827E,true,Rx,0,8,2C,00,00,00,00,00,00,00,
5360260,1081827E,true,Rx,0,8,2E,00,00,00,00,00,00,00,
5360780,108182FE,true,Tx,0,8,0B,0D,00,00,00,00,00,00,
5362140,108182FE,true,Tx,0,8,0C,0D,00,00,00,00,00,00,
5363739,1081827E,true,Rx,0,8,20,01,00,00,00,00,00,00,
5363481,108182FE,true,Tx,0,8,0D,0D,00,00,00,00,00,00,
5364774,108182FE,true,Tx,0,8,0E,0D,00,00,00,00,00,00,
5366076,1081827E,true,Rx,0,8,21,01,00,00,00,00,00,00,
5366133,108182FE,true,Tx,0,8,0F,0D,00,00,00,00,00,00,
5367306,108182FE,true,Tx,0,8,00,0E,00,00,00,00,00,00,
5368464,1081827E,true,Rx,0,8,22,01,00,00,00,00,00,00,
5368558,108182FE,true,Tx,0,8,01,0E,00,00,00,00,00,00,
5369724,108182FE,true,Tx,0,8,02,0E,00,00,00,00,00,00,
5370739,1081827E,true,Rx,0,8,23,01,00,00,00,00,00,00,
5370908,108182FE,true,Tx,0,8,03,0E,00,00,00,00,00,00,
5372143,108182FE,true,Tx,0,8,04,0E,00,00,00,00,00,00,
5373093,1081827E,true,Rx,0,8,24,01,00,00,00,00,00,00,
5374405,108182FE,true,Tx,0,8,05,0E,00,00,00,00,00,00,
5375459,1081827E,true,Rx,0,8,25,01,00,00,00,00,00,00,
5375574,108182FE,true,Tx,0,8,06,0E,00,00,00,00,00,00,
5377088,108182FE,true,Tx,0,8,07,0E,00,00,00,00,00,00,
5377732,1081827E,true,Rx,0,8,27,01,00,00,00,00,00,00,
5378463,108182FE,true,Tx,0,8,08,0E,00,00,00,00,00,00,
5380081,1081827E,true,Rx,0,8,29,01,00,00,00,00,00,00,
5379958,108182FE,true,Tx,0,8,09,0E,00,00,00,00,00,00,
5381142,108182FE,true,Tx,0,8,0A,0E,00,00,00,00,00,00,
5382457,1081827E,true,Rx,0,8,2A,01,00,00,00,00,00,00,
5382305,108182FE,true,Tx,0,8,0B,0E,00,00,00,00,00,00,
5383511,108182FE,true,Tx,0,8,0C,0E,00,00,00,00,00,00,
5384740,1081827E,true,Rx,0,8,2C,01,00,00,00,00,00,00,
5384804,108182FE,true,Tx,0,8,0D,0E,00,00,00,00,00,00,
5386136,108182FE,true,Tx,0,8,0E,0E,00,00,00,00,00,00,
5387080,1081827E,true,Rx,0,8,2E,01,00,00,00,00,00,00,
5387490,108182FE,true,Tx,0,8,0F,0E,00,00,00,00,00,00,
5388759,108182FE,true,Tx,0,8,00,0F,00,00,00,00,00,00,
5389462,1081827E,true,Rx,0,8,20,02,00,00,00,00,00,00,
5390087,108182FE,true,Tx,0,8,01,0F,00,00,00,00,00,00,
5391747,1081827E,true,Rx,0,8,22,02,00,00,00,00,00,00,
5391243,108182FE,true,Tx,0,8,02,0F,00,00,00,00,00,00,
5392427,108182FE,true,Tx,0,8,03,0F,00,00,00,00,00,00,
5394085,1081827E,true,Rx,0,8,24,02,00,00,00,00,00,00,
5393980,108182FE,true,Tx,0,8,04,0F,00,00,00,00,00,00,
5395435,108182FE,true,Tx,0,8,05,0F,00,00,00,00,00,00,
5396467,1081827E,true,Rx,0,8,26,02,00,00,00,00,00,00,
5396705,108182FE,true,Tx,0,8,06,0F,00,00,00,00,00,00,
5397886,108182FE,true,Tx,0,8,07,0F,00,00,00,00,00,00,
5398736,1081827E,true,Rx,0,8,28,02,00,00,00,00,00,00,
5399128,108182FE,true,Tx,0,8,08,0F,00,00,00,00,00,00,
5400279,108182FE,true,Tx,0,8,09,0F,00,00,00,00,00,00,
5401083,1081827E,true,Rx,0,8,2A,02,00,00,00,00,00,00,
5401485,108182FE,true,Tx,0,8,0A,0F,00,00,00,00,00,00,
5402678,108182FE,true,Tx,0,8,0B,0F,00,00,00,00,00,00,
5403460,1081827E,true,Rx,0,8,2B,02,00,00,00,00,00,00,
5403897,108182FE,true,Tx,0,8,0C,0F,00,00,00,00,00,00,
5405019,108182FE,true,Tx,0,8,0D,0F,00,00,00,00,00,00,
5405739,1081827E,true,Rx,0,8,2D,02,00,00,00,00,00,00,
5406201,108182FE,true,Tx,0,8,0E,0F,00,00,00,00,00,00,
5407432,108182FE,true,Tx,0,8,0F,0F,00,00,00,00,00,00,
5408085,1081827E,true,Rx,0,8,2F,02,00,00,00,00,00,00,
5408650,108182FE,true,Tx,0,8,00,10,00,00,00,00,00,00,
5410459,1081827E,true,Rx,0,8,21,03,00,00,00,00,00,00,
5409984,108182FE,true,Tx,0,8,01,10,00,00,00,00,00,00,
5411134,108182FE,true,Tx,0,8,02,10,00,00,00,00,00,00,
5412740,1081827E,true,Rx,0,8,23,03,00,00,00,00,00,00,
5412342,108182FE,true,Tx,0,8,03,10,00,00,00,00,00,00,
5413465,108182FE,true,Tx,0,8,04,10,00,00,00,00,00,00,
5415086,1081827E,true,Rx,0,8,25,03,00,00,00,00,00,00,
5414636,108182FE,true,Tx,0,8,05,10,00,00,00,00,00,00,
5415766,108182FE,true,Tx,0,8,06,10,00,00,00,00,00,00,
5417459,1081827E,true,Rx,0,8,26,03,00,00,00,00,00,00,
5416923,108182FE,true,Tx,0,8,07,10,00,00,00,00,00,00,
5418711,108182FE,true,Tx,0,8,08,10,00,00,00,00,00,00,
5419742,1081827E,true,Rx,0,8,28,03,00,00,00,00,00,00,
5420612,108182FE,true,Tx,0,8,09,10,00,00,00,00,00,00,
5422079,1081827E,true,Rx,0,8,2A,03,00,00,00,00,00,00,
5421744,108182FE,true,Tx,0,8,0A,10,00,00,00,00,00,00,
5422908,108182FE,true,Tx,0,8,0B,10,00,00,00,00,00,00,
5424461,1081827E,true,Rx,0,8,2B,03,00,00,00,00,00,00,
5424063,108182FE,true,Tx,0,8,0C,10,00,00,00,00,00,00,
5425235,108182FE,true,Tx,0,8,0D,10,00,00,00,00,00,00,
5426741,1081827E,true,Rx,0,8,2D,03,00,00,00,00,00,00,
5426634,108182FE,true,Tx,0,8,0E,10,00,00,00,00,00,00,
5428021,108182FE,true,Tx,0,8,0F,10,00,00,00,00,00,00,
5429082,1081827E,true,Rx,0,8,2F,03,00,00,00,00,00,00,
5429310,108182FE,true,Tx,0,8,00,11,00,00,00,00,00,00,
5430460,108182FE,true,Tx,0,8,01,11,00,00,00,00,00,00,
5431461,1081827E,true,Rx,0,8,20,04,00,00,00,00,00,00,
5431661,108182FE,true,Tx,0,8,02,11,00,00,00,00,00,00,
5432787,108182FE,true,Tx,0,8,03,11,00,00,00,00,00,00,
5433797,1081827E,true,Rx,0,8,21,04,00,00,00,00,00,00,
5433989,108182FE,true,Tx,0,8,04,11,00,00,00,00,00,00,
5435089,108182FE,true,Tx,0,8,05,11,00,00,00,00,00,00,
5436146,1081827E,true,Rx,0,8,23,04,00,00,00,00,00,00,
5436284,108182FE,true,Tx,0,8,06,11,00,00,00,00,00,00,
5437451,108182FE,true,Tx,0,8,07,11,00,00,00,00,00,00,
5438502,1081827E,true,Rx,0,8,25,04,00,00,00,00,00,00,
5438775,108182FE,true,Tx,0,8,08,11,00,00,00,00,00,00,
5440114,108182FE,true,Tx,0,8,09,11,00,00,00,00,00,00,
5440798,1081827E,true,Rx,0,8,26,04,00,00,00,00,00,00,
5441439,108182FE,true,Tx,0,8,0A,11,00,00,00,00,00,00,
5443148,1081827E,true,Rx,0,8,28,04,00,00,00,00,00,00,
5442662,108182FE,true,Tx,0,8,0B,11,00,00,00,00,00,00,
5444148,108182FE,true,Tx,0,8,0C,11,00,00,00,00,00,00,
5445495,1081827E,true,Rx,0,8,29,04,00,00,00,00,00,00,
5445560,108182FE,true,Tx,0,8,0D,11,00,00,00,00,00,00,
5446742,108182FE,true,Tx,0,8,0E,11,00,00,00,00,00,00,
5447861,1081827E,true,Rx,0,8,2B,04,00,00,00,00,00,00,
5447952,108182FE,true,Tx,0,8,0F,11,00,00,00,00,00,00,
5449080,108182FE,true,Tx,0,8,00,12,00,00,00,00,00,00,
5450199,1081827E,true,Rx,0,8,2E,04,00,00,00,00,00,00,
5450252,108182FE,true,Tx,0,8,01,12,00,00,00,00,00,00,
5451468,108182FE,true,Tx,0,8,02,12,00,00,00,00,00,00,
5452501,1081827E,true,Rx,0,8,20,05,00,00,00,00,00,00,
5452621,108182FE,true,Tx,0,8,03,12,00,00,00,00,00,00,
5453787,108182FE,true,Tx,0,8,04,12,00,00,00,00,00,00,
5454854,1081827E,true,Rx,0,8,22,05,00,00,00,00,00,00,
5455042,108182FE,true,Tx,0,8,05,12,00,00,00,00,00,00,
5456310,108182FE,true,Tx,0,8,06,12,00,00,00,00,00,00,
5457152,1081827E,true,Rx,0,8,24,05,00,00,00,00,00,00,
5457589,108182FE,true,Tx,0,8,07,12,00,00,00,00,00,00,
5458761,108182FE,true,Tx,0,8,08,12,00,00,00,00,00,00,
5460685,1081827E,true,Rx,0,8,26,05,00,00,00,00,00,00,
5460686,1081827E,true,Rx,0,8,28,05,00,00,00,00,00,00,
5460330,108182FE,true,Tx,0,8,09,12,00,00,00,00,00,00,
5461460,108182FE,true,Tx,0,8,0A,12,00,00,00,00,00,00,
5462614,108182FE,true,Tx,0,8,0B,12,00,00,00,00,00,00,
5464142,1081827E,true,Rx,0,8,2A,05,00,00,00,00,00,00,
5463771,108182FE,true,Tx,0,8,0C,12,00,00,00,00,00,00,
5464935,108182FE,true,Tx,0,8,0D,12,00,00,00,00,00,00,
5466501,1081827E,true,Rx,0,8,2C,05,00,00,00,00,00,00,
5466057,108182FE,true,Tx,0,8,0E,12,00,00,00,00,00,00,
5467207,108182FE,true,Tx,0,8,0F,12,00,00,00,00,00,00,
5468797,1081827E,true,Rx,0,8,2E,05,00,00,00,00,00,00,
5468332,108182FE,true,Tx,0,8,00,13,00,00,00,00,00,00,
5471199,1081827E,true,Rx,0,8,20,06,00,00,00,00,00,00,
5473501,1081827E,true,Rx,0,8,22,06,00,00,00,00,00,00,
5475859,1081827E,true,Rx,0,8,24,06,00,00,00,00,00,00,
5478166,1081827E,true,Rx,0,8,26,06,00,00,00,00,00,00,
5480501,1081827E,true,Rx,0,8,28,06,00,00,00,00,00,00,
5481310,108182FE,true,Tx,0,8,01,13,00,00,00,00,00,00,
5482860,1081827E,true,Rx,0,8,29,06,00,00,00,00,00,00,
5485168,1081827E,true,Rx,0,8,2B,06,00,00,00,00,00,00,
5487504,1081827E,true,Rx,0,8,2D,06,00,00,00,00,00,00,
5489855,1081827E,true,Rx,0,8,2F,06,00,00,00,00,00,00,
5492150,1081827E,true,Rx,0,8,22,07,00,00,00,00,00,00,
5494501,1081827E,true,Rx,0,8,23,07,00,00,00,00,00,00,
5496855,1081827E,true,Rx,0,8,25,07,00,00,00,00,00,00,
5498596,108182FE,true,Tx,0,8,02,13,00,00,00,00,00,00,
5499169,1081827E,true,Rx,0,8,28,07,00,00,00,00,00,00,
5500110,108182FE,true,Tx,0,8,03,13,00,00,00,00,00,00,
5501502,1081827E,true,Rx,0,8,29,07,00,00,00,00,00,00,
5501500,108182FE,true,Tx,0,8,04,13,00,00,00,00,00,00,
5502884,108182FE,true,Tx,0,8,05,13,00,00,00,00,00,00,
5503801,1081827E,true,Rx,0,8,2B,07,00,00,00,00,00,00,
5504228,108182FE,true,Tx,0,8,06,13,00,00,00,00,00,00,
5506150,1081827E,true,Rx,0,8,2D,07,00,00,00,00,00,00,
5505589,108182FE,true,Tx,0,8,07,13,00,00,00,00,00,00,
5506940,108182FE,true,Tx,0,8,08,13,00,00,00,00,00,00,
5508502,1081827E,true,Rx,0,8,2E,07,00,00,00,00,00,00,
5508265,108182FE,true,Tx,0,8,09,13,00,00,00,00,00,00,
5509592,108182FE,true,Tx,0,8,0A,13,00,00,00,00,00,00,
5510859,1081827E,true,Rx,0,8,2F,07,00,00,00,00,00,00,
5511300,108182FE,true,Tx,0,8,0B,13,00,00,00,00,00,00,
5513200,1081827E,true,Rx,0,8,20,08,00,00,00,00,00,00,
5513360,108182FE,true,Tx,0,8,0C,13,00,00,00,00,00,00,
5514769,108182FE,true,Tx,0,8,0D,13,00,00,00,00,00,00,
5515499,1081827E,true,Rx,0,8,21,08,00,00,00,00,00,00,
5516089,108182FE,true,Tx,0,8,0E,13,00,00,00,00,00,00,
5517857,1081827E,true,Rx,0,8,22,08,00,00,00,00,00,00,
5517383,108182FE,true,Tx,0,8,0F,13,00,00,00,00,00,00,
5518661,108182FE,true,Tx,0,8,00,14,00,00,00,00,00,00,
5520202,1081827E,true,Rx,0,8,23,08,00,00,00,00,00,00,
5519977,108182FE,true,Tx,0,8,01,14,00,00,00,00,00,00,
5521303,108182FE,true,Tx,0,8,02,14,00,00,00,00,00,00,
5522503,1081827E,true,Rx,0,8,24,08,00,00,00,00,00,00,
5522603,108182FE,true,Tx,0,8,03,14,00,00,00,00,00,00,
5523909,108182FE,true,Tx,0,8,04,14,00,00,00,00,00,00,
5524865,1081827E,true,Rx,0,8,25,08,00,00,00,00,00,00,
5525168,108182FE,true,Tx,0,8,05,14,00,00,00,00,00,00,
5527203,1081827E,true,Rx,0,8,26,08,00,00,00,00,00,00,
5526660,108182FE,true,Tx,0,8,06,14,00,00,00,00,00,00,
5528199,108182FE,true,Tx,0,8,07,14,00,00,00,00,00,00,
5529502,1081827E,true,Rx,0,8,27,08,00,00,00,00,00,00,
5529518,108182FE,true,Tx,0,8,08,14,00,00,00,00,00,00,
5530743,108182FE,true,Tx,0,8,09,14,00,00,00,00,00,00,
5531859,1081827E,true,Rx,0,8,28,08,00,00,00,00,00,00,
5532006,108182FE,true,Tx,0,8,0A,14,00,00,00,00,00,00,
5533235,108182FE,true,Tx,0,8,0B,14,00,00,00,00,00,00,
5534202,1081827E,true,Rx,0,8,29,08,00,00,00,00,00,00,
5534484,108182FE,true,Tx,0,8,0C,14,00,00,00,00,00,00,
5535713,108182FE,true,Tx,0,8,0D,14,00,00,00,00,00,00,
5536570,1081827E,true,Rx,0,8,2A,08,00,00,00,00,00,00,
5537055,108182FE,true,Tx,0,8,0E,14,00,00,00,00,00,00,
5538860,1081827E,true,Rx,0,8,2B,08,00,00,00,00,00,00,
5538371,108182FE,true,Tx,0,8,0F,14,00,00,00,00,00,00,
5539693,108182FE,true,Tx,0,8,00,15,00,00,00,00,00,00,
5541203,1081827E,true,Rx,0,8,2C,08,00,00,00,00,00,00,
5541048,108182FE,true,Tx,0,8,01,15,00,00,00,00,00,00,
5542340,108182FE,true,Tx,0,8,02,15,00,00,00,00,00,00,
5543579,1081827E,true,Rx,0,8,2D,08,00,00,00,00,00,00,
5544149,108182FE,true,Tx,0,8,03,15,00,00,00,00,00,00,
5545850,1081827E,true,Rx,0,8,2E,08,00,00,00,00,00,00,
5545427,108182FE,true,Tx,0,8,04,15,00,00,00,00,00,00,
5546697,108182FE,true,Tx,0,8,05,15,00,00,00,00,00,00,
5548198,1081827E,true,Rx,0,8,2F,08,00,00,00,00,00,00,
5547997,108182FE,true,Tx,0,8,06,15,00,00,00,00,00,00,
5549261,108182FE,true,Tx,0,8,07,15,00,00,00,00,00,00,
5550502,1081827E,true,Rx,0,8,20,09,00,00,00,00,00,00,
5550537,108182FE,true,Tx,0,8,08,15,00,00,00,00,00,00,
5551793,108182FE,true,Tx,0,8,09,15,00,00,00,00,00,00,
5552853,1081827E,true,Rx,0,8,21,09,00,00,00,00,00,00,
5553069,108182FE,true,Tx,0,8,0A,15,00,00,00,00,00,00,
5554319,108182FE,true,Tx,0,8,0B,15,00,00,00,00,00,00,
5555144,1081827E,true,Rx,0,8,22,09,00,00,00,00,00,00,
5555618,108182FE,true,Tx,0,8,0C,15,00,00,00,00,00,00,
5556899,108182FE,true,Tx,0,8,0D,15,00,00,00,00,00,00,
5557468,1081827E,true,Rx,0,8,23,09,00,00,00,00,00,00,
5558224,108182FE,true,Tx,0,8,0E,15,00,00,00,00,00,00,
5559800,1081827E,true,Rx,0,8,24,09,00,00,00,00,00,00,
5559614,108182FE,true,Tx,0,8,0F,15,00,00,00,00,00,00,
5560959,108182FE,true,Tx,0,8,00,16,00,00,00,00,00,00,
5562139,1081827E,true,Rx,0,8,25,09,00,00,00,00,00,00,
5562396,108182FE,true,Tx,0,8,01,16,00,00,00,00,00,00,
5563681,108182FE,true,Tx,0,8,02,16,00,00,00,00,00,00,
5564466,1081827E,true,Rx,0,8,26,09,00,00,00,00,00,00,
5565040,108182FE,true,Tx,0,8,03,16,00,00,00,00,00,00,
5566803,1081827E,true,Rx,0,8,28,09,00,00,00,00,00,00,
5566309,108182FE,true,Tx,0,8,04,16,00,00,00,00,00,00,
5567565,108182FE,true,Tx,0,8,05,16,00,00,00,00,00,00,
5569088,1081827E,true,Rx,0,8,29,09,00,00,00,00,00,00,
5568883,108182FE,true,Tx,0,8,06,16,00,00,00,00,00,00,
5570160,108182FE,true,Tx,0,8,07,16,00,00,00,00,00,00,
5571468,1081827E,true,Rx,0,8,2E,09,00,00,00,00,00,00,
5571486,108182FE,true,Tx,0,8,08,16,00,00,00,00,00,00,
5572788,108182FE,true,Tx,0,8,09,16,00,00,00,00,00,00,
5573741,1081827E,true,Rx,0,8,2F,09,00,00,00,00,00,00,
5574149,108182FE,true,Tx,0,8,0A,16,00,00,00,00,00,00,
5575419,108182FE,true,Tx,0,8,0B,16,00,00,00,00,00,00,
5576089,1081827E,true,Rx,0,8,20,0A,00,00,00,00,00,00,
5577189,108182FE,true,Tx,0,8,0C,16,00,00,00,00,00,00,
5578502,1081827E,true,Rx,0,8,22,0A,00,00,00,00,00,00,
5578569,108182FE,true,Tx,0,8,0D,16,00,00,00,00,00,00,
5579866,108182FE,true,Tx,0,8,0E,16,00,00,00,00,00,00,
5580740,1081827E,true,Rx,0,8,25,0A,00,00,00,00,00,00,
5581196,108182FE,true,Tx,0,8,0F,16,00,00,00,00,00,00,
5582483,108182FE,true,Tx,0,8,00,17,00,00,00,00,00,00,
5583100,1081827E,true,Rx,0,8,26,0A,00,00,00,00,00,00,
5583861,108182FE,true,Tx,0,8,01,17,00,00,00,00,00,00,
5585465,1081827E,true,Rx,0,8,28,0A,00,00,00,00,00,00,
5585262,108182FE,true,Tx,0,8,02,17,00,00,00,00,00,00,
5586453,108182FE,true,Tx,0,8,03,17,00,00,00,00,00,00,
5587742,1081827E,true,Rx,0,8,2A,0A,00,00,00,00,00,00,
5587782,108182FE,true,Tx,0,8,04,17,00,00,00,00,00,00,
5589065,108182FE,true,Tx,0,8,05,17,00,00,00,00,00,00,
5590085,1081827E,true,Rx,0,8,2C,0A,00,00,00,00,00,00,
5590403,108182FE,true,Tx,0,8,06,17,00,00,00,00,00,00,
5591636,108182FE,true,Tx,0,8,07,17,00,00,00,00,00,00,
5592466,1081827E,true,Rx,0,8,2E,0A,00,00,00,00,00,00,
5592993,108182FE,true,Tx,0,8,08,17,00,00,00,00,00,00,
5594703,1081827E,true,Rx,0,8,20,0B,00,00,00,00,00,00,
5594686,108182FE,true,Tx,0,8,09,17,00,00,00,00,00,00,
5596066,108182FE,true,Tx,0,8,0A,17,00,00,00,00,00,00,
5597037,1081827E,true,Rx,0,8,22,0B,00,00,00,00,00,00,
5597497,108182FE,true,Tx,0,8,0B,17,00,00,00,00,00,00,
5599367,1081827E,true,Rx,0,8,24,0B,00,00,00,00,00,00,
5598845,108182FE,true,Tx,0,8,0C,17,00,00,00,00,00,00,
5600192,108182FE,true,Tx,0,8,0D,17,00,00,00,00,00,00,
5601686,1081827E,true,Rx,0,8,26,0B,00,00,00,00,00,00,
5601578,108182FE,true,Tx,0,8,0E,17,00,00,00,00,00,00,
5602846,108182FE,true,Tx,0,8,0F,17,00,00,00,00,00,00,
5604024,1081827E,true,Rx,0,8,28,0B,00,00,00,00,00,00,
5604145,108182FE,true,Tx,0,8,00,18,00,00,00,00,00,00,
5605377,108182FE,true,Tx,0,8,01,18,00,00,00,00,00,00,
5606461,1081827E,true,Rx,0,8,2A,0B,00,00,00,00,00,00,
5606628,108182FE,true,Tx,0,8,02,18,00,00,00,00,00,00,
5607814,108182FE,true,Tx,0,8,03,18,00,00,00,00,00,00,
5608744,1081827E,true,Rx,0,8,2C,0B,00,00,00,00,00,00,
5609030,108182FE,true,Tx,0,8,04,18,00,00,00,00,00,00,
5611055,1081827E,true,Rx,0,8,2E,0B,00,00,00,00,00,00,
5610667,108182FE,true,Tx,0,8,05,18,00,00,00,00,00,00,
5612051,108182FE,true,Tx,0,8,06,18,00,00,00,00,00,00,
5613460,1081827E,true,Rx,0,8,20,0C,00,00,00,00,00,00,
5613329,108182FE,true,Tx,0,8,07,18,00,00,00,00,00,00,
5614518,108182FE,true,Tx,0,8,08,18,00,00,00,00,00,00,
5615721,108182FE,true,Tx,0,8,09,18,00,00,00,00,00,00,
5616857,1081827E,true,Rx,0,8,22,0C,00,00,00,00,00,00,
5616857,1081827E,true,Rx,0,8,23,0C,00,00,00,00,00,00,
5616912,108182FE,true,Tx,0,8,0A,18,00,00,00,00,00,00,
5618127,108182FE,true,Tx,0,8,0B,18,00,00,00,00,00,00,
5619322,108182FE,true,Tx,0,8,0C,18,00,00,00,00,00,00,
5620461,1081827E,true,Rx,0,8,25,0C,00,00,00,00,00,00,
5620462,108182FE,true,Tx,0,8,0D,18,00,00,00,00,00,00,
5621675,108182FE,true,Tx,0,8,0E,18,00,00,00,00,00,00,
5622742,1081827E,true,Rx,0,8,28,0C,00,00,00,00,00,00,
5622917,108182FE,true,Tx,0,8,0F,18,00,00,00,00,00,00,
5624194,108182FE,true,Tx,0,8,00,19,00,00,00,00,00,00,
5625085,1081827E,true,Rx,0,8,29,0C,00,00,00,00,00,00,
5625606,108182FE,true,Tx,0,8,01,19,00,00,00,00,00,00,
5627459,1081827E,true,Rx,0,8,2A,0C,00,00,00,00,00,00,
5627115,108182FE,true,Tx,0,8,02,19,00,00,00,00,00,00,
5628410,108182FE,true,Tx,0,8,03,19,00,00,00,00,00,00,
5629741,1081827E,true,Rx,0,8,2C,0C,00,00,00,00,00,00,
5629726,108182FE,true,Tx,0,8,04,19,00,00,00,00,00,00,
5631066,108182FE,true,Tx,0,8,05,19,00,00,00,00,00,00,
5632093,1081827E,true,Rx,0,8,2E,0C,00,00,00,00,00,00,
5632349,108182FE,true,Tx,0,8,06,19,00,00,00,00,00,00,
5633649,108182FE,true,Tx,0,8,07,19,00,00,00,00,00,00,
5634469,1081827E,true,Rx,0,8,20,0D,00,00,00,00,00,00,
5635001,108182FE,true,Tx,0,8,08,19,00,00,00,00,00,00,
5636743,1081827E,true,Rx,0,8,22,0D,00,00,00,00,00,00,
5636305,108182FE,true,Tx,0,8,09,19,00,00,00,00,00,00,
5637516,108182FE,true,Tx,0,8,0A,19,00,00,00,00,00,00,
5639093,1081827E,true,Rx,0,8,24,0D,00,00,00,00,00,00,
5639020,108182FE,true,Tx,0,8,0B,19,00,00,00,00,00,00,
5640361,108182FE,true,Tx,0,8,0C,19,00,00,00,00,00,00,
5641460,1081827E,true,Rx,0,8,26,0D,00,00,00,00,00,00,
5642375,108182FE,true,Tx,0,8,0D,19,00,00,00,00,00,00,
5643744,1081827E,true,Rx,0,8,28,0D,00,00,00,00,00,00,
5644508,108182FE,true,Tx,0,8,0E,19,00,00,00,00,00,00,
5646030,1081827E,true,Rx,0,8,2B,0D,00,00,00,00,00,00,
5645776,108182FE,true,Tx,0,8,0F,19,00,00,00,00,00,00,
5647032,108182FE,true,Tx,0,8,00,1A,00,00,00,00,00,00,
5648366,1081827E,true,Rx,0,8,2C,0D,00,00,00,00,00,00,
5648394,108182FE,true,Tx,0,8,01,1A,00,00,00,00,00,00,
5649571,108182FE,true,Tx,0,8,02,1A,00,00,00,00,00,00,
5650683,1081827E,true,Rx,0,8,2D,0D,00,00,00,00,00,00,
5650913,108182FE,true,Tx,0,8,03,1A,00,00,00,00,00,00,
5652141,108182FE,true,Tx,0,8,04,1A,00,00,00,00,00,00,
5653036,1081827E,true,Rx,0,8,2F,0D,00,00,00,00,00,00,
5653299,108182FE,true,Tx,0,8,05,1A,00,00,00,00,00,00,
5654418,108182FE,true,Tx,0,8,06,1A,00,00,00,00,00,00,
5655460,1081827E,true,Rx,0,8,21,0E,00,00,00,00,00,00,
5655542,108182FE,true,Tx,0,8,07,1A,00,00,00,00,00,00,
5656674,108182FE,true,Tx,0,8,08,1A,00,00,00,00,00,00,
5657689,1081827E,true,Rx,0,8,23,0E,00,00,00,00,00,00,
5657849,108182FE,true,Tx,0,8,09,1A,00,00,00,00,00,00,
5658932,108182FE,true,Tx,0,8,0A,1A,00,00,00,00,00,00,
5660031,1081827E,true,Rx,0,8,25,0E,00,00,00,00,00,00,
5660311,108182FE,true,Tx,0,8,0B,1A,00,00,00,00,00,00,
5661715,108182FE,true,Tx,0,8,0C,1A,00,00,00,00,00,00,
5662365,1081827E,true,Rx,0,8,26,0E,00,00,00,00,00,00,
5662941,108182FE,true,Tx,0,8,0D,1A,00,00,00,00,00,00,
5664630,1081827E,true,Rx,0,8,27,0E,00,00,00,00,00,00,
5664109,108182FE,true,Tx,0,8,0E,1A,00,00,00,00,00,00,
5665255,108182FE,true,Tx,0,8,0F,1A,00,00,00,00,00,00,
5666411,108182FE,true,Tx,0,8,00,1B,00,00,00,00,00,00,
5666980,1081827E,true,Rx,0,8,29,0E,00,00,00,00,00,00,
5667955,108182FE,true,Tx,0,8,01,1B,00,00,00,00,00,00,
5669269,1081827E,true,Rx,0,8,2B,0E,00,00,00,00,00,00,
5669482,108182FE,true,Tx,0,8,02,1B,00,00,00,00,00,00,
5671620,1081827E,true,Rx,0,8,2D,0E,00,00,00,00,00,00,
5671222,108182FE,true,Tx,0,8,03,1B,00,00,00,00,00,00,
5672648,108182FE,true,Tx,0,8,04,1B,00,00,00,00,00,00,
5673910,1081827E,true,Rx,0,8,2F,0E,00,00,00,00,00,00,
5674116,108182FE,true,Tx,0,8,05,1B,00,00,00,00,00,00,
5675441,108182FE,true,Tx,0,8,06,1B,00,00,00,00,00,00,
5676933,108182FE,true,Tx,0,8,07,1B,00,00,00,00,00,00,
5678596,1081827E,true,Rx,0,8,21,0F,00,00,00,00,00,00,
5678596,1001117E,true,Rx,0,8,00,01,00,00,00,00,00,00,
5678597,1081827E,true,Rx,0,8,22,0F,00,00,00,00,00,00,
5678597,108182FE,true,Tx,0,8,08,1B,00,00,00,00,00,00,
5679920,108182FE,true,Tx,0,8,09,1B,00,00,00,00,00,00,
5681211,108182FE,true,Tx,0,8,0A,1B,00,00,00,00,00,00,
5682086,1081827E,true,Rx,0,8,24,0F,00,00,00,00,00,00,
5682546,108182FE,true,Tx,0,8,0B,1B,00,00,00,00,00,00,
5683835,108182FE,true,Tx,0,8,0C,1B,00,00,00,00,00,00,
5684464,1081827E,true,Rx,0,8,26,0F,00,00,00,00,00,00,
5685256,108182FE,true,Tx,0,8,0D,1B,00,00,00,00,00,00,
5686744,1081827E,true,Rx,0,8,28,0F,00,00,00,00,00,00,
5686540,108182FE,true,Tx,0,8,0E,1B,00,00,00,00,00,00,
5687766,108182FE,true,Tx,0,8,0F,1B,00,00,00,00,00,00,
5689087,1081827E,true,Rx,0,8,2A,0F,00,00,00,00,00,00,
5689108,108182FE,true,Tx,0,8,00,1C,00,00,00,00,00,00,
5690369,108182FE,true,Tx,0,8,01,1C,00,00,00,00,00,00,
5691465,1081827E,true,Rx,0,8,2C,0F,00,00,00,00,00,00,
5691775,108182FE,true,Tx,0,8,02,1C,00,00,00,00,00,00,
5693039,108182FE,true,Tx,0,8,03,1C,00,00,00,00,00,00,
5693794,1081827E,true,Rx,0,8,2E,0F,00,00,00,00,00,00,
5694820,108182FE,true,Tx,0,8,04,1C,00,00,00,00,00,00,
5696140,1081827E,true,Rx,0,8,20,10,00,00,00,00,00,00,
5696142,108182FE,true,Tx,0,8,05,1C,00,00,00,00,00,00,
5697356,108182FE,true,Tx,0,8,06,1C,00,00,00,00,00,00,
5698461,1081827E,true,Rx,0,8,21,10,00,00,00,00,00,00,
5698676,108182FE,true,Tx,0,8,07,1C,00,00,00,00,00,00,
5699872,108182FE,true,Tx,0,8,08,1C,00,00,00,00,00,00,
5700799,1081827E,true,Rx,0,8,23,10,00,00,00,00,00,00,
5701171,108182FE,true,Tx,0,8,09,1C,00,00,00,00,00,00,
5702418,108182FE,true,Tx,0,8,0A,1C,00,00,00,00,00,00,
5703093,1081827E,true,Rx,0,8,25,10,00,00,00,00,00,00,
5703768,108182FE,true,Tx,0,8,0B,1C,00,00,00,00,00,00,
5704883,108182FE,true,Tx,0,8,0C,1C,00,00,00,00,00,00,
5705462,1081827E,true,Rx,0,8,27,10,00,00,00,00,00,00,
5706133,108182FE,true,Tx,0,8,0D,1C,00,00,00,00,00,00,
5707752,1081827E,true,Rx,0,8,29,10,00,00,00,00,00,00,
5707555,108182FE,true,Tx,0,8,0E,1C,00,00,00,00,00,00,
5708893,108182FE,true,Tx,0,8,0F,1C,00,00,00,00,00,00,
5710086,1081827E,true,Rx,0,8,2A,10,00,00,00,00,00,00,
5710255,108182FE,true,Tx,0,8,00,1D,00,00,00,00,00,00,
5712497,1081827E,true,Rx,0,8,2C,10,00,00,00,00,00,00,
5711938,108182FE,true,Tx,0,8,01,1D,00,00,00,00,00,00,
5713657,108182FE,true,Tx,0,8,02,1D,00,00,00,00,00,00,
5714990,108182FE,true,Tx,0,8,03,1D,00,00,00,00,00,00,
5715924,1081827E,true,Rx,0,8,2E,10,00,00,00,00,00,00,
5715925,1081827E,true,Rx,0,8,20,11,00,00,00,00,00,00,
5716178,108182FE,true,Tx,0,8,04,1D,00,00,00,00,00,00,
5717466,108182FE,true,Tx,0,8,05,1D,00,00,00,00,00,00,
5718714,108182FE,true,Tx,0,8,06,1D,00,00,00,00,00,00,
5719464,1081827E,true,Rx,0,8,22,11,00,00,00,00,00,00,
5721744,1081827E,true,Rx,0,8,24,11,00,00,00,00,00,00,
5724036,1081827E,true,Rx,0,8,26,11,00,00,00,00,00,00,
5726461,1081827E,true,Rx,0,8,28,11,00,00,00,00,00,00,
5728726,1081827E,true,Rx,0,8,2A,11,00,00,00,00,00,00,
5731029,1081827E,true,Rx,0,8,2B,11,00,00,00,00,00,00,
5731861,108182FE,true,Tx,0,8,07,1D,00,00,00,00,00,00,
5733320,1081827E,true,Rx,0,8,2D,11,00,00,00,00,00,00,
5735640,1081827E,true,Rx,0,8,2F,11,00,00,00,00,00,00,
5737973,1081827E,true,Rx,0,8,21,12,00,00,00,00,00,00,
5740320,1081827E,true,Rx,0,8,23,12,00,00,00,00,00,00,
5742688,1081827E,true,Rx,0,8,25,12,00,00,00,00,00,00,
5744982,1081827E,true,Rx,0,8,27,12,00,00,00,00,00,00,
5745568,108182FE,true,Tx,0,8,08,1D,00,00,00,00,00,00,
5747329,1081827E,true,Rx,0,8,29,12,00,00,00,00,00,00,
5748037,108182FE,true,Tx,0,8,09,1D,00,00,00,00,00,00,
5749623,1081827E,true,Rx,0,8,2A,12,00,00,00,00,00,00,
5749482,108182FE,true,Tx,0,8,0A,1D,00,00,00,00,00,00,
5750631,108182FE,true,Tx,0,8,0B,1D,00,00,00,00,00,00,
5751971,1081827E,true,Rx,0,8,2C,12,00,00,00,00,00,00,
5751795,108182FE,true,Tx,0,8,0C,1D,00,00,00,00,00,00,
5752968,108182FE,true,Tx,0,8,0D,1D,00,00,00,00,00,00,
5754267,1081827E,true,Rx,0,8,2E,12,00,00,00,00,00,00,
5754067,108182FE,true,Tx,0,8,0E,1D,00,00,00,00,00,00,
5755212,108182FE,true,Tx,0,8,0F,1D,00,00,00,00,00,00,
5756640,1081827E,true,Rx,0,8,20,13,00,00,00,00,00,00,
5756820,108182FE,true,Tx,0,8,00,1E,00,00,00,00,00,00,
5758266,108182FE,true,Tx,0,8,01,1E,00,00,00,00,00,00,
5758924,1081827E,true,Rx,0,8,21,13,00,00,00,00,00,00,
5759689,108182FE,true,Tx,0,8,02,1E,00,00,00,00,00,00,
5761212,1081827E,true,Rx,0,8,22,13,00,00,00,00,00,00,
5761282,108182FE,true,Tx,0,8,03,1E,00,00,00,00,00,00,
5763508,1081827E,true,Rx,0,8,23,13,00,00,00,00,00,00,
5763278,108182FE,true,Tx,0,8,04,1E,00,00,00,00,00,00,
5765088,108182FE,true,Tx,0,8,05,1E,00,00,00,00,00,00,
5765857,1081827E,true,Rx,0,8,24,13,00,00,00,00,00,00,
5766245,108182FE,true,Tx,0,8,06,1E,00,00,00,00,00,00,
5767377,108182FE,true,Tx,0,8,07,1E,00,00,00,00,00,00,
5768195,1081827E,true,Rx,0,8,25,13,00,00,00,00,00,00,
5768561,108182FE,true,Tx,0,8,08,1E,00,00,00,00,00,00,
5769699,108182FE,true,Tx,0,8,09,1E,00,00,00,00,00,00,
5770505,1081827E,true,Rx,0,8,26,13,00,00,00,00,00,00,
5770806,108182FE,true,Tx,0,8,0A,1E,00,00,00,00,00,00,
5771911,108182FE,true,Tx,0,8,0B,1E,00,00,00,00,00,00,
5772852,1081827E,true,Rx,0,8,27,13,00,00,00,00,00,00,
5773039,108182FE,true,Tx,0,8,0C,1E,00,00,00,00,00,00,
5774157,108182FE,true,Tx,0,8,0D,1E,00,00,00,00,00,00,
5775151,1081827E,true,Rx,0,8,28,13,00,00,00,00,00,00,
5775272,108182FE,true,Tx,0,8,0E,1E,00,00,00,00,00,00,
5776546,108182FE,true,Tx,0,8,0F,1E,00,00,00,00,00,00,
5777467,1081827E,true,Rx,0,8,29,13,00,00,00,00,00,00,
5777694,108182FE,true,Tx,0,8,00,1F,00,00,00,00,00,00,
5778829,108182FE,true,Tx,0,8,01,1F,00,00,00,00,00,00,
5779799,1081827E,true,Rx,0,8,2A,13,00,00,00,00,00,00,
5780011,108182FE,true,Tx,0,8,02,1F,00,00,00,00,00,00,
5781124,108182FE,true,Tx,0,8,03,1F,00,00,00,00,00,00,
5782088,1081827E,true,Rx,0,8,2B,13,00,00,00,00,00,00,
5782267,108182FE,true,Tx,0,8,04,1F,00,00,00,00,00,00,
5783367,108182FE,true,Tx,0,8,05,1F,00,00,00,00,00,00,
5784464,1081827E,true,Rx,0,8,2C,13,00,00,00,00,00,00,
5784537,108182FE,true,Tx,0,8,06,1F,00,00,00,00,00,00,
5785650,108182FE,true,Tx,0,8,07,1F,00,00,00,00,00,00,
5786693,1081827E,true,Rx,0,8,2D,13,00,00,00,00,00,00,
5786822,108182FE,true,Tx,0,8,08,1F,00,00,00,00,00,00,
5787932,108182FE,true,Tx,0,8,09,1F,00,00,00,00,00,00,
5789026,1081827E,true,Rx,0,8,2E,13,00,00,00,00,00,00,
5789117,108182FE,true,Tx,0,8,0A,1F,00,00,00,00,00,00,
5790265,108182FE,true,Tx,0,8,0B,1F,00,00,00,00,00,00,
5791462,1081827E,true,Rx,0,8,2F,13,00,00,00,00,00,00,
5791407,108182FE,true,Tx,0,8,0C,1F,00,00,00,00,00,00,
5792530,108182FE,true,Tx,0,8,0D,1F,00,00,00,00,00,00,
5793744,1081827E,true,Rx,0,8,20,14,00,00,00,00,00,00,
5793939,108182FE,true,Tx,0,8,0E,1F,00,00,00,00,00,00,
5795384,108182FE,true,Tx,0,8,0F,1F,00,00,00,00,00,00,
5796575,108182FE,true,Tx,0,8,00,20,00,00,00,00,00,00,
5797207,1081827E,true,Rx,0,8,21,14,00,00,00,00,00,00,
5797208,1081827E,true,Rx,0,8,22,14,00,00,00,00,00,00,
5797772,108182FE,true,Tx,0,8,01,20,00,00,00,00,00,00,
5798943,108182FE,true,Tx,0,8,02,20,00,00,00,00,00,00,
5800082,108182FE,true,Tx,0,8,03,20,00,00,00,00,00,00,
5800693,1081827E,true,Rx,0,8,23,14,00,00,00,00,00,00,
5801512,108182FE,true,Tx,0,8,04,20,00,00,00,00,00,00,
5803033,1081827E,true,Rx,0,8,24,14,00,00,00,00,00,00,
5802655,108182FE,true,Tx,0,8,05,20,00,00,00,00,00,00,
5803875,108182FE,true,Tx,0,8,06,20,00,00,00,00,00,00,
5805463,1081827E,true,Rx,0,8,25,14,00,00,00,00,00,00,
5805306,108182FE,true,Tx,0,8,07,20,00,00,00,00,00,00,
5806542,108182FE,true,Tx,0,8,08,20,00,00,00,00,00,00,
5807748,1081827E,true,Rx,0,8,26,14,00,00,00,00,00,00,
5807836,108182FE,true,Tx,0,8,09,20,00,00,00,00,00,00,
5809143,108182FE,true,Tx,0,8,0A,20,00,00,00,00,00,00,
5810085,1081827E,true,Rx,0,8,27,14,00,00,00,00,00,00,
5810912,108182FE,true,Tx,0,8,0B,20,00,00,00,00,00,00,
5812500,1081827E,true,Rx,0,8,28,14,00,00,00,00,00,00,
5812259,108182FE,true,Tx,0,8,0C,20,00,00,00,00,00,00,
5813440,108182FE,true,Tx,0,8,0D,20,00,00,00,00,00,00,
5814747,1081827E,true,Rx,0,8,29,14,00,00,00,00,00,00,
5814724,108182FE,true,Tx,0,8,0E,20,00,00,00,00,00,00,
5815953,108182FE,true,Tx,0,8,0F,20,00,00,00,00,00,00,
5817036,1081827E,true,Rx,0,8,2A,14,00,00,00,00,00,00,
5817240,108182FE,true,Tx,0,8,00,21,00,00,00,00,00,00,
5818453,108182FE,true,Tx,0,8,01,21,00,00,00,00,00,00,
5819462,1081827E,true,Rx,0,8,2B,14,00,00,00,00,00,00,
5819756,108182FE,true,Tx,0,8,02,21,00,00,00,00,00,00,
5821085,108182FE,true,Tx,0,8,03,21,00,00,00,00,00,00,
5821687,1081827E,true,Rx,0,8,2C,14,00,00,00,00,00,00,
5822244,108182FE,true,Tx,0,8,04,21,00,00,00,00,00,00,
5823367,108182FE,true,Tx,0,8,05,21,00,00,00,00,00,00,
5824031,1081827E,true,Rx,0,8,2E,14,00,00,00,00,00,00,
5824504,108182FE,true,Tx,0,8,06,21,00,00,00,00,00,00,
5825581,108182FE,true,Tx,0,8,07,21,00,00,00,00,00,00,
5826329,1081827E,true,Rx,0,8,2F,14,00,00,00,00,00,00,
5826936,108182FE,true,Tx,0,8,08,21,00,00,00,00,00,00,
5828682,1081827E,true,Rx,0,8,21,15,00,00,00,00,00,00,
5828405,108182FE,true,Tx,0,8,09,21,00,00,00,00,00,00,
5829633,108182FE,true,Tx,0,8,0A,21,00,00,00,00,00,00,
5830979,1081827E,true,Rx,0,8,23,15,00,00,00,00,00,00,
5830819,108182FE,true,Tx,0,8,0B,21,00,00,00,00,00,00,
5831937,108182FE,true,Tx,0,8,0C,21,00,00,00,00,00,00,
5833320,1081827E,true,Rx,0,8,24,15,00,00,00,00,00,00,
5833085,108182FE,true,Tx,0,8,0D,21,00,00,00,00,00,00,
5834207,108182FE,true,Tx,0,8,0E,21,00,00,00,00,00,00,
5835635,1081827E,true,Rx,0,8,26,15,00,00,00,00,00,00,
5835327,108182FE,true,Tx,0,8,0F,21,00,00,00,00,00,00,
5836439,108182FE,true,Tx,0,8,00,22,00,00,00,00,00,00,
5837979,1081827E,true,Rx,0,8,28,15,00,00,00,00,00,00,
5837594,108182FE,true,Tx,0,8,01,22,00,00,00,00,00,00,
5838776,108182FE,true,Tx,0,8,02,22,00,00,00,00,00,00,
5840263,1081827E,true,Rx,0,8,2A,15,00,00,00,00,00,00,
5839917,108182FE,true,Tx,0,8,03,22,00,00,00,00,00,00,
5841035,108182FE,true,Tx,0,8,04,22,00,00,00,00,00,00,
5842577,1081827E,true,Rx,0,8,2C,15,00,00,00,00,00,00,
5842148,108182FE,true,Tx,0,8,05,22,00,00,00,00,00,00,
5843264,108182FE,true,Tx,0,8,06,22,00,00,00,00,00,00,
5844918,1081827E,true,Rx,0,8,2D,15,00,00,00,00,00,00,
5844730,108182FE,true,Tx,0,8,07,22,00,00,00,00,00,00,
5846189,108182FE,true,Tx,0,8,08,22,00,00,00,00,00,00,
5847204,1081827E,true,Rx,0,8,2F,15,00,00,00,00,00,00,
5847472,108182FE,true,Tx,0,8,09,22,00,00,00,00,00,00,
5848684,108182FE,true,Tx,0,8,0A,22,00,00,00,00,00,00,
5849565,1081827E,true,Rx,0,8,21,16,00,00,00,00,00,00,
5849806,108182FE,true,Tx,0,8,0B,22,00,00,00,00,00,00,
5851007,108182FE,true,Tx,0,8,0C,22,00,00,00,00,00,00,
5851859,1081827E,true,Rx,0,8,23,16,00,00,00,00,00,00,
5852292,108182FE,true,Tx,0,8,0D,22,00,00,00,00,00,00,
5853434,108182FE,true,Tx,0,8,0E,22,00,00,00,00,00,00,
5854205,1081827E,true,Rx,0,8,24,16,00,00,00,00,00,00,
5854664,108182FE,true,Tx,0,8,0F,22,00,00,00,00,00,00,
5855862,108182FE,true,Tx,0,8,00,23,00,00,00,00,00,00,
5856507,1081827E,true,Rx,0,8,26,16,00,00,00,00,00,00,
5857155,108182FE,true,Tx,0,8,01,23,00,00,00,00,00,00,
5858287,108182FE,true,Tx,0,8,02,23,00,00,00,00,00,00,
5858863,1081827E,true,Rx,0,8,28,16,00,00,00,00,00,00,
5859413,108182FE,true,Tx,0,8,03,23,00,00,00,00,00,00,
5860513,108182FE,true,Tx,0,8,04,23,00,00,00,00,00,00,
5861211,1081827E,true,Rx,0,8,2A,16,00,00,00,00,00,00,
5861885,108182FE,true,Tx,0,8,05,23,00,00,00,00,00,00,
5863506,1081827E,true,Rx,0,8,2C,16,00,00,00,00,00,00,
5863300,108182FE,true,Tx,0,8,06,23,00,00,00,00,00,00,
5864613,108182FE,true,Tx,0,8,07,23,00,00,00,00,00,00,
5865857,1081827E,true,Rx,0,8,2D,16,00,00,00,00,00,00,
5865908,108182FE,true,Tx,0,8,08,23,00,00,00,00,00,00,
5867118,108182FE,true,Tx,0,8,09,23,00,00,00,00,00,00,
5868148,1081827E,true,Rx,0,8,2F,16,00,00,00,00,00,00,
5868391,108182FE,true,Tx,0,8,0A,23,00,00,00,00,00,00,
5869904,108182FE,true,Tx,0,8,0B,23,00,00,00,00,00,00,
5870516,1081827E,true,Rx,0,8,20,17,00,00,00,00,00,00,
5871180,108182FE,true,Tx,0,8,0C,23,00,00,00,00,00,00,
5872809,1081827E,true,Rx,0,8,22,17,00,00,00,00,00,00,
5872503,108182FE,true,Tx,0,8,0D,23,00,00,00,00,00,00,
5873807,108182FE,true,Tx,0,8,0E,23,00,00,00,00,00,00,
5874976,108182FE,true,Tx,0,8,0F,23,00,00,00,00,00,00,
5876129,108182FE,true,Tx,0,8,00,24,00,00,00,00,00,00,
5877471,1081827E,true,Rx,0,8,24,17,00,00,00,00,00,00,
5877473,100011FE,true,Rx,0,8,00,02,00,00,00,00,00,00,
5877474,1081827E,true,Rx,0,8,26,17,00,00,00,00,00,00,
5877292,108182FE,true,Tx,0,8,01,24,00,00,00,00,00,00,
5878546,108182FE,true,Tx,0,8,02,24,00,00,00,00,00,00,
5879731,108182FE,true,Tx,0,8,03,24,00,00,00,00,00,00,
5880973,1081827E,true,Rx,0,8,28,17,00,00,00,00,00,00,
5880906,108182FE,true,Tx,0,8,04,24,00,00,00,00,00,00,
5882056,108182FE,true,Tx,0,8,05,24,00,00,00,00,00,00,
5883262,1081827E,true,Rx,0,8,29,17,00,00,00,00,00,00,
5883213,108182FE,true,Tx,0,8,06,24,00,00,00,00,00,00,
5884363,108182FE,true,Tx,0,8,07,24,00,00,00,00,00,00,
5885510,108182FE,true,Tx,0,8,08,24,00,00,00,00,00,00,
5886750,1081827E,true,Rx,0,8,2B,17,00,00,00,00,00,00,
5886750,1081827E,true,Rx,0,8,2C,17,00,00,00,00,00,00,
5886662,108182FE,true,Tx,0,8,09,24,00,00,00,00,00,00,
5887842,108182FE,true,Tx,0,8,0A,24,00,00,00,00,00,00,
5889101,108182FE,true,Tx,0,8,0B,24,00,00,00,00,00,00,
5890204,1081827E,true,Rx,0,8,2E,17,00,00,00,00,00,00,
5890386,108182FE,true,Tx,0,8,0C,24,00,00,00,00,00,00,
5891705,108182FE,true,Tx,0,8,0D,24,00,00,00,00,00,00,
5892578,1081827E,true,Rx,0,8,20,18,00,00,00,00,00,00,
5892911,108182FE,true,Tx,0,8,0E,24,00,00,00,00,00,00,
5894241,108182FE,true,Tx,0,8,0F,24,00,00,00,00,00,00,
5894920,1081827E,true,Rx,0,8,22,18,00,00,00,00,00,00,
5895798,108182FE,true,Tx,0,8,00,25,00,00,00,00,00,00,
5897268,1081827E,true,Rx,0,8,24,18,00,00,00,00,00,00,
5897107,108182FE,true,Tx,0,8,01,25,00,00,00,00,00,00,
5898391,108182FE,true,Tx,0,8,02,25,00,00,00,00,00,00,
5899569,1081827E,true,Rx,0,8,25,18,00,00,00,00,00,00,
5899599,108182FE,true,Tx,0,8,03,25,00,00,00,00,00,00,
5900856,108182FE,true,Tx,0,8,04,25,00,00,00,00,00,00,
5901919,1081827E,true,Rx,0,8,27,18,00,00,00,00,00,00,
5902124,108182FE,true,Tx,0,8,05,25,00,00,00,00,00,00,
5903377,108182FE,true,Tx,0,8,06,25,00,00,00,00,00,00,
5904210,1081827E,true,Rx,0,8,2A,18,00,00,00,00,00,00,
5904606,108182FE,true,Tx,0,8,07,25,00,00,00,00,00,00,
5906575,1081827E,true,Rx,0,8,2B,18,00,00,00,00,00,00,
5906031,108182FE,true,Tx,0,8,08,25,00,00,00,00,00,00,
5907191,108182FE,true,Tx,0,8,09,25,00,00,00,00,00,00,
5908920,1081827E,true,Rx,0,8,2D,18,00,00,00,00,00,00,
5908490,108182FE,true,Tx,0,8,0A,25,00,00,00,00,00,00,
5909602,108182FE,true,Tx,0,8,0B,25,00,00,00,00,00,00,
5911206,1081827E,true,Rx,0,8,2F,18,00,00,00,00,00,00,
5911009,108182FE,true,Tx,0,8,0C,25,00,00,00,00,00,00,
5912590,108182FE,true,Tx,0,8,0D,25,00,00,00,00,00,00,
5913575,1081827E,true,Rx,0,8,21,19,00,00,00,00,00,00,
5913843,108182FE,true,Tx,0,8,0E,25,00,00,00,00,00,00,
5915021,108182FE,true,Tx,0,8,0F,25,00,00,00,00,00,00,
5915915,1081827E,true,Rx,0,8,22,19,00,00,00,00,00,00,
5916182,108182FE,true,Tx,0,8,00,26,00,00,00,00,00,00,
5917353,108182FE,true,Tx,0,8,01,26,00,00,00,00,00,00,
5918206,1081827E,true,Rx,0,8,24,19,00,00,00,00,00,00,
5918496,108182FE,true,Tx,0,8,02,26,00,00,00,00,00,00,
5919636,108182FE,true,Tx,0,8,03,26,00,00,00,00,00,00,
5920513,1081827E,true,Rx,0,8,26,19,00,00,00,00,00,00,
5920779,108182FE,true,Tx,0,8,04,26,00,00,00,00,00,00,
5921904,108182FE,true,Tx,0,8,05,26,00,00,00,00,00,00,
5922863,1081827E,true,Rx,0,8,28,19,00,00,00,00,00,00,
5923047,108182FE,true,Tx,0,8,06,26,00,00,00,00,00,00,
5924237,108182FE,true,Tx,0,8,07,26,00,00,00,00,00,00,
5925150,1081827E,true,Rx,0,8,29,19,00,00,00,00,00,00,
5925441,108182FE,true,Tx,0,8,08,26,00,00,00,00,00,00,
5926615,108182FE,true,Tx,0,8,09,26,00,00,00,00,00,00,
5927471,1081827E,true,Rx,0,8,2B,19,00,00,00,00,00,00,
5928087,108182FE,true,Tx,0,8,0A,26,00,00,00,00,00,00,
5929805,1081827E,true,Rx,0,8,2D,19,00,00,00,00,00,00,
5929600,108182FE,true,Tx,0,8,0B,26,00,00,00,00,00,00,
5930764,108182FE,true,Tx,0,8,0C,26,00,00,00,00,00,00,
5932087,1081827E,true,Rx,0,8,2E,19,00,00,00,00,00,00,
5931978,108182FE,true,Tx,0,8,0D,26,00,00,00,00,00,00,
5933102,108182FE,true,Tx,0,8,0E,26,00,00,00,00,00,00,
5934465,1081827E,true,Rx,0,8,2F,19,00,00,00,00,00,00,
5934264,108182FE,true,Tx,0,8,0F,26,00,00,00,00,00,00,
5935389,108182FE,true,Tx,0,8,00,27,00,00,00,00,00,00,
5936746,1081827E,true,Rx,0,8,21,1A,00,00,00,00,00,00,
5936595,108182FE,true,Tx,0,8,01,27,00,00,00,00,00,00,
5937754,108182FE,true,Tx,0,8,02,27,00,00,00,00,00,00,
5939087,1081827E,true,Rx,0,8,23,1A,00,00,00,00,00,00,
5939026,108182FE,true,Tx,0,8,03,27,00,00,00,00,00,00,
5940267,108182FE,true,Tx,0,8,04,27,00,00,00,00,00,00,
5941469,1081827E,true,Rx,0,8,25,1A,00,00,00,00,00,00,
5941485,108182FE,true,Tx,0,8,05,27,00,00,00,00,00,00,
5942684,108182FE,true,Tx,0,8,06,27,00,00,00,00,00,00,
5943696,1081827E,true,Rx,0,8,27,1A,00,00,00,00,00,00,
5943927,108182FE,true,Tx,0,8,07,27,00,00,00,00,00,00,
5946034,1081827E,true,Rx,0,8,29,1A,00,00,00,00,00,00,
5945485,108182FE,true,Tx,0,8,08,27,00,00,00,00,00,00,
5946750,108182FE,true,Tx,0,8,09,27,00,00,00,00,00,00,
5948463,1081827E,true,Rx,0,8,2B,1A,00,00,00,00,00,00,
5948007,108182FE,true,Tx,0,8,0A,27,00,00,00,00,00,00,
5949295,108182FE,true,Tx,0,8,0B,27,00,00,00,00,00,00,
5950632,1081827E,true,Rx,0,8,2D,1A,00,00,00,00,00,00,
5950553,108182FE,true,Tx,0,8,0C,27,00,00,00,00,00,00,
5951703,108182FE,true,Tx,0,8,0D,27,00,00,00,00,00,00,
5952889,108182FE,true,Tx,0,8,0E,27,00,00,00,00,00,00,
5954145,1081827E,true,Rx,0,8,2E,1A,00,00,00,00,00,00,
5954146,1081827E,true,Rx,0,8,20,1B,00,00,00,00,00,00,
5954041,108182FE,true,Tx,0,8,0F,27,00,00,00,00,00,00,
5955235,108182FE,true,Tx,0,8,00,28,00,00,00,00,00,00,
5956379,108182FE,true,Tx,0,8,01,28,00,00,00,00,00,00,
5957577,1081827E,true,Rx,0,8,22,1B,00,00,00,00,00,00,
5957589,108182FE,true,Tx,0,8,02,28,00,00,00,00,00,00,
5958723,108182FE,true,Tx,0,8,03,28,00,00,00,00,00,00,
5959925,1081827E,true,Rx,0,8,23,1B,00,00,00,00,00,00,
5959918,108182FE,true,Tx,0,8,04,28,00,00,00,00,00,00,
5961383,108182FE,true,Tx,0,8,05,28,00,00,00,00,00,00,
5962202,1081827E,true,Rx,0,8,25,1B,00,00,00,00,00,00,
5962767,108182FE,true,Tx,0,8,06,28,00,00,00,00,00,00,
5963989,108182FE,true,Tx,0,8,07,28,00,00,00,00,00,00,
5965687,1081827E,true,Rx,0,8,28,1B,00,00,00,00,00,00,
5965688,1081827E,true,Rx,0,8,29,1B,00,00,00,00,00,00,
5965261,108182FE,true,Tx,0,8,08,28,00,00,00,00,00,00,
5966418,108182FE,true,Tx,0,8,09,28,00,00,00,00,00,00,
5967562,108182FE,true,Tx,0,8,0A,28,00,00,00,00,00,00,
5969217,1081827E,true,Rx,0,8,2B,1B,00,00,00,00,00,00,
5968737,108182FE,true,Tx,0,8,0B,28,00,00,00,00,00,00,
5971508,1081827E,true,Rx,0,8,2D,1B,00,00,00,00,00,00,
5973861,1081827E,true,Rx,0,8,2E,1B,00,00,00,00,00,00,
5976155,1081827E,true,Rx,0,8,20,1C,00,00,00,00,00,00,
5978512,1081827E,true,Rx,0,8,22,1C,00,00,00,00,00,00,
5980860,1081827E,true,Rx,0,8,24,1C,00,00,00,00,00,00,
5981236,108182FE,true,Tx,0,8,0C,28,00,00,00,00,00,00,
5984324,1081827E,true,Rx,0,8,25,1C,00,00,00,00,00,00,
5984325,1081827E,true,Rx,0,8,27,1C,00,00,00,00,00,00,
5987821,1081827E,true,Rx,0,8,29,1C,00,00,00,00,00,00,
5990140,1081827E,true,Rx,0,8,2B,1C,00,00,00,00,00,00,
5992508,1081827E,true,Rx,0,8,2C,1C,00,00,00,00,00,00,
5994804,1081827E,true,Rx,0,8,2E,1C,00,00,00,00,00,00,
5997157,1081827E,true,Rx,0,8,20,1D,00,00,00,00,00,00,
5998526,108182FE,true,Tx,0,8,0D,28,00,00,00,00,00,00,
5999502,1081827E,true,Rx,0,8,21,1D,00,00,00,00,00,00,
5999999,108182FE,true,Tx,0,8,0E,28,00,00,00,00,00,00,
6001190,108182FE,true,Tx,0,8,0F,28,00,00,00,00,00,00,
6001804,1081827E,true,Rx,0,8,24,1D,00,00,00,00,00,00,
6002428,108182FE,true,Tx,0,8,00,29,00,00,00,00,00,00,
6004151,1081827E,true,Rx,0,8,25,1D,00,00,00,00,00,00,
6003648,108182FE,true,Tx,0,8,01,29,00,00,00,00,00,00,
6004816,108182FE,true,Tx,0,8,02,29,00,00,00,00,00,00,
6006469,1081827E,true,Rx,0,8,27,1D,00,00,00,00,00,00,
6006002,108182FE,true,Tx,0,8,03,29,00,00,00,00,00,00,
6007168,108182FE,true,Tx,0,8,04,29,00,00,00,00,00,00,
6008809,1081827E,true,Rx,0,8,28,1D,00,00,00,00,00,00,
6008318,108182FE,true,Tx,0,8,05,29,00,00,00,00,00,00,
6009453,108182FE,true,Tx,0,8,06,29,00,00,00,00,00,00,
6011105,1081827E,true,Rx,0,8,29,1D,00,00,00,00,00,00,
6010599,108182FE,true,Tx,0,8,07,29,00,00,00,00,00,00,
6012120,108182FE,true,Tx,0,8,08,29,00,00,00,00,00,00,
6013482,1081827E,true,Rx,0,8,2A,1D,00,00,00,00,00,00,
6014088,108182FE,true,Tx,0,8,09,29,00,00,00,00,00,00,
6015738,1081827E,true,Rx,0,8,2B,1D,00,00,00,00,00,00,
6015895,108182FE,true,Tx,0,8,0A,29,00,00,00,00,00,00,
6017187,108182FE,true,Tx,0,8,0B,29,00,00,00,00,00,00,
6018089,1081827E,true,Rx,0,8,2C,1D,00,00,00,00,00,00,
6018795,108182FE,true,Tx,0,8,0C,29,00,00,00,00,00,00,
6020465,1081827E,true,Rx,0,8,2D,1D,00,00,00,00,00,00,
6020019,108182FE,true,Tx,0,8,0D,29,00,00,00,00,00,00,
6021151,108182FE,true,Tx,0,8,0E,29,00,00,00,00,00,00,
6022690,1081827E,true,Rx,0,8,2E,1D,00,00,00,00,00,00,
6022347,108182FE,true,Tx,0,8,0F,29,00,00,00,00,00,00,
6023486,108182FE,true,Tx,0,8,00,2A,00,00,00,00,00,00,
6025040,1081827E,true,Rx,0,8,2F,1D,00,00,00,00,00,00,
6024680,108182FE,true,Tx,0,8,01,2A,00,00,00,00,00,00,
6025792,108182FE,true,Tx,0,8,02,2A,00,00,00,00,00,00,
6027328,1081827E,true,Rx,0,8,20,1E,00,00,00,00,00,00,
6026958,108182FE,true,Tx,0,8,03,2A,00,00,00,00,00,00,
6028484,108182FE,true,Tx,0,8,04,2A,00,00,00,00,00,00,
6029685,1081827E,true,Rx,0,8,21,1E,00,00,00,00,00,00,
6029930,108182FE,true,Tx,0,8,05,2A,00,00,00,00,00,00,
6031186,108182FE,true,Tx,0,8,06,2A,00,00,00,00,00,00,
6031978,1081827E,true,Rx,0,8,22,1E,00,00,00,00,00,00,
6032461,108182FE,true,Tx,0,8,07,2A,00,00,00,00,00,00,
6033607,108182FE,true,Tx,0,8,08,2A,00,00,00,00,00,00,
6034322,1081827E,true,Rx,0,8,23,1E,00,00,00,00,00,00,
6034938,108182FE,true,Tx,0,8,09,2A,00,00,00,00,00,00,
6036638,1081827E,true,Rx,0,8,24,1E,00,00,00,00,00,00,
6036128,108182FE,true,Tx,0,8,0A,2A,00,00,00,00,00,00,
6037319,108182FE,true,Tx,0,8,0B,2A,00,00,00,00,00,00,
6038983,1081827E,true,Rx,0,8,25,1E,00,00,00,00,00,00,
6038509,108182FE,true,Tx,0,8,0C,2A,00,00,00,00,00,00,
6039719,108182FE,true,Tx,0,8,0D,2A,00,00,00,00,00,00,
6041332,1081827E,true,Rx,0,8,26,1E,00,00,00,00,00,00,
6040929,108182FE,true,Tx,0,8,0E,2A,00,00,00,00,00,00,
6042150,108182FE,true,Tx,0,8,0F,2A,00,00,00,00,00,00,
6043633,1081827E,true,Rx,0,8,27,1E,00,00,00,00,00,00,
6043404,108182FE,true,Tx,0,8,00,2B,00,00,00,00,00,00,
6044750,108182FE,true,Tx,0,8,01,2B,00,00,00,00,00,00,
6045972,1081827E,true,Rx,0,8,28,1E,00,00,00,00,00,00,
6045950,108182FE,true,Tx,0,8,02,2B,00,00,00,00,00,00,
6047172,108182FE,true,Tx,0,8,03,2B,00,00,00,00,00,00,
6048269,1081827E,true,Rx,0,8,29,1E,00,00,00,00,00,00,
6048355,108182FE,true,Tx,0,8,04,2B,00,00,00,00,00,00,
6049512,108182FE,true,Tx,0,8,05,2B,00,00,00,00,00,00,
6050639,1081827E,true,Rx,0,8,2A,1E,00,00,00,00,00,00,
6050693,108182FE,true,Tx,0,8,06,2B,00,00,00,00,00,00,
6051856,108182FE,true,Tx,0,8,07,2B,00,00,00,00,00,00,
6052915,1081827E,true,Rx,0,8,2B,1E,00,00,00,00,00,00,
6053090,108182FE,true,Tx,0,8,08,2B,00,00,00,00,00,00,
6054303,108182FE,true,Tx,0,8,09,2B,00,00,00,00,00,00,
6055269,1081827E,true,Rx,0,8,2C,1E,00,00,00,00,00,00,
6055497,108182FE,true,Tx,0,8,0A,2B,00,00,00,00,00,00,
6056675,108182FE,true,Tx,0,8,0B,2B,00,00,00,00,00,00,
6057582,1081827E,true,Rx,0,8,2D,1E,00,00,00,00,00,00,
6057844,108182FE,true,Tx,0,8,0C,2B,00,00,00,00,00,00,
6059011,108182FE,true,Tx,0,8,0D,2B,00,00,00,00,00,00,
6059923,1081827E,true,Rx,0,8,2E,1E,00,00,00,00,00,00,
6060238,108182FE,true,Tx,0,8,0E,2B,00,00,00,00,00,00,
6062290,1081827E,true,Rx,0,8,2F,1E,00,00,00,00,00,00,
6061818,108182FE,true,Tx,0,8,0F,2B,00,00,00,00,00,00,
6063222,108182FE,true,Tx,0,8,00,2C,00,00,00,00,00,00,
6064627,1081827E,true,Rx,0,8,20,1F,00,00,00,00,00,00,
6064609,108182FE,true,Tx,0,8,01,2C,00,00,00,00,00,00,
6065779,108182FE,true,Tx,0,8,02,2C,00,00,00,00,00,00,
6066929,1081827E,true,Rx,0,8,22,1F,00,00,00,00,00,00,
6067017,108182FE,true,Tx,0,8,03,2C,00,00,00,00,00,00,
6068158,108182FE,true,Tx,0,8,04,2C,00,00,00,00,00,00,
6069330,1081827E,true,Rx,0,8,24,1F,00,00,00,00,00,00,
6069330,108182FE,true,Tx,0,8,05,2C,00,00,00,00,00,00,
6070479,108182FE,true,Tx,0,8,06,2C,00,00,00,00,00,00,
6071677,108182FE,true,Tx,0,8,07,2C,00,00,00,00,00,00,
6072805,1001117E,true,Rx,0,8,00,01,00,00,00,00,00,00,
6072806,1081827E,true,Rx,0,8,26,1F,00,00,00,00,00,00,
6072918,108182FE,true,Tx,0,8,08,2C,00,00,00,00,00,00,
6074221,108182FE,true,Tx,0,8,09,2C,00,00,00,00,00,00,
6075154,1081827E,true,Rx,0,8,28,1F,00,00,00,00,00,00,
6075393,108182FE,true,Tx,0,8,0A,2C,00,00,00,00,00,00,
6076520,108182FE,true,Tx,0,8,0B,2C,00,00,00,00,00,00,
6077471,1081827E,true,Rx,0,8,2A,1F,00,00,00,00,00,00,
6078097,108182FE,true,Tx,0,8,0C,2C,00,00,00,00,00,00,
6079801,1081827E,true,Rx,0,8,2C,1F,00,00,00,00,00,00,
6079447,108182FE,true,Tx,0,8,0D,2C,00,00,00,00,00,00,
6080601,108182FE,true,Tx,0,8,0E,2C,00,00,00,00,00,00,
6082153,1081827E,true,Rx,0,8,2E,1F,00,00,00,00,00,00,
6081836,108182FE,true,Tx,0,8,0F,2C,00,00,00,00,00,00,
6082958,108182FE,true,Tx,0,8,00,2D,00,00,00,00,00,00,
6084467,1081827E,true,Rx,0,8,20,20,00,00,00,00,00,00,
6084191,108182FE,true,Tx,0,8,01,2D,00,00,00,00,00,00,
6085313,108182FE,true,Tx,0,8,02,2D,00,00,00,00,00,00,
6086811,1081827E,true,Rx,0,8,21,20,00,00,00,00,00,00,
6086506,108182FE,true,Tx,0,8,03,2D,00,00,00,00,00,00,
6087608,108182FE,true,Tx,0,8,04,2D,00,00,00,00,00,00,
6089152,1081827E,true,Rx,0,8,23,20,00,00,00,00,00,00,
6088827,108182FE,true,Tx,0,8,05,2D,00,00,00,00,00,00,
6089920,108182FE,true,Tx,0,8,06,2D,00,00,00,00,00,00,
6091468,1081827E,true,Rx,0,8,25,20,00,00,00,00,00,00,
6091134,108182FE,true,Tx,0,8,07,2D,00,00,00,00,00,00,
6092521,108182FE,true,Tx,0,8,08,2D,00,00,00,00,00,00,
6093817,1081827E,true,Rx,0,8,27,20,00,00,00,00,00,00,
6095025,108182FE,true,Tx,0,8,09,2D,00,00,00,00,00,00,
6096165,1081827E,true,Rx,0,8,29,20,00,00,00,00,00,00,
6096864,108182FE,true,Tx,0,8,0A,2D,00,00,00,00,00,00,
6098083,108182FE,true,Tx,0,8,0B,2D,00,00,00,00,00,00,
6099641,1081827E,true,Rx,0,8,2B,20,00,00,00,00,00,00,
6099642,1081827E,true,Rx,0,8,2C,20,00,00,00,00,00,00,
6099270,108182FE,true,Tx,0,8,0C,2D,00,00,00,00,00,00,
6100412,108182FE,true,Tx,0,8,0D,2D,00,00,00,00,00,00,
6101511,108182FE,true,Tx,0,8,0E,2D,00,00,00,00,00,00,
6103102,1081827E,true,Rx,0,8,2E,20,00,00,00,00,00,00,
6102689,108182FE,true,Tx,0,8,0F,2D,00,00,00,00,00,00,
6103775,108182FE,true,Tx,0,8,00,2E,00,00,00,00,00,00,
6105466,1081827E,true,Rx,0,8,20,21,00,00,00,00,00,00,
6104996,108182FE,true,Tx,0,8,01,2E,00,00,00,00,00,00,
6106108,108182FE,true,Tx,0,8,02,2E,00,00,00,00,00,00,
6107323,108182FE,true,Tx,0,8,03,2E,00,00,00,00,00,00,
6108928,1081827E,true,Rx,0,8,22,21,00,00,00,00,00,00,
6108928,1081827E,true,Rx,0,8,23,21,00,00,00,00,00,00,
6108465,108182FE,true,Tx,0,8,04,2E,00,00,00,00,00,00,
6109605,108182FE,true,Tx,0,8,05,2E,00,00,00,00,00,00,
6110863,108182FE,true,Tx,0,8,06,2E,00,00,00,00,00,00,
6112467,1081827E,true,Rx,0,8,26,21,00,00,00,00,00,00,
6112380,108182FE,true,Tx,0,8,07,2E,00,00,00,00,00,00,
6113583,108182FE,true,Tx,0,8,08,2E,00,00,00,00,00,00,
6114887,108182FE,true,Tx,0,8,09,2E,00,00,00,00,00,00,
6115860,1081827E,true,Rx,0,8,28,21,00,00,00,00,00,00,
6115861,1081827E,true,Rx,0,8,29,21,00,00,00,00,00,00,
6116118,108182FE,true,Tx,0,8,0A,2E,00,00,00,00,00,00,
6117285,108182FE,true,Tx,0,8,0B,2E,00,00,00,00,00,00,
6118413,108182FE,true,Tx,0,8,0C,2E,00,00,00,00,00,00,
6119332,1081827E,true,Rx,0,8,2B,21,00,00,00,00,00,00,
6119603,108182FE,true,Tx,0,8,0D,2E,00,00,00,00,00,00,
6120755,108182FE,true,Tx,0,8,0E,2E,00,00,00,00,00,00,
6121696,1081827E,true,Rx,0,8,2D,21,00,00,00,00,00,00,
6122021,108182FE,true,Tx,0,8,0F,2E,00,00,00,00,00,00,
6123227,108182FE,true,Tx,0,8,00,2F,00,00,00,00,00,00,
6123985,1081827E,true,Rx,0,8,2F,21,00,00,00,00,00,00,
6124548,108182FE,true,Tx,0,8,01,2F,00,00,00,00,00,00,
6126333,1081827E,true,Rx,0,8,21,22,00,00,00,00,00,00,
6125844,108182FE,true,Tx,0,8,02,2F,00,00,00,00,00,00,
6127106,108182FE,true,Tx,0,8,03,2F,00,00,00,00,00,00,
6128635,1081827E,true,Rx,0,8,23,22,00,00,00,00,00,00,
6129052,108182FE,true,Tx,0,8,04,2F,00,00,00,00,00,00,
6130973,1081827E,true,Rx,0,8,25,22,00,00,00,00,00,00,
6130408,108182FE,true,Tx,0,8,05,2F,00,00,00,00,00,00,
6131756,108182FE,true,Tx,0,8,06,2F,00,00,00,00,00,00,
6133138,108182FE,true,Tx,0,8,07,2F,00,00,00,00,00,00,
6134475,1081827E,true,Rx,0,8,27,22,00,00,00,00,00,00,
6134476,1081827E,true,Rx,0,8,29,22,00,00,00,00,00,00,
6134473,108182FE,true,Tx,0,8,08,2F,00,00,00,00,00,00,
6135749,108182FE,true,Tx,0,8,09,2F,00,00,00,00,00,00,
6137017,108182FE,true,Tx,0,8,0A,2F,00,00,00,00,00,00,
6137928,1081827E,true,Rx,0,8,2B,22,00,00,00,00,00,00,
6138337,108182FE,true,Tx,0,8,0B,2F,00,00,00,00,00,00,
6139643,108182FE,true,Tx,0,8,0C,2F,00,00,00,00,00,00,
6140273,1081827E,true,Rx,0,8,2D,22,00,00,00,00,00,00,
6141087,108182FE,true,Tx,0,8,0D,2F,00,00,00,00,00,00,
6142576,1081827E,true,Rx,0,8,2F,22,00,00,00,00,00,00,
6142452,108182FE,true,Tx,0,8,0E,2F,00,00,00,00,00,00,
6143818,108182FE,true,Tx,0,8,0F,2F,00,00,00,00,00,00,
6144861,1081827E,true,Rx,0,8,21,23,00,00,00,00,00,00,
6145406,108182FE,true,Tx,0,8,00,30,00,00,00,00,00,00,
6147209,1081827E,true,Rx,0,8,22,23,00,00,00,00,00,00,
6146710,108182FE,true,Tx,0,8,01,30,00,00,00,00,00,00,
6147952,108182FE,true,Tx,0,8,02,30,00,00,00,00,00,00,
6149507,1081827E,true,Rx,0,8,25,23,00,00,00,00,00,00,
6149234,108182FE,true,Tx,0,8,03,30,00,00,00,00,00,00,
6150490,108182FE,true,Tx,0,8,04,30,00,00,00,00,00,00,
6151807,1081827E,true,Rx,0,8,26,23,00,00,00,00,00,00,
6151804,108182FE,true,Tx,0,8,05,30,00,00,00,00,00,00,
6153007,108182FE,true,Tx,0,8,06,30,00,00,00,00,00,00,
6154147,1081827E,true,Rx,0,8,28,23,00,00,00,00,00,00,
6154231,108182FE,true,Tx,0,8,07,30,00,00,00,00,00,00,
6155359,108182FE,true,Tx,0,8,08,30,00,00,00,00,00,00,
6156468,1081827E,true,Rx,0,8,2A,23,00,00,00,00,00,00,
6156522,108182FE,true,Tx,0,8,09,30,00,00,00,00,00,00,
6157661,108182FE,true,Tx,0,8,0A,30,00,00,00,00,00,00,
6158817,1081827E,true,Rx,0,8,2B,23,00,00,00,00,00,00,
6158818,108182FE,true,Tx,0,8,0B,30,00,00,00,00,00,00,
6159925,108182FE,true,Tx,0,8,0C,30,00,00,00,00,00,00,
6161102,1081827E,true,Rx,0,8,2D,23,00,00,00,00,00,00,
6161340,108182FE,true,Tx,0,8,0D,30,00,00,00,00,00,00,
6162797,108182FE,true,Tx,0,8,0E,30,00,00,00,00,00,00,
6163504,1081827E,true,Rx,0,8,21,24,00,00,00,00,00,00,
6164103,108182FE,true,Tx,0,8,0F,30,00,00,00,00,00,00,
6165748,1081827E,true,Rx,0,8,22,24,00,00,00,00,00,00,
6165321,108182FE,true,Tx,0,8,00,31,00,00,00,00,00,00,
6166505,108182FE,true,Tx,0,8,01,31,00,00,00,00,00,00,
6168044,1081827E,true,Rx,0,8,24,24,00,00,00,00,00,00,
6167710,108182FE,true,Tx,0,8,02,31,00,00,00,00,00,00,
6168836,108182FE,true,Tx,0,8,03,31,00,00,00,00,00,00,
6170470,1081827E,true,Rx,0,8,26,24,00,00,00,00,00,00,
6170016,108182FE,true,Tx,0,8,04,31,00,00,00,00,00,00,
6171161,108182FE,true,Tx,0,8,05,31,00,00,00,00,00,00,
6172745,1081827E,true,Rx,0,8,29,24,00,00,00,00,00,00,
6172540,108182FE,true,Tx,0,8,06,31,00,00,00,00,00,00,
6173673,108182FE,true,Tx,0,8,07,31,00,00,00,00,00,00,
6175096,1081827E,true,Rx,0,8,2A,24,00,00,00,00,00,00,
6174844,108182FE,true,Tx,0,8,08,31,00,00,00,00,00,00,
6175961,108182FE,true,Tx,0,8,09,31,00,00,00,00,00,00,
6177467,1081827E,true,Rx,0,8,2C,24,00,00,00,00,00,00,
6177131,108182FE,true,Tx,0,8,0A,31,00,00,00,00,00,00,
6178619,108182FE,true,Tx,0,8,0B,31,00,00,00,00,00,00,
6179748,1081827E,true,Rx,0,8,2E,24,00,00,00,00,00,00,
6179980,108182FE,true,Tx,0,8,0C,31,00,00,00,00,00,00,
6181150,108182FE,true,Tx,0,8,0D,31,00,00,00,00,00,00,
6182038,1081827E,true,Rx,0,8,2F,24,00,00,00,00,00,00,
6182344,108182FE,true,Tx,0,8,0E,31,00,00,00,00,00,00,
6183476,108182FE,true,Tx,0,8,0F,31,00,00,00,00,00,00,
6184368,1081827E,true,Rx,0,8,21,25,00,00,00,00,00,00,
6184649,108182FE,true,Tx,0,8,00,32,00,00,00,00,00,00,
6185789,108182FE,true,Tx,0,8,01,32,00,00,00,00,00,00,
6186696,1081827E,true,Rx,0,8,23,25,00,00,00,00,00,00,
6186944,108182FE,true,Tx,0,8,02,32,00,00,00,00,00,00,
6188047,108182FE,true,Tx,0,8,03,32,00,00,00,00,00,00,
6189041,1081827E,true,Rx,0,8,25,25,00,00,00,00,00,00,
6189190,108182FE,true,Tx,0,8,04,32,00,00,00,00,00,00,
6190317,108182FE,true,Tx,0,8,05,32,00,00,00,00,00,00,
6191374,1081827E,true,Rx,0,8,27,25,00,00,00,00,00,00,
6191473,108182FE,true,Tx,0,8,06,32,00,00,00,00,00,00,
6192588,108182FE,true,Tx,0,8,07,32,00,00,00,00,00,00,
6193700,1081827E,true,Rx,0,8,28,25,00,00,00,00,00,00,
6193732,108182FE,true,Tx,0,8,08,32,00,00,00,00,00,00,
6195263,108182FE,true,Tx,0,8,09,32,00,00,00,00,00,00,
6195976,1081827E,true,Rx,0,8,2A,25,00,00,00,00,00,00,
6196667,108182FE,true,Tx,0,8,0A,32,00,00,00,00,00,00,
6198309,1081827E,true,Rx,0,8,2C,25,00,00,00,00,00,00,
6197859,108182FE,true,Tx,0,8,0B,32,00,00,00,00,00,00,
6199003,108182FE,true,Tx,0,8,0C,32,00,00,00,00,00,00,
6200635,1081827E,true,Rx,0,8,2E,25,00,00,00,00,00,00,
6200220,108182FE,true,Tx,0,8,0D,32,00,00,00,00,00,00,
6201365,108182FE,true,Tx,0,8,0E,32,00,00,00,00,00,00,
6202980,1081827E,true,Rx,0,8,20,26,00,00,00,00,00,00,
6202534,108182FE,true,Tx,0,8,0F,32,00,00,00,00,00,00,
6203677,108182FE,true,Tx,0,8,00,33,00,00,00,00,00,00,
6205260,1081827E,true,Rx,0,8,22,26,00,00,00,00,00,00,
6204871,108182FE,true,Tx,0,8,01,33,00,00,00,00,00,00,
6206003,108182FE,true,Tx,0,8,02,33,00,00,00,00,00,00,
6207640,1081827E,true,Rx,0,8,24,26,00,00,00,00,00,00,
6207173,108182FE,true,Tx,0,8,03,33,00,00,00,00,00,00,
6208321,108182FE,true,Tx,0,8,04,33,00,00,00,00,00,00,
6209929,1081827E,true,Rx,0,8,26,26,00,00,00,00,00,00,
6209638,108182FE,true,Tx,0,8,05,33,00,00,00,00,00,00,
6210921,108182FE,true,Tx,0,8,06,33,00,00,00,00,00,00,
6212257,1081827E,true,Rx,0,8,28,26,00,00,00,00,00,00,
6212437,108182FE,true,Tx,0,8,07,33,00,00,00,00,00,00,
6213640,108182FE,true,Tx,0,8,08,33,00,00,00,00,00,00,
6214574,1081827E,true,Rx,0,8,2A,26,00,00,00,00,00,00,
6214877,108182FE,true,Tx,0,8,09,33,00,00,00,00,00,00,
6216017,108182FE,true,Tx,0,8,0A,33,00,00,00,00,00,00,
6216865,1081827E,true,Rx,0,8,2B,26,00,00,00,00,00,00,
6217236,108182FE,true,Tx,0,8,0B,33,00,00,00,00,00,00,
6218458,108182FE,true,Tx,0,8,0C,33,00,00,00,00,00,00,
6219199,1081827E,true,Rx,0,8,2D,26,00,00,00,00,00,00,
6221515,1081827E,true,Rx,0,8,2F,26,00,00,00,00,00,00,
6223869,1081827E,true,Rx,0,8,21,27,00,00,00,00,00,00,
6226135,1081827E,true,Rx,0,8,23,27,00,00,00,00,00,00,
6228504,1081827E,true,Rx,0,8,25,27,00,00,00,00,00,00,
6230755,1081827E,true,Rx,0,8,27,27,00,00,00,00,00,00,
6231374,108182FE,true,Tx,0,8,0D,33,00,00,00,00,00,00,
6233081,1081827E,true,Rx,0,8,28,27,00,00,00,00,00,00,
6235470,1081827E,true,Rx,0,8,2A,27,00,00,00,00,00,00,
6237750,1081827E,true,Rx,0,8,2C,27,00,00,00,00,00,00,
6240087,1081827E,true,Rx,0,8,2F,27,00,00,00,00,00,00,
6242468,1081827E,true,Rx,0,8,20,28,00,00,00,00,00,00,
6244710,1081827E,true,Rx,0,8,22,28,00,00,00,00,00,00,
6245924,108182FE,true,Tx,0,8,0E,33,00,00,00,00,00,00,
6247035,1081827E,true,Rx,0,8,24,28,00,00,00,00,00,00,
6248604,108182FE,true,Tx,0,8,0F,33,00,00,00,00,00,00,
6249468,1081827E,true,Rx,0,8,26,28,00,00,00,00,00,00,
6249994,108182FE,true,Tx,0,8,00,34,00,00,00,00,00,00,
6251699,1081827E,true,Rx,0,8,28,28,00,00,00,00,00,00,
6251286,108182FE,true,Tx,0,8,01,34,00,00,00,00,00,00,
6252467,108182FE,true,Tx,0,8,02,34,00,00,00,00,00,00,
6254023,1081827E,true,Rx,0,8,29,28,00,00,00,00,00,00,
6253621,108182FE,true,Tx,0,8,03,34,00,00,00,00,00,00,
6254839,108182FE,true,Tx,0,8,04,34,00,00,00,00,00,00,
6256469,1081827E,true,Rx,0,8,2B,28,00,00,00,00,00,00,
6256102,108182FE,true,Tx,0,8,05,34,00,00,00,00,00,00,
6257297,108182FE,true,Tx,0,8,06,34,00,00,00,00,00,00,
6258693,1081827E,true,Rx,0,8,2C,28,00,00,00,00,00,00,
6258487,108182FE,true,Tx,0,8,07,34,00,00,00,00,00,00,
6259644,108182FE,true,Tx,0,8,08,34,00,00,00,00,00,00,
6261034,1081827E,true,Rx,0,8,2D,28,00,00,00,00,00,00,
6261168,108182FE,true,Tx,0,8,09,34,00,00,00,00,00,00,
6263467,1081827E,true,Rx,0,8,2E,28,00,00,00,00,00,00,
6262910,108182FE,true,Tx,0,8,0A,34,00,00,00,00,00,00,
6265681,1081827E,true,Rx,0,8,2F,28,00,00,00,00,00,00,
6265124,108182FE,true,Tx,0,8,0B,34,00,00,00,00,00,00,
6266538,108182FE,true,Tx,0,8,0C,34,00,00,00,00,00,00,
6268033,1081827E,true,Rx,0,8,20,29,00,00,00,00,00,00,
6267758,108182FE,true,Tx,0,8,0D,34,00,00,00,00,00,00,
6268973,108182FE,true,Tx,0,8,0E,34,00,00,00,00,00,00,
6270327,1081827E,true,Rx,0,8,21,29,00,00,00,00,00,00,
6270223,108182FE,true,Tx,0,8,0F,34,00,00,00,00,00,00,
6271335,108182FE,true,Tx,0,8,00,35,00,00,00,00,00,00,
6272636,1081827E,true,Rx,0,8,22,29,00,00,00,00,00,00,
6272525,108182FE,true,Tx,0,8,01,35,00,00,00,00,00,00,
6273631,108182FE,true,Tx,0,8,02,35,00,00,00,00,00,00,
6274979,1081827E,true,Rx,0,8,23,29,00,00,00,00,00,00,
6274768,108182FE,true,Tx,0,8,03,35,00,00,00,00,00,00,
6275985,108182FE,true,Tx,0,8,04,35,00,00,00,00,00,00,
6277258,1081827E,true,Rx,0,8,24,29,00,00,00,00,00,00,
6277619,108182FE,true,Tx,0,8,05,35,00,00,00,00,00,00,
6278838,108182FE,true,Tx,0,8,06,35,00,00,00,00,00,00,
6279566,1081827E,true,Rx,0,8,25,29,00,00,00,00,00,00,
6279995,108182FE,true,Tx,0,8,07,35,00,00,00,00,00,00,
6281133,108182FE,true,Tx,0,8,08,35,00,00,00,00,00,00,
6281919,1081827E,true,Rx,0,8,26,29,00,00,00,00,00,00,
6282461,108182FE,true,Tx,0,8,09,35,00,00,00,00,00,00,
6284209,1081827E,true,Rx,0,8,27,29,00,00,00,00,00,00,
6283643,108182FE,true,Tx,0,8,0A,35,00,00,00,00,00,00,
6284810,108182FE,true,Tx,0,8,0B,35,00,00,00,00,00,00,
6286017,108182FE,true,Tx,0,8,0C,35,00,00,00,00,00,00,
6287694,1081827E,true,Rx,0,8,28,29,00,00,00,00,00,00,
6287694,1081827E,true,Rx,0,8,29,29,00,00,00,00,00,00,
6287198,108182FE,true,Tx,0,8,0D,35,00,00,00,00,00,00,
6288433,108182FE,true,Tx,0,8,0E,35,00,00,00,00,00,00,
6289702,108182FE,true,Tx,0,8,0F,35,00,00,00,00,00,00,
6291149,1081827E,true,Rx,0,8,2A,29,00,00,00,00,00,00,
6290993,108182FE,true,Tx,0,8,00,36,00,00,00,00,00,00,
6292226,108182FE,true,Tx,0,8,01,36,00,00,00,00,00,00,
6293461,1081827E,true,Rx,0,8,2B,29,00,00,00,00,00,00,
6293550,108182FE,true,Tx,0,8,02,36,00,00,00,00,00,00,
6294805,108182FE,true,Tx,0,8,03,36,00,00,00,00,00,00,
6295804,1081827E,true,Rx,0,8,2C,29,00,00,00,00,00,00,
6296024,108182FE,true,Tx,0,8,04,36,00,00,00,00,00,00,
6297171,108182FE,true,Tx,0,8,05,36,00,00,00,00,00,00,
6298096,1081827E,true,Rx,0,8,2D,29,00,00,00,00,00,00,
6298503,108182FE,true,Tx,0,8,06,36,00,00,00,00,00,00,
6299563,108182FE,true,Tx,0,8,07,36,00,00,00,00,00,00,
6300470,1081827E,true,Rx,0,8,2E,29,00,00,00,00,00,00,
6300690,108182FE,true,Tx,0,8,08,36,00,00,00,00,00,00,
6301806,108182FE,true,Tx,0,8,09,36,00,00,00,00,00,00,
6302750,1081827E,true,Rx,0,8,2F,29,00,00,00,00,00,00,
6302927,108182FE,true,Tx,0,8,0A,36,00,00,00,00,00,00,
6304014,108182FE,true,Tx,0,8,0B,36,00,00,00,00,00,00,
6305093,1081827E,true,Rx,0,8,20,2A,00,00,00,00,00,00,
6306275,108182FE,true,Tx,0,8,0C,36,00,00,00,00,00,00,
6307473,1081827E,true,Rx,0,8,21,2A,00,00,00,00,00,00,
6307413,108182FE,true,Tx,0,8,0D,36,00,00,00,00,00,00,
6308556,108182FE,true,Tx,0,8,0E,36,00,00,00,00,00,00,
6309746,1081827E,true,Rx,0,8,22,2A,00,00,00,00,00,00,
6309956,108182FE,true,Tx,0,8,0F,36,00,00,00,00,00,00,
6312077,1081827E,true,Rx,0,8,23,2A,00,00,00,00,00,00,
6311652,108182FE,true,Tx,0,8,00,37,00,00,00,00,00,00,
6312951,108182FE,true,Tx,0,8,01,37,00,00,00,00,00,00,
6314468,1081827E,true,Rx,0,8,24,2A,00,00,00,00,00,00,
6314138,108182FE,true,Tx,0,8,02,37,00,00,00,00,00,00,
6315273,108182FE,true,Tx,0,8,03,37,00,00,00,00,00,00,
6316693,1081827E,true,Rx,0,8,25,2A,00,00,00,00,00,00,
6316426,108182FE,true,Tx,0,8,04,37,00,00,00,00,00,00,
6317539,108182FE,true,Tx,0,8,05,37,00,00,00,00,00,00,
6318976,1081827E,true,Rx,0,8,27,2A,00,00,00,00,00,00,
6318724,108182FE,true,Tx,0,8,06,37,00,00,00,00,00,00,
6319901,108182FE,true,Tx,0,8,07,37,00,00,00,00,00,00,
6321331,1081827E,true,Rx,0,8,29,2A,00,00,00,00,00,00,
6321027,108182FE,true,Tx,0,8,08,37,00,00,00,00,00,00,
6322141,108182FE,true,Tx,0,8,09,37,00,00,00,00,00,00,
6323640,1081827E,true,Rx,0,8,2A,2A,00,00,00,00,00,00,
6323258,108182FE,true,Tx,0,8,0A,37,00,00,00,00,00,00,
6324372,108182FE,true,Tx,0,8,0B,37,00,00,00,00,00,00,
6325987,1081827E,true,Rx,0,8,2C,2A,00,00,00,00,00,00,
6325515,108182FE,true,Tx,0,8,0C,37,00,00,00,00,00,00,
6327025,108182FE,true,Tx,0,8,0D,37,00,00,00,00,00,00,
6328268,1081827E,true,Rx,0,8,2E,2A,00,00,00,00,00,00,
6328499,108182FE,true,Tx,0,8,0E,37,00,00,00,00,00,00,
6330577,1081827E,true,Rx,0,8,20,2B,00,00,00,00,00,00,
6330048,108182FE,true,Tx,0,8,0F,37,00,00,00,00,00,00,
6331249,108182FE,true,Tx,0,8,00,38,00,00,00,00,00,00,
6332922,1081827E,true,Rx,0,8,22,2B,00,00,00,00,00,00,
6332501,108182FE,true,Tx,0,8,01,38,00,00,00,00,00,00,
6333684,108182FE,true,Tx,0,8,02,38,00,00,00,00,00,00,
6335220,1081827E,true,Rx,0,8,24,2B,00,00,00,00,00,00,
6334814,108182FE,true,Tx,0,8,03,38,00,00,00,00,00,00,
6335954,108182FE,true,Tx,0,8,04,38,00,00,00,00,00,00,
6337512,1081827E,true,Rx,0,8,26,2B,00,00,00,00,00,00,
6337319,108182FE,true,Tx,0,8,05,38,00,00,00,00,00,00,
6338755,108182FE,true,Tx,0,8,06,38,00,00,00,00,00,00,
6339857,1081827E,true,Rx,0,8,28,2B,00,00,00,00,00,00,
6340162,108182FE,true,Tx,0,8,07,38,00,00,00,00,00,00,
6341575,108182FE,true,Tx,0,8,08,38,00,00,00,00,00,00,
6342211,1081827E,true,Rx,0,8,2A,2B,00,00,00,00,00,00,
6342944,108182FE,true,Tx,0,8,09,38,00,00,00,00,00,00,
6344520,1081827E,true,Rx,0,8,2C,2B,00,00,00,00,00,00,
6344830,108182FE,true,Tx,0,8,0A,38,00,00,00,00,00,00,
6346869,1081827E,true,Rx,0,8,2E,2B,00,00,00,00,00,00,
6346357,108182FE,true,Tx,0,8,0B,38,00,00,00,00,00,00,
6347740,108182FE,true,Tx,0,8,0C,38,00,00,00,00,00,00,
6349149,1081827E,true,Rx,0,8,2F,2B,00,00,00,00,00,00,
6349038,108182FE,true,Tx,0,8,0D,38,00,00,00,00,00,00,
6350205,108182FE,true,Tx,0,8,0E,38,00,00,00,00,00,00,
6351512,1081827E,true,Rx,0,8,21,2C,00,00,00,00,00,00,
6351439,108182FE,true,Tx,0,8,0F,38,00,00,00,00,00,00,
6352574,108182FE,true,Tx,0,8,00,39,00,00,00,00,00,00,
6353864,1081827E,true,Rx,0,8,23,2C,00,00,00,00,00,00,
6353770,108182FE,true,Tx,0,8,01,39,00,00,00,00,00,00,
6354866,108182FE,true,Tx,0,8,02,39,00,00,00,00,00,00,
6356153,1081827E,true,Rx,0,8,25,2C,00,00,00,00,00,00,
6356023,108182FE,true,Tx,0,8,03,39,00,00,00,00,00,00,
6357119,108182FE,true,Tx,0,8,04,39,00,00,00,00,00,00,
6358512,1081827E,true,Rx,0,8,28,2C,00,00,00,00,00,00,
6358257,108182FE,true,Tx,0,8,05,39,00,00,00,00,00,00,
6359401,108182FE,true,Tx,0,8,06,39,00,00,00,00,00,00,
6360803,1081827E,true,Rx,0,8,2A,2C,00,00,00,00,00,00,
6360908,108182FE,true,Tx,0,8,07,39,00,00,00,00,00,00,
6362398,108182FE,true,Tx,0,8,08,39,00,00,00,00,00,00,
6363154,1081827E,true,Rx,0,8,2C,2C,00,00,00,00,00,00,
6363811,108182FE,true,Tx,0,8,09,39,00,00,00,00,00,00,
6365505,1081827E,true,Rx,0,8,2D,2C,00,00,00,00,00,00,
6365005,108182FE,true,Tx,0,8,0A,39,00,00,00,00,00,00,
6366258,108182FE,true,Tx,0,8,0B,39,00,00,00,00,00,00,
6367795,1081827E,true,Rx,0,8,2F,2C,00,00,00,00,00,00,
6367653,108182FE,true,Tx,0,8,0C,39,00,00,00,00,00,00,
6369130,108182FE,true,Tx,0,8,0D,39,00,00,00,00,00,00,
6370151,1081827E,true,Rx,0,8,21,2D,00,00,00,00,00,00,
6370463,108182FE,true,Tx,0,8,0E,39,00,00,00,00,00,00,
6371592,108182FE,true,Tx,0,8,0F,39,00,00,00,00,00,00,
6372474,1081827E,true,Rx,0,8,23,2D,00,00,00,00,00,00,
6372740,108182FE,true,Tx,0,8,00,3A,00,00,00,00,00,00,
6373944,108182FE,true,Tx,0,8,01,3A,00,00,00,00,00,00,
6374796,1081827E,true,Rx,0,8,25,2D,00,00,00,00,00,00,
6375126,108182FE,true,Tx,0,8,02,3A,00,00,00,00,00,00,
6376256,108182FE,true,Tx,0,8,03,3A,00,00,00,00,00,00,
6377109,1081827E,true,Rx,0,8,27,2D,00,00,00,00,00,00,
6377940,108182FE,true,Tx,0,8,04,3A,00,00,00,00,00,00,
6379333,108182FE,true,Tx,0,8,05,3A,00,00,00,00,00,00,
6380597,1081827E,true,Rx,0,8,29,2D,00,00,00,00,00,00,
6380598,1081827E,true,Rx,0,8,2A,2D,00,00,00,00,00,00,
6380548,108182FE,true,Tx,0,8,06,3A,00,00,00,00,00,00,
6381708,108182FE,true,Tx,0,8,07,3A,00,00,00,00,00,00,
6382846,108182FE,true,Tx,0,8,08,3A,00,00,00,00,00,00,
6384045,1081827E,true,Rx,0,8,2C,2D,00,00,00,00,00,00,
6383983,108182FE,true,Tx,0,8,09,3A,00,00,00,00,00,00,
6385104,108182FE,true,Tx,0,8,0A,3A,00,00,00,00,00,00,
6386329,1081827E,true,Rx,0,8,2D,2D,00,00,00,00,00,00,
6386274,108182FE,true,Tx,0,8,0B,3A,00,00,00,00,00,00,
6387380,108182FE,true,Tx,0,8,0C,3A,00,00,00,00,00,00,
6388688,1081827E,true,Rx,0,8,2F,2D,00,00,00,00,00,00,
6388483,108182FE,true,Tx,0,8,0D,3A,00,00,00,00,00,00,
6389645,108182FE,true,Tx,0,8,0E,3A,00,00,00,00,00,00,
6391033,1081827E,true,Rx,0,8,21,2E,00,00,00,00,00,00,
6390824,108182FE,true,Tx,0,8,0F,3A,00,00,00,00,00,00,
6391966,108182FE,true,Tx,0,8,00,3B,00,00,00,00,00,00,
6393336,1081827E,true,Rx,0,8,24,2E,00,00,00,00,00,00,
6393252,108182FE,true,Tx,0,8,01,3B,00,00,00,00,00,00,
6394549,108182FE,true,Tx,0,8,02,3B,00,00,00,00,00,00,
6395632,1081827E,true,Rx,0,8,25,2E,00,00,00,00,00,00,
6395775,108182FE,true,Tx,0,8,03,3B,00,00,00,00,00,00,
6396898,108182FE,true,Tx,0,8,04,3B,00,00,00,00,00,00,
6397922,1081827E,true,Rx,0,8,27,2E,00,00,00,00,00,00,
6398107,108182FE,true,Tx,0,8,05,3B,00,00,00,00,00,00,
6399250,108182FE,true,Tx,0,8,06,3B,00,00,00,00,00,00,
6400269,1081827E,true,Rx,0,8,2A,2E,00,00,00,00,00,00,
6400405,108182FE,true,Tx,0,8,07,3B,00,00,00,00,00,00,
6401552,108182FE,true,Tx,0,8,08,3B,00,00,00,00,00,00,
6402575,1081827E,true,Rx,0,8,2B,2E,00,00,00,00,00,00,
6402819,108182FE,true,Tx,0,8,09,3B,00,00,00,00,00,00,
6404079,108182FE,true,Tx,0,8,0A,3B,00,00,00,00,00,00,
6404921,1081827E,true,Rx,0,8,2D,2E,00,00,00,00,00,00,
6405299,108182FE,true,Tx,0,8,0B,3B,00,00,00,00,00,00,
6406427,108182FE,true,Tx,0,8,0C,3B,00,00,00,00,00,00,
6407217,1081827E,true,Rx,0,8,2F,2E,00,00,00,00,00,00,
6407680,108182FE,true,Tx,0,8,0D,3B,00,00,00,00,00,00,
6408904,108182FE,true,Tx,0,8,0E,3B,00,00,00,00,00,00,
6409514,1081827E,true,Rx,0,8,21,2F,00,00,00,00,00,00,
6410641,108182FE,true,Tx,0,8,0F,3B,00,00,00,00,00,00,
6411810,1081827E,true,Rx,0,8,22,2F,00,00,00,00,00,00,
6412024,108182FE,true,Tx,0,8,00,3C,00,00,00,00,00,00,
6413170,108182FE,true,Tx,0,8,01,3C,00,00,00,00,00,00,
6414154,1081827E,true,Rx,0,8,24,2F,00,00,00,00,00,00,
6414357,108182FE,true,Tx,0,8,02,3C,00,00,00,00,00,00,
6415471,108182FE,true,Tx,0,8,03,3C,00,00,00,00,00,00,
6416469,1081827E,true,Rx,0,8,25,2F,00,00,00,00,00,00,
6416579,108182FE,true,Tx,0,8,04,3C,00,00,00,00,00,00,
6417722,108182FE,true,Tx,0,8,05,3C,00,00,00,00,00,00,
6418818,1081827E,true,Rx,0,8,28,2F,00,00,00,00,00,00,
6418937,108182FE,true,Tx,0,8,06,3C,00,00,00,00,00,00,
6420048,108182FE,true,Tx,0,8,07,3C,00,00,00,00,00,00,
6421098,1081827E,true,Rx,0,8,29,2F,00,00,00,00,00,00,
6421196,108182FE,true,Tx,0,8,08,3C,00,00,00,00,00,00,
6422487,108182FE,true,Tx,0,8,09,3C,00,00,00,00,00,00,
6423478,1081827E,true,Rx,0,8,2B,2F,00,00,00,00,00,00,
6423796,108182FE,true,Tx,0,8,0A,3C,00,00,00,00,00,00,
6424958,108182FE,true,Tx,0,8,0B,3C,00,00,00,00,00,00,
6425757,1081827E,true,Rx,0,8,2C,2F,00,00,00,00,00,00,
6426121,108182FE,true,Tx,0,8,0C,3C,00,00,00,00,00,00,
6428097,1081827E,true,Rx,0,8,2E,2F,00,00,00,00,00,00,
6427592,108182FE,true,Tx,0,8,0D,3C,00,00,00,00,00,00,
6428864,108182FE,true,Tx,0,8,0E,3C,00,00,00,00,00,00,
6430478,1081827E,true,Rx,0,8,20,30,00,00,00,00,00,00,
6430104,108182FE,true,Tx,0,8,0F,3C,00,00,00,00,00,00,
6431220,108182FE,true,Tx,0,8,00,3D,00,00,00,00,00,00,
6432754,1081827E,true,Rx,0,8,21,30,00,00,00,00,00,00,
6433534,108182FE,true,Tx,0,8,01,3D,00,00,00,00,00,00,
6435098,1081827E,true,Rx,0,8,23,30,00,00,00,00,00,00,
6434745,108182FE,true,Tx,0,8,02,3D,00,00,00,00,00,00,
6435911,108182FE,true,Tx,0,8,03,3D,00,00,00,00,00,00,
6437472,1081827E,true,Rx,0,8,25,30,00,00,00,00,00,00,
6437279,108182FE,true,Tx,0,8,04,3D,00,00,00,00,00,00,
6438507,108182FE,true,Tx,0,8,05,3D,00,00,00,00,00,00,
6439865,108182FE,true,Tx,0,8,06,3D,00,00,00,00,00,00,
6440867,1081827E,true,Rx,0,8,27,30,00,00,00,00,00,00,
6440868,1081827E,true,Rx,0,8,29,30,00,00,00,00,00,00,
6441174,108182FE,true,Tx,0,8,07,3D,00,00,00,00,00,00,
6442502,108182FE,true,Tx,0,8,08,3D,00,00,00,00,00,00,
6444463,1081827E,true,Rx,0,8,2B,30,00,00,00,00,00,00,
6444345,108182FE,true,Tx,0,8,09,3D,00,00,00,00,00,00,
6445719,108182FE,true,Tx,0,8,0A,3D,00,00,00,00,00,00,
6446692,1081827E,true,Rx,0,8,2D,30,00,00,00,00,00,00,
6447072,108182FE,true,Tx,0,8,0B,3D,00,00,00,00,00,00,
6448338,108182FE,true,Tx,0,8,0C,3D,00,00,00,00,00,00,
6449033,1081827E,true,Rx,0,8,2F,30,00,00,00,00,00,00,
6449539,108182FE,true,Tx,0,8,0D,3D,00,00,00,00,00,00,
6450677,108182FE,true,Tx,0,8,0E,3D,00,00,00,00,00,00,
6451328,1081827E,true,Rx,0,8,20,31,00,00,00,00,00,00,
6451884,108182FE,true,Tx,0,8,0F,3D,00,00,00,00,00,00,
6453047,108182FE,true,Tx,0,8,00,3E,00,00,00,00,00,00,
6453631,1081827E,true,Rx,0,8,22,31,00,00,00,00,00,00,
6454192,108182FE,true,Tx,0,8,01,3E,00,00,00,00,00,00,
6455333,108182FE,true,Tx,0,8,02,3E,00,00,00,00,00,00,
6456498,108182FE,true,Tx,0,8,03,3E,00,00,00,00,00,00,
6457097,1081827E,true,Rx,0,8,24,31,00,00,00,00,00,00,
6457098,1081827E,true,Rx,0,8,26,31,00,00,00,00,00,00,
6457693,108182FE,true,Tx,0,8,04,3E,00,00,00,00,00,00,
6458841,108182FE,true,Tx,0,8,05,3E,00,00,00,00,00,00,
6460356,108182FE,true,Tx,0,8,06,3E,00,00,00,00,00,00,
6461770,108182FE,true,Tx,0,8,07,3E,00,00,00,00,00,00,
6462926,1081827E,true,Rx,0,8,28,31,00,00,00,00,00,00,
6462927,1001117E,true,Rx,0,8,00,01,00,00,00,00,00,00,
6462928,1081827E,true,Rx,0,8,2A,31,00,00,00,00,00,00,
6463038,108182FE,true,Tx,0,8,08,3E,00,00,00,00,00,00,
6464257,108182FE,true,Tx,0,8,09,3E,00,00,00,00,00,00,
6465396,108182FE,true,Tx,0,8,0A,3E,00,00,00,00,00,00,
6466466,1081827E,true,Rx,0,8,2C,31,00,00,00,00,00,00,
6466579,108182FE,true,Tx,0,8,0B,3E,00,00,00,00,00,00,
6467702,108182FE,true,Tx,0,8,0C,3E,00,00,00,00,00,00,
6468698,1081827E,true,Rx,0,8,2E,31,00,00,00,00,00,00,
6468949,108182FE,true,Tx,0,8,0D,3E,00,00,00,00,00,00,
6471037,1081827E,true,Rx,0,8,20,32,00,00,00,00,00,00,
6473472,1081827E,true,Rx,0,8,22,32,00,00,00,00,00,00,
6475700,1081827E,true,Rx,0,8,24,32,00,00,00,00,00,00,
6478041,1081827E,true,Rx,0,8,26,32,00,00,00,00,00,00,
6480472,1081827E,true,Rx,0,8,28,32,00,00,00,00,00,00,
6482698,1081827E,true,Rx,0,8,2A,32,00,00,00,00,00,00,
6483212,108182FE,true,Tx,0,8,0E,3E,00,00,00,00,00,00,
6484989,1081827E,true,Rx,0,8,2B,32,00,00,00,00,00,00,
6487331,1081827E,true,Rx,0,8,2D,32,00,00,00,00,00,00,
6489643,1081827E,true,Rx,0,8,2F,32,00,00,00,00,00,00,
6491932,1081827E,true,Rx,0,8,21,33,00,00,00,00,00,00,
6494274,1081827E,true,Rx,0,8,23,33,00,00,00,00,00,00,
6496582,1081827E,true,Rx,0,8,25,33,00,00,00,00,00,00,
6498873,1081827E,true,Rx,0,8,27,33,00,00,00,00,00,00,
6500278,108182FE,true,Tx,0,8,0F,3E,00,00,00,00,00,00,
6501213,1081827E,true,Rx,0,8,29,33,00,00,00,00,00,00,
6501752,108182FE,true,Tx,0,8,00,3F,00,00,00,00,00,00,
6503515,1081827E,true,Rx,0,8,2B,33,00,00,00,00,00,00,
6503084,108182FE,true,Tx,0,8,01,3F,00,00,00,00,00,00,
6504370,108182FE,true,Tx,0,8,02,3F,00,00,00,00,00,00,
6505812,1081827E,true,Rx,0,8,2D,33,00,00,00,00,00,00,
6505689,108182FE,true,Tx,0,8,03,3F,00,00,00,00,00,00,
6506909,108182FE,true,Tx,0,8,04,3F,00,00,00,00,00,00,
6508103,1081827E,true,Rx,0,8,2E,33,00,00,00,00,00,00,
6508098,108182FE,true,Tx,0,8,05,3F,00,00,00,00,00,00,
6509288,108182FE,true,Tx,0,8,06,3F,00,00,00,00,00,00,
6510469,1081827E,true,Rx,0,8,2F,33,00,00,00,00,00,00,
6510901,108182FE,true,Tx,0,8,07,3F,00,00,00,00,00,00,
6512805,1081827E,true,Rx,0,8,20,34,00,00,00,00,00,00,
6512991,108182FE,true,Tx,0,8,08,3F,00,00,00,00,00,00,
6515143,1081827E,true,Rx,0,8,21,34,00,00,00,00,00,00,
6514645,108182FE,true,Tx,0,8,09,3F,00,00,00,00,00,00,
6515878,108182FE,true,Tx,0,8,0A,3F,00,00,00,00,00,00,
6517473,1081827E,true,Rx,0,8,22,34,00,00,00,00,00,00,
6517003,108182FE,true,Tx,0,8,0B,3F,00,00,00,00,00,00,
6518218,108182FE,true,Tx,0,8,0C,3F,00,00,00,00,00,00,
6519754,1081827E,true,Rx,0,8,23,34,00,00,00,00,00,00,
6519444,108182FE,true,Tx,0,8,0D,3F,00,00,00,00,00,00,
6520610,108182FE,true,Tx,0,8,0E,3F,00,00,00,00,00,00,
6522101,1081827E,true,Rx,0,8,24,34,00,00,00,00,00,00,
6521718,108182FE,true,Tx,0,8,0F,3F,00,00,00,00,00,00,
6522859,108182FE,true,Tx,0,8,00,40,00,00,00,00,00,00,
6524472,1081827E,true,Rx,0,8,25,34,00,00,00,00,00,00,
6524059,108182FE,true,Tx,0,8,01,40,00,00,00,00,00,00,
6525207,108182FE,true,Tx,0,8,02,40,00,00,00,00,00,00,
6526744,1081827E,true,Rx,0,8,26,34,00,00,00,00,00,00,
6526613,108182FE,true,Tx,0,8,03,40,00,00,00,00,00,00,
6528085,108182FE,true,Tx,0,8,04,40,00,00,00,00,00,00,
6529094,1081827E,true,Rx,0,8,27,34,00,00,00,00,00,00,
6529332,108182FE,true,Tx,0,8,05,40,00,00,00,00,00,00,
6530521,108182FE,true,Tx,0,8,06,40,00,00,00,00,00,00,
6531470,1081827E,true,Rx,0,8,28,34,00,00,00,00,00,00,
6531722,108182FE,true,Tx,0,8,07,40,00,00,00,00,00,00,
6532849,108182FE,true,Tx,0,8,08,40,00,00,00,00,00,00,
6533754,1081827E,true,Rx,0,8,29,34,00,00,00,00,00,00,
6534409,108182FE,true,Tx,0,8,09,40,00,00,00,00,00,00,
6536051,1081827E,true,Rx,0,8,2A,34,00,00,00,00,00,00,
6536619,108182FE,true,Tx,0,8,0A,40,00,00,00,00,00,00,
6538471,1081827E,true,Rx,0,8,2B,34,00,00,00,00,00,00,
6538079,108182FE,true,Tx,0,8,0B,40,00,00,00,00,00,00,
6539203,108182FE,true,Tx,0,8,0C,40,00,00,00,00,00,00,
6540693,1081827E,true,Rx,0,8,2C,34,00,00,00,00,00,00,
6540398,108182FE,true,Tx,0,8,0D,40,00,00,00,00,00,00,
6541515,108182FE,true,Tx,0,8,0E,40,00,00,00,00,00,00,
6543054,1081827E,true,Rx,0,8,2D,34,00,00,00,00,00,00,
6543298,108182FE,true,Tx,0,8,0F,40,00,00,00,00,00,00,
6545474,1081827E,true,Rx,0,8,2E,34,00,00,00,00,00,00,
6545734,108182FE,true,Tx,0,8,00,41,00,00,00,00,00,00,
6547698,1081827E,true,Rx,0,8,2F,34,00,00,00,00,00,00,
6547482,108182FE,true,Tx,0,8,01,41,00,00,00,00,00,00,
6548636,108182FE,true,Tx,0,8,02,41,00,00,00,00,00,00,
6549993,1081827E,true,Rx,0,8,20,35,00,00,00,00,00,00,
6549833,108182FE,true,Tx,0,8,03,41,00,00,00,00,00,00,
6550967,108182FE,true,Tx,0,8,04,41,00,00,00,00,00,00,
6552334,1081827E,true,Rx,0,8,21,35,00,00,00,00,00,00,
6552071,108182FE,true,Tx,0,8,05,41,00,00,00,00,00,00,
6553664,108182FE,true,Tx,0,8,06,41,00,00,00,00,00,00,
6554642,1081827E,true,Rx,0,8,22,35,00,00,00,00,00,00,
6555034,108182FE,true,Tx,0,8,07,41,00,00,00,00,00,00,
6556183,108182FE,true,Tx,0,8,08,41,00,00,00,00,00,00,
6556936,1081827E,true,Rx,0,8,23,35,00,00,00,00,00,00,
6557289,108182FE,true,Tx,0,8,09,41,00,00,00,00,00,00,
6558409,108182FE,true,Tx,0,8,0A,41,00,00,00,00,00,00,
6559278,1081827E,true,Rx,0,8,24,35,00,00,00,00,00,00,
6559499,108182FE,true,Tx,0,8,0B,41,00,00,00,00,00,00,
6560621,108182FE,true,Tx,0,8,0C,41,00,00,00,00,00,00,
6561583,1081827E,true,Rx,0,8,25,35,00,00,00,00,00,00,
6562040,108182FE,true,Tx,0,8,0D,41,00,00,00,00,00,00,
6563864,1081827E,true,Rx,0,8,26,35,00,00,00,00,00,00,
6563374,108182FE,true,Tx,0,8,0E,41,00,00,00,00,00,00,
6564604,108182FE,true,Tx,0,8,0F,41,00,00,00,00,00,00,
6566212,1081827E,true,Rx,0,8,27,35,00,00,00,00,00,00,
6565752,108182FE,true,Tx,0,8,00,42,00,00,00,00,00,00,
6566925,108182FE,true,Tx,0,8,01,42,00,00,00,00,00,00,
6568515,1081827E,true,Rx,0,8,29,35,00,00,00,00,00,00,
6568028,108182FE,true,Tx,0,8,02,42,00,00,00,00,00,00,
6569158,108182FE,true,Tx,0,8,03,42,00,00,00,00,00,00,
6570243,108182FE,true,Tx,0,8,04,42,00,00,00,00,00,00,
6570822,1081827E,true,Rx,0,8,2A,35,00,00,00,00,00,00,
6571368,108182FE,true,Tx,0,8,05,42,00,00,00,00,00,00,
6572508,108182FE,true,Tx,0,8,06,42,00,00,00,00,00,00,
6573156,1081827E,true,Rx,0,8,2D,35,00,00,00,00,00,00,
6573667,108182FE,true,Tx,0,8,07,42,00,00,00,00,00,00,
6574742,108182FE,true,Tx,0,8,08,42,00,00,00,00,00,00,
6575475,1081827E,true,Rx,0,8,2E,35,00,00,00,00,00,00,
6575876,108182FE,true,Tx,0,8,09,42,00,00,00,00,00,00,
6576939,108182FE,true,Tx,0,8,0A,42,00,00,00,00,00,00,
6577761,1081827E,true,Rx,0,8,20,36,00,00,00,00,00,00,
6578364,108182FE,true,Tx,0,8,0B,42,00,00,00,00,00,00,
6580091,1081827E,true,Rx,0,8,22,36,00,00,00,00,00,00,
6579736,108182FE,true,Tx,0,8,0C,42,00,00,00,00,00,00,
6580951,108182FE,true,Tx,0,8,0D,42,00,00,00,00,00,00,
6582475,1081827E,true,Rx,0,8,24,36,00,00,00,00,00,00,
6582197,108182FE,true,Tx,0,8,0E,42,00,00,00,00,00,00,
6583337,108182FE,true,Tx,0,8,0F,42,00,00,00,00,00,00,
6584760,1081827E,true,Rx,0,8,26,36,00,00,00,00,00,00,
6584517,108182FE,true,Tx,0,8,00,43,00,00,00,00,00,00,
6585692,108182FE,true,Tx,0,8,01,43,00,00,00,00,00,00,
6586817,108182FE,true,Tx,0,8,02,43,00,00,00,00,00,00,
6588272,1081827E,true,Rx,0,8,28,36,00,00,00,00,00,00,
6588273,1081827E,true,Rx,0,8,2A,36,00,00,00,00,00,00,
6588021,108182FE,true,Tx,0,8,03,43,00,00,00,00,00,00,
6589174,108182FE,true,Tx,0,8,04,43,00,00,00,00,00,00,
6590316,108182FE,true,Tx,0,8,05,43,00,00,00,00,00,00,
6591763,1081827E,true,Rx,0,8,2C,36,00,00,00,00,00,00,
6591489,108182FE,true,Tx,0,8,06,43,00,00,00,00,00,00,
6592612,108182FE,true,Tx,0,8,07,43,00,00,00,00,00,00,
6594045,1081827E,true,Rx,0,8,2D,36,00,00,00,00,00,00,
6593769,108182FE,true,Tx,0,8,08,43,00,00,00,00,00,00,
6595326,108182FE,true,Tx,0,8,09,43,00,00,00,00,00,00,
6596473,1081827E,true,Rx,0,8,2F,36,00,00,00,00,00,00,
6596713,108182FE,true,Tx,0,8,0A,43,00,00,00,00,00,00,
6598697,1081827E,true,Rx,0,8,20,37,00,00,00,00,00,00,
6598673,108182FE,true,Tx,0,8,0B,43,00,00,00,00,00,00,
6599860,108182FE,true,Tx,0,8,0C,43,00,00,00,00,00,00,
6600982,1081827E,true,Rx,0,8,22,37,00,00,00,00,00,00,
6601304,108182FE,true,Tx,0,8,0D,43,00,00,00,00,00,00,
6603335,1081827E,true,Rx,0,8,24,37,00,00,00,00,00,00,
6603461,108182FE,true,Tx,0,8,0E,43,00,00,00,00,00,00,
6604798,108182FE,true,Tx,0,8,0F,43,00,00,00,00,00,00,
6605637,1081827E,true,Rx,0,8,26,37,00,00,00,00,00,00,
6606472,108182FE,true,Tx,0,8,00,44,00,00,00,00,00,00,
6607932,1081827E,true,Rx,0,8,28,37,00,00,00,00,00,00,
6607635,108182FE,true,Tx,0,8,01,44,00,00,00,00,00,00,
6608835,108182FE,true,Tx,0,8,02,44,00,00,00,00,00,00,
6610268,1081827E,true,Rx,0,8,2A,37,00,00,00,00,00,00,
6610010,108182FE,true,Tx,0,8,03,44,00,00,00,00,00,00,
6611511,108182FE,true,Tx,0,8,04,44,00,00,00,00,00,00,
6612584,1081827E,true,Rx,0,8,2C,37,00,00,00,00,00,00,
6612924,108182FE,true,Tx,0,8,05,44,00,00,00,00,00,00,
6614091,108182FE,true,Tx,0,8,06,44,00,00,00,00,00,00,
6614925,1081827E,true,Rx,0,8,2E,37,00,00,00,00,00,00,
6615297,108182FE,true,Tx,0,8,07,44,00,00,00,00,00,00,
6616411,108182FE,true,Tx,0,8,08,44,00,00,00,00,00,00,
6617223,1081827E,true,Rx,0,8,2F,37,00,00,00,00,00,00,
6617577,108182FE,true,Tx,0,8,09,44,00,00,00,00,00,00,
6618672,108182FE,true,Tx,0,8,0A,44,00,00,00,00,00,00,
6619583,1081827E,true,Rx,0,8,21,38,00,00,00,00,00,00,
6619827,108182FE,true,Tx,0,8,0B,44,00,00,00,00,00,00,
6620921,108182FE,true,Tx,0,8,0C,44,00,00,00,00,00,00,
6621928,1081827E,true,Rx,0,8,23,38,00,00,00,00,00,00,
6622104,108182FE,true,Tx,0,8,0D,44,00,00,00,00,00,00,
6623241,108182FE,true,Tx,0,8,0E,44,00,00,00,00,00,00,
6624218,1081827E,true,Rx,0,8,25,38,00,00,00,00,00,00,
6624462,108182FE,true,Tx,0,8,0F,44,00,00,00,00,00,00,
6625591,108182FE,true,Tx,0,8,00,45,00,00,00,00,00,00,
6626974,108182FE,true,Tx,0,8,01,45,00,00,00,00,00,00,
6627761,1081827E,true,Rx,0,8,27,38,00,00,00,00,00,00,
6627762,1081827E,true,Rx,0,8,28,38,00,00,00,00,00,00,
6628446,108182FE,true,Tx,0,8,02,45,00,00,00,00,00,00,
6629883,108182FE,true,Tx,0,8,03,45,00,00,00,00,00,00,
6631217,1081827E,true,Rx,0,8,2A,38,00,00,00,00,00,00,
6631196,108182FE,true,Tx,0,8,04,45,00,00,00,00,00,00,
6632567,108182FE,true,Tx,0,8,05,45,00,00,00,00,00,00,
6633584,1081827E,true,Rx,0,8,2B,38,00,00,00,00,00,00,
6634102,108182FE,true,Tx,0,8,06,45,00,00,00,00,00,00,
6635870,1081827E,true,Rx,0,8,2D,38,00,00,00,00,00,00,
6635372,108182FE,true,Tx,0,8,07,45,00,00,00,00,00,00,
6636628,108182FE,true,Tx,0,8,08,45,00,00,00,00,00,00,
6638219,1081827E,true,Rx,0,8,2F,38,00,00,00,00,00,00,
6637919,108182FE,true,Tx,0,8,09,45,00,00,00,00,00,00,
6639215,108182FE,true,Tx,0,8,0A,45,00,00,00,00,00,00,
6640525,1081827E,true,Rx,0,8,21,39,00,00,00,00,00,00,
6640585,108182FE,true,Tx,0,8,0B,45,00,00,00,00,00,00,
6641866,108182FE,true,Tx,0,8,0C,45,00,00,00,00,00,00,
6642813,1081827E,true,Rx,0,8,23,39,00,00,00,00,00,00,
6643227,108182FE,true,Tx,0,8,0D,45,00,00,00,00,00,00,
6645173,1081827E,true,Rx,0,8,25,39,00,00,00,00,00,00,
6644864,108182FE,true,Tx,0,8,0E,45,00,00,00,00,00,00,
6646460,108182FE,true,Tx,0,8,0F,45,00,00,00,00,00,00,
6647480,1081827E,true,Rx,0,8,27,39,00,00,00,00,00,00,
6647727,108182FE,true,Tx,0,8,00,46,00,00,00,00,00,00,
6648942,108182FE,true,Tx,0,8,01,46,00,00,00,00,00,00,
6649764,1081827E,true,Rx,0,8,29,39,00,00,00,00,00,00,
6650202,108182FE,true,Tx,0,8,02,46,00,00,00,00,00,00,
6651472,108182FE,true,Tx,0,8,03,46,00,00,00,00,00,00,
6652108,1081827E,true,Rx,0,8,2A,39,00,00,00,00,00,00,
6652770,108182FE,true,Tx,0,8,04,46,00,00,00,00,00,00,
6654475,1081827E,true,Rx,0,8,2C,39,00,00,00,00,00,00,
6653976,108182FE,true,Tx,0,8,05,46,00,00,00,00,00,00,
6655114,108182FE,true,Tx,0,8,06,46,00,00,00,00,00,00,
6656760,1081827E,true,Rx,0,8,2E,39,00,00,00,00,00,00,
6656286,108182FE,true,Tx,0,8,07,46,00,00,00,00,00,00,
6657485,108182FE,true,Tx,0,8,08,46,00,00,00,00,00,00,
6659100,1081827E,true,Rx,0,8,20,3A,00,00,00,00,00,00,
6658614,108182FE,true,Tx,0,8,09,46,00,00,00,00,00,00,
6659728,108182FE,true,Tx,0,8,0A,46,00,00,00,00,00,00,
6661473,1081827E,true,Rx,0,8,22,3A,00,00,00,00,00,00,
6661150,108182FE,true,Tx,0,8,0B,46,00,00,00,00,00,00,
6662581,108182FE,true,Tx,0,8,0C,46,00,00,00,00,00,00,
6663753,1081827E,true,Rx,0,8,24,3A,00,00,00,00,00,00,
6663814,108182FE,true,Tx,0,8,0D,46,00,00,00,00,00,00,
6664984,108182FE,true,Tx,0,8,0E,46,00,00,00,00,00,00,
6666039,1081827E,true,Rx,0,8,26,3A,00,00,00,00,00,00,
6666245,108182FE,true,Tx,0,8,0F,46,00,00,00,00,00,00,
6667443,108182FE,true,Tx,0,8,00,47,00,00,00,00,00,00,
6668331,1081827E,true,Rx,0,8,27,3A,00,00,00,00,00,00,
6668693,108182FE,true,Tx,0,8,01,47,00,00,00,00,00,00,
6669903,108182FE,true,Tx,0,8,02,47,00,00,00,00,00,00,
6670642,1081827E,true,Rx,0,8,29,3A,00,00,00,00,00,00,
6671144,108182FE,true,Tx,0,8,03,47,00,00,00,00,00,00,
6672430,108182FE,true,Tx,0,8,04,47,00,00,00,00,00,00,
6672988,1081827E,true,Rx,0,8,2B,3A,00,00,00,00,00,00,
6673800,108182FE,true,Tx,0,8,05,47,00,00,00,00,00,00,
6675318,1081827E,true,Rx,0,8,2D,3A,00,00,00,00,00,00,
6675112,108182FE,true,Tx,0,8,06,47,00,00,00,00,00,00,
6677650,1081827E,true,Rx,0,8,2F,3A,00,00,00,00,00,00,
6677397,108182FE,true,Tx,0,8,07,47,00,00,00,00,00,00,
6679993,1081827E,true,Rx,0,8,21,3B,00,00,00,00,00,00,
6680341,108182FE,true,Tx,0,8,08,47,00,00,00,00,00,00,
6682268,1081827E,true,Rx,0,8,23,3B,00,00,00,00,00,00,
6681852,108182FE,true,Tx,0,8,09,47,00,00,00,00,00,00,
6683056,108182FE,true,Tx,0,8,0A,47,00,00,00,00,00,00,
6684585,1081827E,true,Rx,0,8,25,3B,00,00,00,00,00,00,
6684281,108182FE,true,Tx,0,8,0B,47,00,00,00,00,00,00,
6685544,108182FE,true,Tx,0,8,0C,47,00,00,00,00,00,00,
6686860,1081827E,true,Rx,0,8,27,3B,00,00,00,00,00,00,
6686691,108182FE,true,Tx,0,8,0D,47,00,00,00,00,00,00,
6687814,108182FE,true,Tx,0,8,0E,47,00,00,00,00,00,00,
6689217,1081827E,true,Rx,0,8,29,3B,00,00,00,00,00,00,
6688976,108182FE,true,Tx,0,8,0F,47,00,00,00,00,00,00,
6690107,108182FE,true,Tx,0,8,00,48,00,00,00,00,00,00,
6691511,1081827E,true,Rx,0,8,2B,3B,00,00,00,00,00,00,
6691277,108182FE,true,Tx,0,8,01,48,00,00,00,00,00,00,
6692389,108182FE,true,Tx,0,8,02,48,00,00,00,00,00,00,
6693872,1081827E,true,Rx,0,8,2D,3B,00,00,00,00,00,00,
6693520,108182FE,true,Tx,0,8,03,48,00,00,00,00,00,00,
6694920,108182FE,true,Tx,0,8,04,48,00,00,00,00,00,00,
6696151,1081827E,true,Rx,0,8,2E,3B,00,00,00,00,00,00,
6696313,108182FE,true,Tx,0,8,05,48,00,00,00,00,00,00,
6697485,108182FE,true,Tx,0,8,06,48,00,00,00,00,00,00,
6698516,1081827E,true,Rx,0,8,20,3C,00,00,00,00,00,00,
6698652,108182FE,true,Tx,0,8,07,48,00,00,00,00,00,00,
6699775,108182FE,true,Tx,0,8,08,48,00,00,00,00,00,00,
6700802,1081827E,true,Rx,0,8,22,3C,00,00,00,00,00,00,
6700893,108182FE,true,Tx,0,8,09,48,00,00,00,00,00,00,
6701999,108182FE,true,Tx,0,8,0A,48,00,00,00,00,00,00,
6703158,1081827E,true,Rx,0,8,24,3C,00,00,00,00,00,00,
6703149,108182FE,true,Tx,0,8,0B,48,00,00,00,00,00,00,
6704288,108182FE,true,Tx,0,8,0C,48,00,00,00,00,00,00,
6705478,1081827E,true,Rx,0,8,26,3C,00,00,00,00,00,00,
6705459,108182FE,true,Tx,0,8,0D,48,00,00,00,00,00,00,
6706622,108182FE,true,Tx,0,8,0E,48,00,00,00,00,00,00,
6707808,1081827E,true,Rx,0,8,28,3C,00,00,00,00,00,00,
6707921,108182FE,true,Tx,0,8,0F,48,00,00,00,00,00,00,
6709254,108182FE,true,Tx,0,8,00,49,00,00,00,00,00,00,
6710155,1081827E,true,Rx,0,8,2A,3C,00,00,00,00,00,00,
6710484,108182FE,true,Tx,0,8,01,49,00,00,00,00,00,00,
6711814,108182FE,true,Tx,0,8,02,49,00,00,00,00,00,00,
6712479,1081827E,true,Rx,0,8,2C,3C,00,00,00,00,00,00,
6713357,108182FE,true,Tx,0,8,03,49,00,00,00,00,00,00,
6714800,1081827E,true,Rx,0,8,2D,3C,00,00,00,00,00,00,
6714572,108182FE,true,Tx,0,8,04,49,00,00,00,00,00,00,
6715713,108182FE,true,Tx,0,8,05,49,00,00,00,00,00,00,
6717100,1081827E,true,Rx,0,8,2F,3C,00,00,00,00,00,00,
6716856,108182FE,true,Tx,0,8,06,49,00,00,00,00,00,00,
6718038,108182FE,true,Tx,0,8,07,49,00,00,00,00,00,00,
6719474,1081827E,true,Rx,0,8,21,3D,00,00,00,00,00,00,
6721751,1081827E,true,Rx,0,8,22,3D,00,00,00,00,00,00,
6724112,1081827E,true,Rx,0,8,24,3D,00,00,00,00,00,00,
6726474,1081827E,true,Rx,0,8,27,3D,00,00,00,00,00,00,
6728752,1081827E,true,Rx,0,8,28,3D,00,00,00,00,00,00,
6731041,1081827E,true,Rx,0,8,29,3D,00,00,00,00,00,00,
6730938,108182FE,true,Tx,0,8,08,49,00,00,00,00,00,00,
6733345,1081827E,true,Rx,0,8,2B,3D,00,00,00,00,00,00,
6735694,1081827E,true,Rx,0,8,2D,3D,00,00,00,00,00,00,
6738044,1081827E,true,Rx,0,8,2F,3D,00,00,00,00,00,00,
6740381,1081827E,true,Rx,0,8,20,3E,00,00,00,00,00,00,
6742750,1081827E,true,Rx,0,8,23,3E,00,00,00,00,00,00,
6744346,108182FE,true,Tx,0,8,09,49,00,00,00,00,00,00,
6745047,1081827E,true,Rx,0,8,24,3E,00,00,00,00,00,00,
6746739,108182FE,true,Tx,0,8,0A,49,00,00,00,00,00,00,
6747475,1081827E,true,Rx,0,8,28,3E,00,00,00,00,00,00,
6748804,108182FE,true,Tx,0,8,0B,49,00,00,00,00,00,00,
6749745,1081827E,true,Rx,0,8,29,3E,00,00,00,00,00,00,
6750087,108182FE,true,Tx,0,8,0C,49,00,00,00,00,00,00,
6751279,108182FE,true,Tx,0,8,0D,49,00,00,00,00,00,00,
6752042,1081827E,true,Rx,0,8,2B,3E,00,00,00,00,00,00,
6752475,108182FE,true,Tx,0,8,0E,49,00,00,00,00,00,00,
6753636,108182FE,true,Tx,0,8,0F,49,00,00,00,00,00,00,
6754475,1081827E,true,Rx,0,8,2D,3E,00,00,00,00,00,00,
6754784,108182FE,true,Tx,0,8,00,4A,00,00,00,00,00,00,
6755971,108182FE,true,Tx,0,8,01,4A,00,00,00,00,00,00,
6756750,1081827E,true,Rx,0,8,2E,3E,00,00,00,00,00,00,
6757149,108182FE,true,Tx,0,8,02,4A,00,00,00,00,00,00,
6758298,108182FE,true,Tx,0,8,03,4A,00,00,00,00,00,00,
6759108,1081827E,true,Rx,0,8,2F,3E,00,00,00,00,00,00,
6759438,108182FE,true,Tx,0,8,04,4A,00,00,00,00,00,00,
6760553,108182FE,true,Tx,0,8,05,4A,00,00,00,00,00,00,
6762585,1081827E,true,Rx,0,8,20,3F,00,00,00,00,00,00,
6762585,1081827E,true,Rx,0,8,21,3F,00,00,00,00,00,00,
6762049,108182FE,true,Tx,0,8,06,4A,00,00,00,00,00,00,
6763755,108182FE,true,Tx,0,8,07,4A,00,00,00,00,00,00,
6766105,1081827E,true,Rx,0,8,22,3F,00,00,00,00,00,00,
6765928,108182FE,true,Tx,0,8,08,4A,00,00,00,00,00,00,
6768481,1081827E,true,Rx,0,8,23,3F,00,00,00,00,00,00,
6768357,108182FE,true,Tx,0,8,09,4A,00,00,00,00,00,00,
6769592,108182FE,true,Tx,0,8,0A,4A,00,00,00,00,00,00,
6770757,1081827E,true,Rx,0,8,24,3F,00,00,00,00,00,00,
6770713,108182FE,true,Tx,0,8,0B,4A,00,00,00,00,00,00,
6771873,108182FE,true,Tx,0,8,0C,4A,00,00,00,00,00,00,
6773101,1081827E,true,Rx,0,8,25,3F,00,00,00,00,00,00,
6772994,108182FE,true,Tx,0,8,0D,4A,00,00,00,00,00,00,
6774142,108182FE,true,Tx,0,8,0E,4A,00,00,00,00,00,00,
6775475,1081827E,true,Rx,0,8,26,3F,00,00,00,00,00,00,
6775218,108182FE,true,Tx,0,8,0F,4A,00,00,00,00,00,00,
6776343,108182FE,true,Tx,0,8,00,4B,00,00,00,00,00,00,
6777752,1081827E,true,Rx,0,8,27,3F,00,00,00,00,00,00,
6777821,108182FE,true,Tx,0,8,01,4B,00,00,00,00,00,00,
6779246,108182FE,true,Tx,0,8,02,4B,00,00,00,00,00,00,
6780093,1081827E,true,Rx,0,8,28,3F,00,00,00,00,00,00,
6780502,108182FE,true,Tx,0,8,03,4B,00,00,00,00,00,00,
6781653,108182FE,true,Tx,0,8,04,4B,00,00,00,00,00,00,
6782513,1081827E,true,Rx,0,8,29,3F,00,00,00,00,00,00,
6782782,108182FE,true,Tx,0,8,05,4B,00,00,00,00,00,00,
6783885,108182FE,true,Tx,0,8,06,4B,00,00,00,00,00,00,
6784753,1081827E,true,Rx,0,8,2A,3F,00,00,00,00,00,00,
6785054,108182FE,true,Tx,0,8,07,4B,00,00,00,00,00,00,
6786188,108182FE,true,Tx,0,8,08,4B,00,00,00,00,00,00,
6787106,1081827E,true,Rx,0,8,2B,3F,00,00,00,00,00,00,
6787520,108182FE,true,Tx,0,8,09,4B,00,00,00,00,00,00,
6788569,108182FE,true,Tx,0,8,0A,4B,00,00,00,00,00,00,
6789470,1081827E,true,Rx,0,8,2C,3F,00,00,00,00,00,00,
6789728,108182FE,true,Tx,0,8,0B,4B,00,00,00,00,00,00,
6790833,108182FE,true,Tx,0,8,0C,4B,00,00,00,00,00,00,
6791753,1081827E,true,Rx,0,8,2D,3F,00,00,00,00,00,00,
6791960,108182FE,true,Tx,0,8,0D,4B,00,00,00,00,00,00,
6793070,108182FE,true,Tx,0,8,0E,4B,00,00,00,00,00,00,
6794097,1081827E,true,Rx,0,8,2E,3F,00,00,00,00,00,00,
6794413,108182FE,true,Tx,0,8,0F,4B,00,00,00,00,00,00,
6795907,108182FE,true,Tx,0,8,00,4C,00,00,00,00,00,00,
6796512,1081827E,true,Rx,0,8,2F,3F,00,00,00,00,00,00,
6797196,108182FE,true,Tx,0,8,01,4C,00,00,00,00,00,00,
6798761,1081827E,true,Rx,0,8,20,40,00,00,00,00,00,00,
6798434,108182FE,true,Tx,0,8,02,4C,00,00,00,00,00,00,
6799579,108182FE,true,Tx,0,8,03,4C,00,00,00,00,00,00,
6801094,1081827E,true,Rx,0,8,21,40,00,00,00,00,00,00,
6800752,108182FE,true,Tx,0,8,04,4C,00,00,00,00,00,00,
6801899,108182FE,true,Tx,0,8,05,4C,00,00,00,00,00,00,
6803478,1081827E,true,Rx,0,8,22,40,00,00,00,00,00,00,
6803064,108182FE,true,Tx,0,8,06,4C,00,00,00,00,00,00,
6804185,108182FE,true,Tx,0,8,07,4C,00,00,00,00,00,00,
6805814,1081827E,true,Rx,0,8,23,40,00,00,00,00,00,00,
6805301,108182FE,true,Tx,0,8,08,4C,00,00,00,00,00,00,
6806445,108182FE,true,Tx,0,8,09,4C,00,00,00,00,00,00,
6808162,1081827E,true,Rx,0,8,24,40,00,00,00,00,00,00,
6807614,108182FE,true,Tx,0,8,0A,4C,00,00,00,00,00,00,
6808806,108182FE,true,Tx,0,8,0B,4C,00,00,00,00,00,00,
6810473,1081827E,true,Rx,0,8,25,40,00,00,00,00,00,00,
6809997,108182FE,true,Tx,0,8,0C,4C,00,00,00,00,00,00,
6811761,108182FE,true,Tx,0,8,0D,4C,00,00,00,00,00,00,
6812814,1081827E,true,Rx,0,8,26,40,00,00,00,00,00,00,
6813061,108182FE,true,Tx,0,8,0E,4C,00,00,00,00,00,00,
6814212,108182FE,true,Tx,0,8,0F,4C,00,00,00,00,00,00,
6815155,1081827E,true,Rx,0,8,27,40,00,00,00,00,00,00,
6815469,108182FE,true,Tx,0,8,00,4D,00,00,00,00,00,00,
6816602,108182FE,true,Tx,0,8,01,4D,00,00,00,00,00,00,
6817478,1081827E,true,Rx,0,8,28,40,00,00,00,00,00,00,
6817746,108182FE,true,Tx,0,8,02,4D,00,00,00,00,00,00,
6818847,108182FE,true,Tx,0,8,03,4D,00,00,00,00,00,00,
6819819,1081827E,true,Rx,0,8,29,40,00,00,00,00,00,00,
6820045,108182FE,true,Tx,0,8,04,4D,00,00,00,00,00,00,
6821201,108182FE,true,Tx,0,8,05,4D,00,00,00,00,00,00,
6822159,1081827E,true,Rx,0,8,2A,40,00,00,00,00,00,00,
6822424,108182FE,true,Tx,0,8,06,4D,00,00,00,00,00,00,
6823566,108182FE,true,Tx,0,8,07,4D,00,00,00,00,00,00,
6824519,1081827E,true,Rx,0,8,2B,40,00,00,00,00,00,00,
6824738,108182FE,true,Tx,0,8,08,4D,00,00,00,00,00,00,
6825856,108182FE,true,Tx,0,8,09,4D,00,00,00,00,00,00,
6826823,1081827E,true,Rx,0,8,2D,40,00,00,00,00,00,00,
6827034,108182FE,true,Tx,0,8,0A,4D,00,00,00,00,00,00,
6829169,1081827E,true,Rx,0,8,2F,40,00,00,00,00,00,00,
6828873,108182FE,true,Tx,0,8,0B,4D,00,00,00,00,00,00,
6830186,108182FE,true,Tx,0,8,0C,4D,00,00,00,00,00,00,
6831519,1081827E,true,Rx,0,8,20,41,00,00,00,00,00,00,
6831419,108182FE,true,Tx,0,8,0D,4D,00,00,00,00,00,00,
6832585,108182FE,true,Tx,0,8,0E,4D,00,00,00,00,00,00,
6833814,1081827E,true,Rx,0,8,21,41,00,00,00,00,00,00,
6833782,108182FE,true,Tx,0,8,0F,4D,00,00,00,00,00,00,
6834959,108182FE,true,Tx,0,8,00,4E,00,00,00,00,00,00,
6836163,1081827E,true,Rx,0,8,23,41,00,00,00,00,00,00,
6836156,108182FE,true,Tx,0,8,01,4E,00,00,00,00,00,00,
6837357,108182FE,true,Tx,0,8,02,4E,00,00,00,00,00,00,
6838476,1081827E,true,Rx,0,8,25,41,00,00,00,00,00,00,
6838553,108182FE,true,Tx,0,8,03,4E,00,00,00,00,00,00,
6839743,108182FE,true,Tx,0,8,04,4E,00,00,00,00,00,00,
6840869,1081827E,true,Rx,0,8,27,41,00,00,00,00,00,00,
6840937,108182FE,true,Tx,0,8,05,4E,00,00,00,00,00,00,
6842088,108182FE,true,Tx,0,8,06,4E,00,00,00,00,00,00,
6843152,1081827E,true,Rx,0,8,29,41,00,00,00,00,00,00,
6843358,108182FE,true,Tx,0,8,07,4E,00,00,00,00,00,00,
6845522,1081827E,true,Rx,0,8,2B,41,00,00,00,00,00,00,
6845190,108182FE,true,Tx,0,8,08,4E,00,00,00,00,00,00,
6846405,108182FE,true,Tx,0,8,09,4E,00,00,00,00,00,00,
6847812,1081827E,true,Rx,0,8,2D,41,00,00,00,00,00,00,
6847583,108182FE,true,Tx,0,8,0A,4E,00,00,00,00,00,00,
6848736,108182FE,true,Tx,0,8,0B,4E,00,00,00,00,00,00,
6850160,1081827E,true,Rx,0,8,2E,41,00,00,00,00,00,00,
6849918,108182FE,true,Tx,0,8,0C,4E,00,00,00,00,00,00,
6851094,108182FE,true,Tx,0,8,0D,4E,00,00,00,00,00,00,
6852478,1081827E,true,Rx,0,8,20,42,00,00,00,00,00,00,
6852227,108182FE,true,Tx,0,8,0E,4E,00,00,00,00,00,00,
6853355,108182FE,true,Tx,0,8,0F,4E,00,00,00,00,00,00,
6854492,108182FE,true,Tx,0,8,00,4F,00,00,00,00,00,00,
6855698,108182FE,true,Tx,0,8,01,4F,00,00,00,00,00,00,
6857097,1081827E,true,Rx,0,8,22,42,00,00,00,00,00,00,
6857098,1001117E,true,Rx,0,8,00,01,00,00,00,00,00,00,
6857099,1081827E,true,Rx,0,8,24,42,00,00,00,00,00,00,
6856865,108182FE,true,Tx,0,8,02,4F,00,00,00,00,00,00,
6858028,108182FE,true,Tx,0,8,03,4F,00,00,00,00,00,00,
6859175,108182FE,true,Tx,0,8,04,4F,00,00,00,00,00,00,
6860586,1081827E,true,Rx,0,8,27,42,00,00,00,00,00,00,
6860349,108182FE,true,Tx,0,8,05,4F,00,00,00,00,00,00,
6861975,108182FE,true,Tx,0,8,06,4F,00,00,00,00,00,00,
6862965,1081827E,true,Rx,0,8,29,42,00,00,00,00,00,00,
6863562,108182FE,true,Tx,0,8,07,4F,00,00,00,00,00,00,
6865216,1081827E,true,Rx,0,8,2B,42,00,00,00,00,00,00,
6864813,108182FE,true,Tx,0,8,08,4F,00,00,00,00,00,00,
6866029,108182FE,true,Tx,0,8,09,4F,00,00,00,00,00,00,
6867589,1081827E,true,Rx,0,8,2C,42,00,00,00,00,00,00,
6867329,108182FE,true,Tx,0,8,0A,4F,00,00,00,00,00,00,
6868474,108182FE,true,Tx,0,8,0B,4F,00,00,00,00,00,00,
6869873,1081827E,true,Rx,0,8,2E,42,00,00,00,00,00,00,
6869745,108182FE,true,Tx,0,8,0C,4F,00,00,00,00,00,00,
6870885,108182FE,true,Tx,0,8,0D,4F,00,00,00,00,00,00,
6872214,1081827E,true,Rx,0,8,20,43,00,00,00,00,00,00,
6872080,108182FE,true,Tx,0,8,0E,4F,00,00,00,00,00,00,
6873173,108182FE,true,Tx,0,8,0F,4F,00,00,00,00,00,00,
6874520,1081827E,true,Rx,0,8,23,43,00,00,00,00,00,00,
6874379,108182FE,true,Tx,0,8,00,50,00,00,00,00,00,00,
6875477,108182FE,true,Tx,0,8,01,50,00,00,00,00,00,00,
6876817,1081827E,true,Rx,0,8,24,43,00,00,00,00,00,00,
6876646,108182FE,true,Tx,0,8,02,50,00,00,00,00,00,00,
6878110,108182FE,true,Tx,0,8,03,50,00,00,00,00,00,00,
6879150,1081827E,true,Rx,0,8,26,43,00,00,00,00,00,00,
6879529,108182FE,true,Tx,0,8,04,50,00,00,00,00,00,00,
6880730,108182FE,true,Tx,0,8,05,50,00,00,00,00,00,00,
6881484,1081827E,true,Rx,0,8,28,43,00,00,00,00,00,00,
6881933,108182FE,true,Tx,0,8,06,50,00,00,00,00,00,00,
6883065,108182FE,true,Tx,0,8,07,50,00,00,00,00,00,00,
6883762,1081827E,true,Rx,0,8,2A,43,00,00,00,00,00,00,
6884255,108182FE,true,Tx,0,8,08,50,00,00,00,00,00,00,
6885490,108182FE,true,Tx,0,8,09,50,00,00,00,00,00,00,
6886106,1081827E,true,Rx,0,8,2B,43,00,00,00,00,00,00,
6886679,108182FE,true,Tx,0,8,0A,50,00,00,00,00,00,00,
6887840,108182FE,true,Tx,0,8,0B,50,00,00,00,00,00,00,
6888482,1081827E,true,Rx,0,8,2D,43,00,00,00,00,00,00,
6889029,108182FE,true,Tx,0,8,0C,50,00,00,00,00,00,00,
6890762,1081827E,true,Rx,0,8,2E,43,00,00,00,00,00,00,
6890252,108182FE,true,Tx,0,8,0D,50,00,00,00,00,00,00,
6891461,108182FE,true,Tx,0,8,0E,50,00,00,00,00,00,00,
6893057,1081827E,true,Rx,0,8,20,44,00,00,00,00,00,00,
6892684,108182FE,true,Tx,0,8,0F,50,00,00,00,00,00,00,
6893861,108182FE,true,Tx,0,8,00,51,00,00,00,00,00,00,
6895476,1081827E,true,Rx,0,8,21,44,00,00,00,00,00,00,
6895222,108182FE,true,Tx,0,8,01,51,00,00,00,00,00,00,
6896363,108182FE,true,Tx,0,8,02,51,00,00,00,00,00,00,
6897758,1081827E,true,Rx,0,8,23,44,00,00,00,00,00,00,
6897612,108182FE,true,Tx,0,8,03,51,00,00,00,00,00,00,
6898721,108182FE,true,Tx,0,8,04,51,00,00,00,00,00,00,
6900042,1081827E,true,Rx,0,8,25,44,00,00,00,00,00,00,
6899931,108182FE,true,Tx,0,8,05,51,00,00,00,00,00,00,
6901095,108182FE,true,Tx,0,8,06,51,00,00,00,00,00,00,
6902476,1081827E,true,Rx,0,8,27,44,00,00,00,00,00,00,
6902275,108182FE,true,Tx,0,8,07,51,00,00,00,00,00,00,
6903497,108182FE,true,Tx,0,8,08,51,00,00,00,00,00,00,
6904709,1081827E,true,Rx,0,8,29,44,00,00,00,00,00,00,
6904772,108182FE,true,Tx,0,8,09,51,00,00,00,00,00,00,
6905922,108182FE,true,Tx,0,8,0A,51,00,00,00,00,00,00,
6907115,108182FE,true,Tx,0,8,0B,51,00,00,00,00,00,00,
6908226,1081827E,true,Rx,0,8,2B,44,00,00,00,00,00,00,
6908227,1081827E,true,Rx,0,8,2D,44,00,00,00,00,00,00,
6908285,108182FE,true,Tx,0,8,0C,51,00,00,00,00,00,00,
6909437,108182FE,true,Tx,0,8,0D,51,00,00,00,00,00,00,
6910636,108182FE,true,Tx,0,8,0E,51,00,00,00,00,00,00,
6911702,1081827E,true,Rx,0,8,2F,44,00,00,00,00,00,00,
6912222,108182FE,true,Tx,0,8,0F,51,00,00,00,00,00,00,
6913983,1081827E,true,Rx,0,8,22,45,00,00,00,00,00,00,
6913492,108182FE,true,Tx,0,8,00,52,00,00,00,00,00,00,
6914631,108182FE,true,Tx,0,8,01,52,00,00,00,00,00,00,
6916331,1081827E,true,Rx,0,8,23,45,00,00,00,00,00,00,
6915805,108182FE,true,Tx,0,8,02,52,00,00,00,00,00,00,
6916909,108182FE,true,Tx,0,8,03,52,00,00,00,00,00,00,
6918644,1081827E,true,Rx,0,8,24,45,00,00,00,00,00,00,
6918132,108182FE,true,Tx,0,8,04,52,00,00,00,00,00,00,
6919221,108182FE,true,Tx,0,8,05,52,00,00,00,00,00,00,
6920940,1081827E,true,Rx,0,8,26,45,00,00,00,00,00,00,
6920440,108182FE,true,Tx,0,8,06,52,00,00,00,00,00,00,
6921539,108182FE,true,Tx,0,8,07,52,00,00,00,00,00,00,
6923273,1081827E,true,Rx,0,8,27,45,00,00,00,00,00,00,
6922798,108182FE,true,Tx,0,8,08,52,00,00,00,00,00,00,
6923912,108182FE,true,Tx,0,8,09,52,00,00,00,00,00,00,
6925592,1081827E,true,Rx,0,8,29,45,00,00,00,00,00,00,
6925111,108182FE,true,Tx,0,8,0A,52,00,00,00,00,00,00,
6926226,108182FE,true,Tx,0,8,0B,52,00,00,00,00,00,00,
6927926,1081827E,true,Rx,0,8,2B,45,00,00,00,00,00,00,
6927634,108182FE,true,Tx,0,8,0C,52,00,00,00,00,00,00,
6929091,108182FE,true,Tx,0,8,0D,52,00,00,00,00,00,00,
6930270,1081827E,true,Rx,0,8,2D,45,00,00,00,00,00,00,
6930515,108182FE,true,Tx,0,8,0E,52,00,00,00,00,00,00,
6931774,108182FE,true,Tx,0,8,0F,52,00,00,00,00,00,00,
6932589,1081827E,true,Rx,0,8,2E,45,00,00,00,00,00,00,
6932981,108182FE,true,Tx,0,8,00,53,00,00,00,00,00,00,
6934178,108182FE,true,Tx,0,8,01,53,00,00,00,00,00,00,
6934875,1081827E,true,Rx,0,8,20,46,00,00,00,00,00,00,
6935412,108182FE,true,Tx,0,8,02,53,00,00,00,00,00,00,
6936574,108182FE,true,Tx,0,8,03,53,00,00,00,00,00,00,
6937217,1081827E,true,Rx,0,8,22,46,00,00,00,00,00,00,
6937766,108182FE,true,Tx,0,8,04,53,00,00,00,00,00,00,
6939521,1081827E,true,Rx,0,8,23,46,00,00,00,00,00,00,
6939047,108182FE,true,Tx,0,8,05,53,00,00,00,00,00,00,
6940251,108182FE,true,Tx,0,8,06,53,00,00,00,00,00,00,
6941862,1081827E,true,Rx,0,8,25,46,00,00,00,00,00,00,
6941495,108182FE,true,Tx,0,8,07,53,00,00,00,00,00,00,
6942677,108182FE,true,Tx,0,8,08,53,00,00,00,00,00,00,
6944165,1081827E,true,Rx,0,8,27,46,00,00,00,00,00,00,
6943884,108182FE,true,Tx,0,8,09,53,00,00,00,00,00,00,
6945418,108182FE,true,Tx,0,8,0A,53,00,00,00,00,00,00,
6946490,1081827E,true,Rx,0,8,29,46,00,00,00,00,00,00,
6946835,108182FE,true,Tx,0,8,0B,53,00,00,00,00,00,00,
6948024,108182FE,true,Tx,0,8,0C,53,00,00,00,00,00,00,
6948803,1081827E,true,Rx,0,8,2B,46,00,00,00,00,00,00,
6949283,108182FE,true,Tx,0,8,0D,53,00,00,00,00,00,00,
6950416,108182FE,true,Tx,0,8,0E,53,00,00,00,00,00,00,
6951112,1081827E,true,Rx,0,8,2D,46,00,00,00,00,00,00,
6951592,108182FE,true,Tx,0,8,0F,53,00,00,00,00,00,00,
6952684,108182FE,true,Tx,0,8,00,54,00,00,00,00,00,00,
6953474,1081827E,true,Rx,0,8,2F,46,00,00,00,00,00,00,
6953881,108182FE,true,Tx,0,8,01,54,00,00,00,00,00,00,
6955003,108182FE,true,Tx,0,8,02,54,00,00,00,00,00,00,
6955758,1081827E,true,Rx,0,8,21,47,00,00,00,00,00,00,
6956246,108182FE,true,Tx,0,8,03,54,00,00,00,00,00,00,
6957423,108182FE,true,Tx,0,8,04,54,00,00,00,00,00,00,
6958110,1081827E,true,Rx,0,8,23,47,00,00,00,00,00,00,
6958726,108182FE,true,Tx,0,8,05,54,00,00,00,00,00,00,
6959893,108182FE,true,Tx,0,8,06,54,00,00,00,00,00,00,
6960478,1081827E,true,Rx,0,8,24,47,00,00,00,00,00,00,
6961608,108182FE,true,Tx,0,8,07,54,00,00,00,00,00,00,
6962690,1081827E,true,Rx,0,8,26,47,00,00,00,00,00,00,
6963055,108182FE,true,Tx,0,8,08,54,00,00,00,00,00,00,
6964239,108182FE,true,Tx,0,8,09,54,00,00,00,00,00,00,
6964990,1081827E,true,Rx,0,8,27,47,00,00,00,00,00,00,
6965449,108182FE,true,Tx,0,8,0A,54,00,00,00,00,00,00,
6967335,1081827E,true,Rx,0,8,28,47,00,00,00,00,00,00,
6966787,108182FE,true,Tx,0,8,0B,54,00,00,00,00,00,00,
6968022,108182FE,true,Tx,0,8,0C,54,00,00,00,00,00,00,
6969640,1081827E,true,Rx,0,8,29,47,00,00,00,00,00,00,
6971989,1081827E,true,Rx,0,8,2B,47,00,00,00,00,00,00,
6974285,1081827E,true,Rx,0,8,2D,47,00,00,00,00,00,00,
6976583,1081827E,true,Rx,0,8,2F,47,00,00,00,00,00,00,
6978936,1081827E,true,Rx,0,8,21,48,00,00,00,00,00,00,
6980308,108182FE,true,Tx,0,8,0D,54,00,00,00,00,00,00,
6981222,1081827E,true,Rx,0,8,23,48,00,00,00,00,00,00,
6983580,1081827E,true,Rx,0,8,25,48,00,00,00,00,00,00,
6985946,1081827E,true,Rx,0,8,27,48,00,00,00,00,00,00,
6988226,1081827E,true,Rx,0,8,29,48,00,00,00,00,00,00,
6990582,1081827E,true,Rx,0,8,2B,48,00,00,00,00,00,00,
6992879,1081827E,true,Rx,0,8,2D,48,00,00,00,00,00,00,
6995227,1081827E,true,Rx,0,8,2F,48,00,00,00,00,00,00,
6996486,108182FE,true,Tx,0,8,0E,54,00,00,00,00,00,00,
6997522,1081827E,true,Rx,0,8,21,49,00,00,00,00,00,00,
6999868,1081827E,true,Rx,0,8,23,49,00,00,00,00,00,00,
6999323,108182FE,true,Tx,0,8,0F,54,00,00,00,00,00,00,
7000667,108182FE,true,Tx,0,8,00,55,00,00,00,00,00,00,
7002163,1081827E,true,Rx,0,8,24,49,00,00,00,00,00,00,
7001917,108182FE,true,Tx,0,8,01,55,00,00,00,00,00,00,
7003062,108182FE,true,Tx,0,8,02,55,00,00,00,00,00,00,
7004476,1081827E,true,Rx,0,8,26,49,00,00,00,00,00,00,
7004262,108182FE,true,Tx,0,8,03,55,00,00,00,00,00,00,
7005388,108182FE,true,Tx,0,8,04,55,00,00,00,00,00,00,
7006774,1081827E,true,Rx,0,8,28,49,00,00,00,00,00,00,
7006674,108182FE,true,Tx,0,8,05,55,00,00,00,00,00,00,
7007942,108182FE,true,Tx,0,8,06,55,00,00,00,00,00,00,
7009106,1081827E,true,Rx,0,8,29,49,00,00,00,00,00,00,
7009165,108182FE,true,Tx,0,8,07,55,00,00,00,00,00,00,
7010298,108182FE,true,Tx,0,8,08,55,00,00,00,00,00,00,
7011483,1081827E,true,Rx,0,8,2A,49,00,00,00,00,00,00,
7011878,108182FE,true,Tx,0,8,09,55,00,00,00,00,00,00,
7013764,1081827E,true,Rx,0,8,2B,49,00,00,00,00,00,00,
7013797,108182FE,true,Tx,0,8,0A,55,00,00,00,00,00,00,
7016034,1081827E,true,Rx,0,8,2C,49,00,00,00,00,00,00,
7015657,108182FE,true,Tx,0,8,0B,55,00,00,00,00,00,00,
7016889,108182FE,true,Tx,0,8,0C,55,00,00,00,00,00,00,
7018477,1081827E,true,Rx,0,8,2D,49,00,00,00,00,00,00,
7018087,108182FE,true,Tx,0,8,0D,55,00,00,00,00,00,00,
7019268,108182FE,true,Tx,0,8,0E,55,00,00,00,00,00,00,
7020697,1081827E,true,Rx,0,8,2E,49,00,00,00,00,00,00,
7020447,108182FE,true,Tx,0,8,0F,55,00,00,00,00,00,00,
7021613,108182FE,true,Tx,0,8,00,56,00,00,00,00,00,00,
7022996,1081827E,true,Rx,0,8,2F,49,00,00,00,00,00,00,
7022792,108182FE,true,Tx,0,8,01,56,00,00,00,00,00,00,
7023973,108182FE,true,Tx,0,8,02,56,00,00,00,00,00,00,
7025337,1081827E,true,Rx,0,8,20,4A,00,00,00,00,00,00,
7025138,108182FE,true,Tx,0,8,03,56,00,00,00,00,00,00,
7026288,108182FE,true,Tx,0,8,04,56,00,00,00,00,00,00,
7027788,108182FE,true,Tx,0,8,05,56,00,00,00,00,00,00,
7028801,1081827E,true,Rx,0,8,21,4A,00,00,00,00,00,00,
7028802,1081827E,true,Rx,0,8,22,4A,00,00,00,00,00,00,
7029220,108182FE,true,Tx,0,8,06,56,00,00,00,00,00,00,
7030439,108182FE,true,Tx,0,8,07,56,00,00,00,00,00,00,
7031586,108182FE,true,Tx,0,8,08,56,00,00,00,00,00,00,
7032278,1081827E,true,Rx,0,8,23,4A,00,00,00,00,00,00,
7032785,108182FE,true,Tx,0,8,09,56,00,00,00,00,00,00,
7033935,108182FE,true,Tx,0,8,0A,56,00,00,00,00,00,00,
7035765,1081827E,true,Rx,0,8,24,4A,00,00,00,00,00,00,
7035766,1081827E,true,Rx,0,8,25,4A,00,00,00,00,00,00,
7035225,108182FE,true,Tx,0,8,0B,56,00,00,00,00,00,00,
7036475,108182FE,true,Tx,0,8,0C,56,00,00,00,00,00,00,
7037663,108182FE,true,Tx,0,8,0D,56,00,00,00,00,00,00,
7039280,1081827E,true,Rx,0,8,26,4A,00,00,00,00,00,00,
7038903,108182FE,true,Tx,0,8,0E,56,00,00,00,00,00,00,
7040086,108182FE,true,Tx,0,8,0F,56,00,00,00,00,00,00,
7041598,1081827E,true,Rx,0,8,27,4A,00,00,00,00,00,00,
7041315,108182FE,true,Tx,0,8,00,57,00,00,00,00,00,00,
7042498,108182FE,true,Tx,0,8,01,57,00,00,00,00,00,00,
7043875,1081827E,true,Rx,0,8,28,4A,00,00,00,00,00,00,
7043750,108182FE,true,Tx,0,8,02,57,00,00,00,00,00,00,
7045576,108182FE,true,Tx,0,8,03,57,00,00,00,00,00,00,
7046216,1081827E,true,Rx,0,8,29,4A,00,00,00,00,00,00,
7046870,108182FE,true,Tx,0,8,04,57,00,00,00,00,00,00,
7048513,1081827E,true,Rx,0,8,2A,4A,00,00,00,00,00,00,
7048122,108182FE,true,Tx,0,8,05,57,00,00,00,00,00,00,
7049354,108182FE,true,Tx,0,8,06,57,00,00,00,00,00,00,
7050827,1081827E,true,Rx,0,8,2B,4A,00,00,00,00,00,00,
7050525,108182FE,true,Tx,0,8,07,57,00,00,00,00,00,00,
7051669,108182FE,true,Tx,0,8,08,57,00,00,00,00,00,00,
7053166,1081827E,true,Rx,0,8,2C,4A,00,00,00,00,00,00,
7052941,108182FE,true,Tx,0,8,09,57,00,00,00,00,00,00,
7054130,108182FE,true,Tx,0,8,0A,57,00,00,00,00,00,00,
7055517,1081827E,true,Rx,0,8,2D,4A,00,00,00,00,00,00,
7055345,108182FE,true,Tx,0,8,0B,57,00,00,00,00,00,00,
7056538,108182FE,true,Tx,0,8,0C,57,00,00,00,00,00,00,
7057763,1081827E,true,Rx,0,8,2E,4A,00,00,00,00,00,00,
7057749,108182FE,true,Tx,0,8,0D,57,00,00,00,00,00,00,
7058899,108182FE,true,Tx,0,8,0E,57,00,00,00,00,00,00,
7060114,1081827E,true,Rx,0,8,2F,4A,00,00,00,00,00,00,
7060100,108182FE,true,Tx,0,8,0F,57,00,00,00,00,00,00,
7061529,108182FE,true,Tx,0,8,00,58,00,00,00,00,00,00,
7062483,1081827E,true,Rx,0,8,20,4B,00,00,00,00,00,00,
7062774,108182FE,true,Tx,0,8,01,58,00,00,00,00,00,00,
7063915,108182FE,true,Tx,0,8,02,58,00,00,00,00,00,00,
7064758,1081827E,true,Rx,0,8,21,4B,00,00,00,00,00,00,
7065083,108182FE,true,Tx,0,8,03,58,00,00,00,00,00,00,
7066201,108182FE,true,Tx,0,8,04,58,00,00,00,00,00,00,
7067047,1081827E,true,Rx,0,8,23,4B,00,00,00,00,00,00,
7067347,108182FE,true,Tx,0,8,05,58,00,00,00,00,00,00,
7068467,108182FE,true,Tx,0,8,06,58,00,00,00,00,00,00,
7069384,1081827E,true,Rx,0,8,25,4B,00,00,00,00,00,00,
7069698,108182FE,true,Tx,0,8,07,58,00,00,00,00,00,00,
7070820,108182FE,true,Tx,0,8,08,58,00,00,00,00,00,00,
7071704,1081827E,true,Rx,0,8,27,4B,00,00,00,00,00,00,
7072071,108182FE,true,Tx,0,8,09,58,00,00,00,00,00,00,
7073235,108182FE,true,Tx,0,8,0A,58,00,00,00,00,00,00,
7074051,1081827E,true,Rx,0,8,29,4B,00,00,00,00,00,00,
7074362,108182FE,true,Tx,0,8,0B,58,00,00,00,00,00,00,
7075502,108182FE,true,Tx,0,8,0C,58,00,00,00,00,00,00,
7076325,1081827E,true,Rx,0,8,2B,4B,00,00,00,00,00,00,
7076734,108182FE,true,Tx,0,8,0D,58,00,00,00,00,00,00,
7078655,1081827E,true,Rx,0,8,2D,4B,00,00,00,00,00,00,
7078254,108182FE,true,Tx,0,8,0E,58,00,00,00,00,00,00,
7079673,108182FE,true,Tx,0,8,0F,58,00,00,00,00,00,00,
7080997,1081827E,true,Rx,0,8,2F,4B,00,00,00,00,00,00,
7080897,108182FE,true,Tx,0,8,00,59,00,00,00,00,00,00,
7082098,108182FE,true,Tx,0,8,01,59,00,00,00,00,00,00,
7083331,1081827E,true,Rx,0,8,20,4C,00,00,00,00,00,00,
7083345,108182FE,true,Tx,0,8,02,59,00,00,00,00,00,00,
7084500,108182FE,true,Tx,0,8,03,59,00,00,00,00,00,00,
7085654,1081827E,true,Rx,0,8,22,4C,00,00,00,00,00,00,
7085685,108182FE,true,Tx,0,8,04,59,00,00,00,00,00,00,
7086858,108182FE,true,Tx,0,8,05,59,00,00,00,00,00,00,
7087992,1081827E,true,Rx,0,8,24,4C,00,00,00,00,00,00,
7088115,108182FE,true,Tx,0,8,06,59,00,00,00,00,00,00,
7089286,108182FE,true,Tx,0,8,07,59,00,00,00,00,00,00,
7090320,1081827E,true,Rx,0,8,26,4C,00,00,00,00,00,00,
7090622,108182FE,true,Tx,0,8,08,59,00,00,00,00,00,00,
7091785,108182FE,true,Tx,0,8,09,59,00,00,00,00,00,00,
7092650,1081827E,true,Rx,0,8,28,4C,00,00,00,00,00,00,
7093041,108182FE,true,Tx,0,8,0A,59,00,00,00,00,00,00,
7094191,108182FE,true,Tx,0,8,0B,59,00,00,00,00,00,00,
7095000,1081827E,true,Rx,0,8,2A,4C,00,00,00,00,00,00,
7095691,108182FE,true,Tx,0,8,0C,59,00,00,00,00,00,00,
7097320,1081827E,true,Rx,0,8,2C,4C,00,00,00,00,00,00,
7097150,108182FE,true,Tx,0,8,0D,59,00,00,00,00,00,00,
7098387,108182FE,true,Tx,0,8,0E,59,00,00,00,00,00,00,
7099593,1081827E,true,Rx,0,8,2E,4C,00,00,00,00,00,00,
7099706,108182FE,true,Tx,0,8,0F,59,00,00,00,00,00,00,
7101029,108182FE,true,Tx,0,8,00,5A,00,00,00,00,00,00,
7101938,1081827E,true,Rx,0,8,20,4D,00,00,00,00,00,00,
7102275,108182FE,true,Tx,0,8,01,5A,00,00,00,00,00,00,
7103457,108182FE,true,Tx,0,8,02,5A,00,00,00,00,00,00,
7104739,108182FE,true,Tx,0,8,03,5A,00,00,00,00,00,00,
7105479,1081827E,true,Rx,0,8,22,4D,00,00,00,00,00,00,
7105480,1081827E,true,Rx,0,8,24,4D,00,00,00,00,00,00,
7106102,108182FE,true,Tx,0,8,04,5A,00,00,00,00,00,00,
7107255,108182FE,true,Tx,0,8,05,5A,00,00,00,00,00,00,
7108884,1081827E,true,Rx,0,8,26,4D,00,00,00,00,00,00,
7108421,108182FE,true,Tx,0,8,06,5A,00,00,00,00,00,00,
7110289,108182FE,true,Tx,0,8,07,5A,00,00,00,00,00,00,
7111158,1081827E,true,Rx,0,8,28,4D,00,00,00,00,00,00,
7111665,108182FE,true,Tx,0,8,08,5A,00,00,00,00,00,00,
7113518,1081827E,true,Rx,0,8,2A,4D,00,00,00,00,00,00,
7113344,108182FE,true,Tx,0,8,09,5A,00,00,00,00,00,00,
7114630,108182FE,true,Tx,0,8,0A,5A,00,00,00,00,00,00,
7115817,1081827E,true,Rx,0,8,2B,4D,00,00,00,00,00,00,
7115878,108182FE,true,Tx,0,8,0B,5A,00,00,00,00,00,00,
7117022,108182FE,true,Tx,0,8,0C,5A,00,00,00,00,00,00,
7118159,1081827E,true,Rx,0,8,2D,4D,00,00,00,00,00,00,
7118190,108182FE,true,Tx,0,8,0D,5A,00,00,00,00,00,00,
7119332,108182FE,true,Tx,0,8,0E,5A,00,00,00,00,00,00,
7120485,1081827E,true,Rx,0,8,2F,4D,00,00,00,00,00,00,
7120547,108182FE,true,Tx,0,8,0F,5A,00,00,00,00,00,00,
7121737,108182FE,true,Tx,0,8,00,5B,00,00,00,00,00,00,
7122819,1081827E,true,Rx,0,8,21,4E,00,00,00,00,00,00,
7123136,108182FE,true,Tx,0,8,01,5B,00,00,00,00,00,00,
7124381,108182FE,true,Tx,0,8,02,5B,00,00,00,00,00,00,
7125104,1081827E,true,Rx,0,8,23,4E,00,00,00,00,00,00,
7125694,108182FE,true,Tx,0,8,03,5B,00,00,00,00,00,00,
7127485,1081827E,true,Rx,0,8,25,4E,00,00,00,00,00,00,
7126971,108182FE,true,Tx,0,8,04,5B,00,00,00,00,00,00,
7128835,108182FE,true,Tx,0,8,05,5B,00,00,00,00,00,00,
7129761,1081827E,true,Rx,0,8,27,4E,00,00,00,00,00,00,
7130244,108182FE,true,Tx,0,8,06,5B,00,00,00,00,00,00,
7131538,108182FE,true,Tx,0,8,07,5B,00,00,00,00,00,00,
7132099,1081827E,true,Rx,0,8,28,4E,00,00,00,00,00,00,
7132884,108182FE,true,Tx,0,8,08,5B,00,00,00,00,00,00,
7134385,1081827E,true,Rx,0,8,2A,4E,00,00,00,00,00,00,
7134283,108182FE,true,Tx,0,8,09,5B,00,00,00,00,00,00,
7135562,108182FE,true,Tx,0,8,0A,5B,00,00,00,00,00,00,
7136704,1081827E,true,Rx,0,8,2C,4E,00,00,00,00,00,00,
7136868,108182FE,true,Tx,0,8,0B,5B,00,00,00,00,00,00,
7138161,108182FE,true,Tx,0,8,0C,5B,00,00,00,00,00,00,
7139039,1081827E,true,Rx,0,8,2E,4E,00,00,00,00,00,00,
7139590,108182FE,true,Tx,0,8,0D,5B,00,00,00,00,00,00,
7141329,1081827E,true,Rx,0,8,22,4F,00,00,00,00,00,00,
7140888,108182FE,true,Tx,0,8,0E,5B,00,00,00,00,00,00,
7142174,108182FE,true,Tx,0,8,0F,5B,00,00,00,00,00,00,
7143657,1081827E,true,Rx,0,8,23,4F,00,00,00,00,00,00,
7143582,108182FE,true,Tx,0,8,00,5C,00,00,00,00,00,00,
7145201,108182FE,true,Tx,0,8,01,5C,00,00,00,00,00,00,
7145979,1081827E,true,Rx,0,8,25,4F,00,00,00,00,00,00,
7146602,108182FE,true,Tx,0,8,02,5C,00,00,00,00,00,00,
7148263,1081827E,true,Rx,0,8,27,4F,00,00,00,00,00,00,
7147869,108182FE,true,Tx,0,8,03,5C,00,00,00,00,00,00,
7149062,108182FE,true,Tx,0,8,04,5C,00,00,00,00,00,00,
7150588,1081827E,true,Rx,0,8,28,4F,00,00,00,00,00,00,
7150353,108182FE,true,Tx,0,8,05,5C,00,00,00,00,00,00,
7151616,108182FE,true,Tx,0,8,06,5C,00,00,00,00,00,00,
7152872,1081827E,true,Rx,0,8,2A,4F,00,00,00,00,00,00,
7153002,108182FE,true,Tx,0,8,07,5C,00,00,00,00,00,00,
7154176,108182FE,true,Tx,0,8,08,5C,00,00,00,00,00,00,
7155220,1081827E,true,Rx,0,8,2C,4F,00,00,00,00,00,00,
7155403,108182FE,true,Tx,0,8,09,5C,00,00,00,00,00,00,
7156519,108182FE,true,Tx,0,8,0A,5C,00,00,00,00,00,00,
7157591,1081827E,true,Rx,0,8,2E,4F,00,00,00,00,00,00,
7157754,108182FE,true,Tx,0,8,0B,5C,00,00,00,00,00,00,
7158852,108182FE,true,Tx,0,8,0C,5C,00,00,00,00,00,00,
7159878,1081827E,true,Rx,0,8,20,50,00,00,00,00,00,00,
7160045,108182FE,true,Tx,0,8,0D,5C,00,00,00,00,00,00,
7161467,108182FE,true,Tx,0,8,0E,5C,00,00,00,00,00,00,
7162221,1081827E,true,Rx,0,8,22,50,00,00,00,00,00,00,
7162937,108182FE,true,Tx,0,8,0F,5C,00,00,00,00,00,00,
7164521,1081827E,true,Rx,0,8,24,50,00,00,00,00,00,00,
7164200,108182FE,true,Tx,0,8,00,5D,00,00,00,00,00,00,
7165432,108182FE,true,Tx,0,8,01,5D,00,00,00,00,00,00,
7166877,1081827E,true,Rx,0,8,26,50,00,00,00,00,00,00,
7166622,108182FE,true,Tx,0,8,02,5D,00,00,00,00,00,00,
7167807,108182FE,true,Tx,0,8,03,5D,00,00,00,00,00,00,
7169211,1081827E,true,Rx,0,8,28,50,00,00,00,00,00,00,
7169024,108182FE,true,Tx,0,8,04,5D,00,00,00,00,00,00,
7170189,108182FE,true,Tx,0,8,05,5D,00,00,00,00,00,00,
7171523,1081827E,true,Rx,0,8,2A,50,00,00,00,00,00,00,
7171445,108182FE,true,Tx,0,8,06,5D,00,00,00,00,00,00,
7172682,108182FE,true,Tx,0,8,07,5D,00,00,00,00,00,00,
7173875,1081827E,true,Rx,0,8,2C,50,00,00,00,00,00,00,
7173840,108182FE,true,Tx,0,8,08,5D,00,00,00,00,00,00,
7174983,108182FE,true,Tx,0,8,09,5D,00,00,00,00,00,00,
7176223,1081827E,true,Rx,0,8,2D,50,00,00,00,00,00,00,
7176815,108182FE,true,Tx,0,8,0A,5D,00,00,00,00,00,00,
7178536,1081827E,true,Rx,0,8,2F,50,00,00,00,00,00,00,
7179140,108182FE,true,Tx,0,8,0B,5D,00,00,00,00,00,00,
7180822,1081827E,true,Rx,0,8,01,51,04,17,FF,FF,FF,E6,
7180490,108182FE,true,Tx,0,8,0C,5D,00,00,00,00,00,00,
7181670,108182FE,true,Tx,0,8,0D,5D,00,00,00,00,00,00,
7183175,1081827E,true,Rx,0,8,23,51,00,00,00,00,00,00,
7182882,108182FE,true,Tx,0,8,0E,5D,00,00,00,00,00,00,
7184042,108182FE,true,Tx,0,8,0F,5D,00,00,00,00,00,00,
7185244,108182FE,true,Tx,0,8,00,5E,00,00,00,00,00,00,
7186597,1081827E,true,Rx,0,8,25,51,00,00,00,00,00,00,
7186598,1081827E,true,Rx,0,8,27,51,00,00,00,00,00,00,
7186437,108182FE,true,Tx,0,8,01,5E,00,00,00,00,00,00,
7187510,108182FE,true,Tx,0,8,02,5E,00,00,00,00,00,00,
7188652,108182FE,true,Tx,0,8,03,5E,00,00,00,00,00,00,
7190051,1081827E,true,Rx,0,8,29,51,00,00,00,00,00,00,
7190061,108182FE,true,Tx,0,8,04,5E,00,00,00,00,00,00,
7191219,108182FE,true,Tx,0,8,05,5E,00,00,00,00,00,00,
7192482,1081827E,true,Rx,0,8,2C,51,00,00,00,00,00,00,
7192384,108182FE,true,Tx,0,8,06,5E,00,00,00,00,00,00,
7193503,108182FE,true,Tx,0,8,07,5E,00,00,00,00,00,00,
7194706,1081827E,true,Rx,0,8,2D,51,00,00,00,00,00,00,
7195258,108182FE,true,Tx,0,8,08,5E,00,00,00,00,00,00,
7197047,1081827E,true,Rx,0,8,2F,51,00,00,00,00,00,00,
7196636,108182FE,true,Tx,0,8,09,5E,00,00,00,00,00,00,
7197788,108182FE,true,Tx,0,8,0A,5E,00,00,00,00,00,00,
7199334,1081827E,true,Rx,0,8,20,52,00,00,00,00,00,00,
7198905,108182FE,true,Tx,0,8,0B,5E,00,00,00,00,00,00,
7200033,108182FE,true,Tx,0,8,0C,5E,00,00,00,00,00,00,
7201661,1081827E,true,Rx,0,8,22,52,00,00,00,00,00,00,
7201164,108182FE,true,Tx,0,8,0D,5E,00,00,00,00,00,00,
7202323,108182FE,true,Tx,0,8,0E,5E,00,00,00,00,00,00,
7203993,1081827E,true,Rx,0,8,24,52,00,00,00,00,00,00,
7203435,108182FE,true,Tx,0,8,0F,5E,00,00,00,00,00,00,
7204575,108182FE,true,Tx,0,8,00,5F,00,00,00,00,00,00,
7205747,108182FE,true,Tx,0,8,01,5F,00,00,00,00,00,00,
7206342,1081827E,true,Rx,0,8,26,52,00,00,00,00,00,00,
7206888,108182FE,true,Tx,0,8,02,5F,00,00,00,00,00,00,
7207986,108182FE,true,Tx,0,8,03,5F,00,00,00,00,00,00,
7208595,1081827E,true,Rx,0,8,28,52,00,00,00,00,00,00,
7209108,108182FE,true,Tx,0,8,04,5F,00,00,00,00,00,00,
7210238,108182FE,true,Tx,0,8,05,5F,00,00,00,00,00,00,
7210941,1081827E,true,Rx,0,8,2A,52,00,00,00,00,00,00,
7211354,108182FE,true,Tx,0,8,06,5F,00,00,00,00,00,00,
7213281,1081827E,true,Rx,0,8,2C,52,00,00,00,00,00,00,
7212776,108182FE,true,Tx,0,8,07,5F,00,00,00,00,00,00,
7214191,108182FE,true,Tx,0,8,08,5F,00,00,00,00,00,00,
7215593,1081827E,true,Rx,0,8,2E,52,00,00,00,00,00,00,
7215424,108182FE,true,Tx,0,8,09,5F,00,00,00,00,00,00,
7216548,108182FE,true,Tx,0,8,0A,5F,00,00,00,00,00,00,
7217876,1081827E,true,Rx,0,8,20,53,00,00,00,00,00,00,
7217720,108182FE,true,Tx,0,8,0B,5F,00,00,00,00,00,00,
7218823,108182FE,true,Tx,0,8,0C,5F,00,00,00,00,00,00,
7220223,1081827E,true,Rx,0,8,22,53,00,00,00,00,00,00,
7222525,1081827E,true,Rx,0,8,24,53,00,00,00,00,00,00,
7224825,1081827E,true,Rx,0,8,25,53,00,00,00,00,00,00,
7227117,1081827E,true,Rx,0,8,27,53,00,00,00,00,00,00,
7229485,1081827E,true,Rx,0,8,29,53,00,00,00,00,00,00,
7231374,108182FE,true,Tx,0,8,0D,5F,00,00,00,00,00,00,
7232936,1081827E,true,Rx,0,8,2B,53,00,00,00,00,00,00,
7232937,1081827E,true,Rx,0,8,2D,53,00,00,00,00,00,00,
7236488,1081827E,true,Rx,0,8,2F,53,00,00,00,00,00,00,
7238714,1081827E,true,Rx,0,8,01,54,04,17,00,00,01,EF,
7241042,1081827E,true,Rx,0,8,23,54,00,00,00,00,00,00,
7243480,1081827E,true,Rx,0,8,25,54,00,00,00,00,00,00,
7245201,108182FE,true,Tx,0,8,0E,5F,00,00,00,00,00,00,
7246879,1081827E,true,Rx,0,8,26,54,00,00,00,00,00,00,
7246880,1081827E,true,Rx,0,8,28,54,00,00,00,00,00,00,
7247609,108182FE,true,Tx,0,8,0F,5F,00,00,00,00,00,00,
7249892,108182FE,true,Tx,0,8,00,60,00,00,00,00,00,00,
7251225,108182FE,true,Tx,0,8,01,60,00,00,00,00,00,00,
7252704,1081827E,true,Rx,0,8,2A,54,00,00,00,00,00,00,
7252704,1001117E,true,Rx,0,8,00,01,00,00,00,00,00,00,
7252705,1081827E,true,Rx,0,8,2B,54,00,00,00,00,00,00,
7252563,108182FE,true,Tx,0,8,02,60,00,00,00,00,00,00,
7254880,108182FE,true,Tx,0,8,03,60,00,00,00,00,00,00,
7256169,1081827E,true,Rx,0,8,2D,54,00,00,00,00,00,00,
7256926,108182FE,true,Tx,0,8,04,60,00,00,00,00,00,00,
7258527,1081827E,true,Rx,0,8,2E,54,00,00,00,00,00,00,
7258971,108182FE,true,Tx,0,8,05,60,00,00,00,00,00,00,
7260832,1081827E,true,Rx,0,8,2F,54,00,00,00,00,00,00,
7261051,108182FE,true,Tx,0,8,06,60,00,00,00,00,00,00,
7263163,1081827E,true,Rx,0,8,20,55,00,00,00,00,00,00,
7262885,108182FE,true,Tx,0,8,07,60,00,00,00,00,00,00,
7265521,1081827E,true,Rx,0,8,21,55,00,00,00,00,00,00,
7265068,108182FE,true,Tx,0,8,08,60,00,00,00,00,00,00,
7266615,108182FE,true,Tx,0,8,09,60,00,00,00,00,00,00,
7267819,1081827E,true,Rx,0,8,22,55,00,00,00,00,00,00,
7267882,108182FE,true,Tx,0,8,0A,60,00,00,00,00,00,00,
7269068,108182FE,true,Tx,0,8,0B,60,00,00,00,00,00,00,
7270107,1081827E,true,Rx,0,8,23,55,00,00,00,00,00,00,
7270308,108182FE,true,Tx,0,8,0C,60,00,00,00,00,00,00,
7271497,108182FE,true,Tx,0,8,0D,60,00,00,00,00,00,00,
7272480,1081827E,true,Rx,0,8,24,55,00,00,00,00,00,00,
7272763,108182FE,true,Tx,0,8,0E,60,00,00,00,00,00,00,
7273900,108182FE,true,Tx,0,8,0F,60,00,00,00,00,00,00,
7274713,1081827E,true,Rx,0,8,25,55,00,00,00,00,00,00,
7275147,108182FE,true,Tx,0,8,00,61,00,00,00,00,00,00,
7276349,108182FE,true,Tx,0,8,01,61,00,00,00,00,00,00,
7277057,1081827E,true,Rx,0,8,26,55,00,00,00,00,00,00,
7277881,108182FE,true,Tx,0,8,02,61,00,00,00,00,00,00,
7279381,1081827E,true,Rx,0,8,27,55,00,00,00,00,00,00,
7279426,108182FE,true,Tx,0,8,03,61,00,00,00,00,00,00,
7280762,108182FE,true,Tx,0,8,04,61,00,00,00,00,00,00,
7281699,1081827E,true,Rx,0,8,28,55,00,00,00,00,00,00,
7281948,108182FE,true,Tx,0,8,05,61,00,00,00,00,00,00,
7283186,108182FE,true,Tx,0,8,06,61,00,00,00,00,00,00,
7283998,1081827E,true,Rx,0,8,29,55,00,00,00,00,00,00,
7284374,108182FE,true,Tx,0,8,07,61,00,00,00,00,00,00,
7285506,108182FE,true,Tx,0,8,08,61,00,00,00,00,00,00,
7286718,108182FE,true,Tx,0,8,09,61,00,00,00,00,00,00,
7287485,1081827E,true,Rx,0,8,2A,55,00,00,00,00,00,00,
7287486,1081827E,true,Rx,0,8,2B,55,00,00,00,00,00,00,
7287989,108182FE,true,Tx,0,8,0A,61,00,00,00,00,00,00,
7289183,108182FE,true,Tx,0,8,0B,61,00,00,00,00,00,00,
7290990,1081827E,true,Rx,0,8,2C,55,00,00,00,00,00,00,
7290477,108182FE,true,Tx,0,8,0C,61,00,00,00,00,00,00,
7291662,108182FE,true,Tx,0,8,0D,61,00,00,00,00,00,00,
7293286,1081827E,true,Rx,0,8,2D,55,00,00,00,00,00,00,
7293066,108182FE,true,Tx,0,8,0E,61,00,00,00,00,00,00,
7294392,108182FE,true,Tx,0,8,0F,61,00,00,00,00,00,00,
7295637,1081827E,true,Rx,0,8,2E,55,00,00,00,00,00,00,
7295801,108182FE,true,Tx,0,8,00,62,00,00,00,00,00,00,
7297049,108182FE,true,Tx,0,8,01,62,00,00,00,00,00,00,
7297932,1081827E,true,Rx,0,8,2F,55,00,00,00,00,00,00,
7298319,108182FE,true,Tx,0,8,02,62,00,00,00,00,00,00,
7299502,108182FE,true,Tx,0,8,03,62,00,00,00,00,00,00,
7300226,1081827E,true,Rx,0,8,20,56,00,00,00,00,00,00,
7300809,108182FE,true,Tx,0,8,04,62,00,00,00,00,00,00,
7301956,108182FE,true,Tx,0,8,05,62,00,00,00,00,00,00,
7302525,1081827E,true,Rx,0,8,21,56,00,00,00,00,00,00,
7303132,108182FE,true,Tx,0,8,06,62,00,00,00,00,00,00,
7304878,1081827E,true,Rx,0,8,22,56,00,00,00,00,00,00,
7304378,108182FE,true,Tx,0,8,07,62,00,00,00,00,00,00,
7305601,108182FE,true,Tx,0,8,08,62,00,00,00,00,00,00,
7307227,1081827E,true,Rx,0,8,23,56,00,00,00,00,00,00,
7306944,108182FE,true,Tx,0,8,09,62,00,00,00,00,00,00,
7308213,108182FE,true,Tx,0,8,0A,62,00,00,00,00,00,00,
7309526,1081827E,true,Rx,0,8,24,56,00,00,00,00,00,00,
7309756,108182FE,true,Tx,0,8,0B,62,00,00,00,00,00,00,
7311830,1081827E,true,Rx,0,8,25,56,00,00,00,00,00,00,
7311310,108182FE,true,Tx,0,8,0C,62,00,00,00,00,00,00,
7312696,108182FE,true,Tx,0,8,0D,62,00,00,00,00,00,00,
7314111,1081827E,true,Rx,0,8,26,56,00,00,00,00,00,00,
7314073,108182FE,true,Tx,0,8,0E,62,00,00,00,00,00,00,
7315285,108182FE,true,Tx,0,8,0F,62,00,00,00,00,00,00,
7316505,108182FE,true,Tx,0,8,00,63,00,00,00,00,00,00,
7317592,1081827E,true,Rx,0,8,27,56,00,00,00,00,00,00,
7317593,1081827E,true,Rx,0,8,29,56,00,00,00,00,00,00,
7317978,108182FE,true,Tx,0,8,01,63,00,00,00,00,00,00,
7319325,108182FE,true,Tx,0,8,02,63,00,00,00,00,00,00,
7320473,108182FE,true,Tx,0,8,03,63,00,00,00,00,00,00,
7321114,1081827E,true,Rx,0,8,2B,56,00,00,00,00,00,00,
7321605,108182FE,true,Tx,0,8,04,63,00,00,00,00,00,00,
7322836,108182FE,true,Tx,0,8,05,63,00,00,00,00,00,00,
7323478,1081827E,true,Rx,0,8,2C,56,00,00,00,00,00,00,
7323961,108182FE,true,Tx,0,8,06,63,00,00,00,00,00,00,
7325765,1081827E,true,Rx,0,8,2E,56,00,00,00,00,00,00,
7325240,108182FE,true,Tx,0,8,07,63,00,00,00,00,00,00,
7326623,108182FE,true,Tx,0,8,08,63,00,00,00,00,00,00,
7328058,1081827E,true,Rx,0,8,20,57,00,00,00,00,00,00,
7327796,108182FE,true,Tx,0,8,09,63,00,00,00,00,00,00,
7329268,108182FE,true,Tx,0,8,0A,63,00,00,00,00,00,00,
7330336,1081827E,true,Rx,0,8,22,57,00,00,00,00,00,00,
7330611,108182FE,true,Tx,0,8,0B,63,00,00,00,00,00,00,
7331838,108182FE,true,Tx,0,8,0C,63,00,00,00,00,00,00,
7332649,1081827E,true,Rx,0,8,23,57,00,00,00,00,00,00,
7333097,108182FE,true,Tx,0,8,0D,63,00,00,00,00,00,00,
7334257,108182FE,true,Tx,0,8,0E,63,00,00,00,00,00,00,
7334989,1081827E,true,Rx,0,8,25,57,00,00,00,00,00,00,
7335420,108182FE,true,Tx,0,8,0F,63,00,00,00,00,00,00,
7336570,108182FE,true,Tx,0,8,00,64,00,00,00,00,00,00,
7337283,1081827E,true,Rx,0,8,27,57,00,00,00,00,00,00,
7337784,108182FE,true,Tx,0,8,01,64,00,00,00,00,00,00,
7338948,108182FE,true,Tx,0,8,02,64,00,00,00,00,00,00,
7340173,108182FE,true,Tx,0,8,03,64,00,00,00,00,00,00,
7340755,1081827E,true,Rx,0,8,29,57,00,00,00,00,00,00,
7340756,1081827E,true,Rx,0,8,2B,57,00,00,00,00,00,00,
7341363,108182FE,true,Tx,0,8,04,64,00,00,00,00,00,00,
7342642,108182FE,true,Tx,0,8,05,64,00,00,00,00,00,00,
7344287,1081827E,true,Rx,0,8,2D,57,00,00,00,00,00,00,
7343837,108182FE,true,Tx,0,8,06,64,00,00,00,00,00,00,
7345201,108182FE,true,Tx,0,8,07,64,00,00,00,00,00,00,
7346593,1081827E,true,Rx,0,8,2F,57,00,00,00,00,00,00,
7346885,108182FE,true,Tx,0,8,08,64,00,00,00,00,00,00,
7348142,108182FE,true,Tx,0,8,09,64,00,00,00,00,00,00,
7348885,1081827E,true,Rx,0,8,01,58,03,F5,00,00,00,00,
7349362,108182FE,true,Tx,0,8,0A,64,00,00,00,00,00,00,
7350617,108182FE,true,Tx,0,8,0B,64,00,00,00,00,00,00,
7351230,1081827E,true,Rx,0,8,23,58,00,00,00,00,00,00,
7351936,108182FE,true,Tx,0,8,0C,64,00,00,00,00,00,00,
7353592,1081827E,true,Rx,0,8,25,58,00,00,00,00,00,00,
7353287,108182FE,true,Tx,0,8,0D,64,00,00,00,00,00,00,
7354743,108182FE,true,Tx,0,8,0E,64,00,00,00,00,00,00,
7355876,1081827E,true,Rx,0,8,27,58,00,00,00,00,00,00,
7356196,108182FE,true,Tx,0,8,0F,64,00,00,00,00,00,00,
7357549,108182FE,true,Tx,0,8,00,65,00,00,00,00,00,00,
7358225,1081827E,true,Rx,0,8,29,58,00,00,00,00,00,00,
7358909,108182FE,true,Tx,0,8,01,65,00,00,00,00,00,00,
7360525,1081827E,true,Rx,0,8,2B,58,00,00,00,00,00,00,
7360092,108182FE,true,Tx,0,8,02,65,00,00,00,00,00,00,
7361214,108182FE,true,Tx,0,8,03,65,00,00,00,00,00,00,
7362881,1081827E,true,Rx,0,8,2D,58,00,00,00,00,00,00,
7362718,108182FE,true,Tx,0,8,04,65,00,00,00,00,00,00,
7364187,108182FE,true,Tx,0,8,05,65,00,00,00,00,00,00,
7365168,1081827E,true,Rx,0,8,2E,58,00,00,00,00,00,00,
7365390,108182FE,true,Tx,0,8,06,65,00,00,00,00,00,00,
7366549,108182FE,true,Tx,0,8,07,65,00,00,00,00,00,00,
7367484,1081827E,true,Rx,0,8,20,59,00,00,00,00,00,00,
7367660,108182FE,true,Tx,0,8,08,65,00,00,00,00,00,00,
7368776,108182FE,true,Tx,0,8,09,65,00,00,00,00,00,00,
7369824,1081827E,true,Rx,0,8,22,59,00,00,00,00,00,00,
7369881,108182FE,true,Tx,0,8,0A,65,00,00,00,00,00,00,
7371008,108182FE,true,Tx,0,8,0B,65,00,00,00,00,00,00,
7372114,1081827E,true,Rx,0,8,24,59,00,00,00,00,00,00,
7372095,108182FE,true,Tx,0,8,0C,65,00,00,00,00,00,00,
7373236,108182FE,true,Tx,0,8,0D,65,00,00,00,00,00,00,
7374486,1081827E,true,Rx,0,8,26,59,00,00,00,00,00,00,
7374405,108182FE,true,Tx,0,8,0E,65,00,00,00,00,00,00,
7375541,108182FE,true,Tx,0,8,0F,65,00,00,00,00,00,00,
7376786,1081827E,true,Rx,0,8,28,59,00,00,00,00,00,00,
7377410,108182FE,true,Tx,0,8,00,66,00,00,00,00,00,00,
7379066,1081827E,true,Rx,0,8,2A,59,00,00,00,00,00,00,
7379797,108182FE,true,Tx,0,8,01,66,00,00,00,00,00,00,
7381481,1081827E,true,Rx,0,8,2C,59,00,00,00,00,00,00,
7380939,108182FE,true,Tx,0,8,02,66,00,00,00,00,00,00,
7382078,108182FE,true,Tx,0,8,03,66,00,00,00,00,00,00,
7383706,1081827E,true,Rx,0,8,2D,59,00,00,00,00,00,00,
7383242,108182FE,true,Tx,0,8,04,66,00,00,00,00,00,00,
7384388,108182FE,true,Tx,0,8,05,66,00,00,00,00,00,00,
7386000,1081827E,true,Rx,0,8,2F,59,00,00,00,00,00,00,
7386603,108182FE,true,Tx,0,8,06,66,00,00,00,00,00,00,
7388341,1081827E,true,Rx,0,8,01,5A,00,00,00,00,00,00,
7387990,108182FE,true,Tx,0,8,07,66,00,00,00,00,00,00,
7389244,108182FE,true,Tx,0,8,08,66,00,00,00,00,00,00,
7390648,1081827E,true,Rx,0,8,24,5A,00,00,00,00,00,00,
7390421,108182FE,true,Tx,0,8,09,66,00,00,00,00,00,00,
7391599,108182FE,true,Tx,0,8,0A,66,00,00,00,00,00,00,
7392997,1081827E,true,Rx,0,8,25,5A,00,00,00,00,00,00,
7392732,108182FE,true,Tx,0,8,0B,66,00,00,00,00,00,00,
7393895,108182FE,true,Tx,0,8,0C,66,00,00,00,00,00,00,
7395283,1081827E,true,Rx,0,8,26,5A,00,00,00,00,00,00,
7395280,108182FE,true,Tx,0,8,0D,66,00,00,00,00,00,00,
7396776,108182FE,true,Tx,0,8,0E,66,00,00,00,00,00,00,
7397650,1081827E,true,Rx,0,8,28,5A,00,00,00,00,00,00,
7398094,108182FE,true,Tx,0,8,0F,66,00,00,00,00,00,00,
7399279,108182FE,true,Tx,0,8,00,67,00,00,00,00,00,00,
7399930,1081827E,true,Rx,0,8,29,5A,00,00,00,00,00,00,
7400499,108182FE,true,Tx,0,8,01,67,00,00,00,00,00,00,
7401616,108182FE,true,Tx,0,8,02,67,00,00,00,00,00,00,
7402233,1081827E,true,Rx,0,8,2B,5A,00,00,00,00,00,00,
7402872,108182FE,true,Tx,0,8,03,67,00,00,00,00,00,00,
7404007,108182FE,true,Tx,0,8,04,67,00,00,00,00,00,00,
7404591,1081827E,true,Rx,0,8,2D,5A,00,00,00,00,00,00,
7405166,108182FE,true,Tx,0,8,05,67,00,00,00,00,00,00,
7406307,108182FE,true,Tx,0,8,06,67,00,00,00,00,00,00,
7406882,1081827E,true,Rx,0,8,2F,5A,00,00,00,00,00,00,
7407460,108182FE,true,Tx,0,8,07,67,00,00,00,00,00,00,
7409169,1081827E,true,Rx,0,8,21,5B,00,00,00,00,00,00,
7408630,108182FE,true,Tx,0,8,08,67,00,00,00,00,00,00,
7409780,108182FE,true,Tx,0,8,09,67,00,00,00,00,00,00,
7410902,108182FE,true,Tx,0,8,0A,67,00,00,00,00,00,00,
7411526,1081827E,true,Rx,0,8,23,5B,00,00,00,00,00,00,
7412385,108182FE,true,Tx,0,8,0B,67,00,00,00,00,00,00,
7413824,1081827E,true,Rx,0,8,24,5B,00,00,00,00,00,00,
7413744,108182FE,true,Tx,0,8,0C,67,00,00,00,00,00,00,
7414930,108182FE,true,Tx,0,8,0D,67,00,00,00,00,00,00,
7416173,1081827E,true,Rx,0,8,26,5B,00,00,00,00,00,00,
7416427,108182FE,true,Tx,0,8,0E,67,00,00,00,00,00,00,
7417670,108182FE,true,Tx,0,8,0F,67,00,00,00,00,00,00,
7418486,1081827E,true,Rx,0,8,27,5B,00,00,00,00,00,00,
7418945,108182FE,true,Tx,0,8,00,68,00,00,00,00,00,00,
7420770,1081827E,true,Rx,0,8,29,5B,00,00,00,00,00,00,
7420367,108182FE,true,Tx,0,8,01,68,00,00,00,00,00,00,
7421892,108182FE,true,Tx,0,8,02,68,00,00,00,00,00,00,
7423052,1081827E,true,Rx,0,8,2B,5B,00,00,00,00,00,00,
7423182,108182FE,true,Tx,0,8,03,68,00,00,00,00,00,00,
7424414,108182FE,true,Tx,0,8,04,68,00,00,00,00,00,00,
7425484,1081827E,true,Rx,0,8,2D,5B,00,00,00,00,00,00,
7425683,108182FE,true,Tx,0,8,05,68,00,00,00,00,00,00,
7426795,108182FE,true,Tx,0,8,06,68,00,00,00,00,00,00,
7427713,1081827E,true,Rx,0,8,2E,5B,00,00,00,00,00,00,
7427936,108182FE,true,Tx,0,8,07,68,00,00,00,00,00,00,
7430056,1081827E,true,Rx,0,8,20,5C,00,00,00,00,00,00,
7429877,108182FE,true,Tx,0,8,08,68,00,00,00,00,00,00,
7431076,108182FE,true,Tx,0,8,09,68,00,00,00,00,00,00,
7432392,1081827E,true,Rx,0,8,22,5C,00,00,00,00,00,00,
7432470,108182FE,true,Tx,0,8,0A,68,00,00,00,00,00,00,
7433582,108182FE,true,Tx,0,8,0B,68,00,00,00,00,00,00,
7434710,1081827E,true,Rx,0,8,23,5C,00,00,00,00,00,00,
7434716,108182FE,true,Tx,0,8,0C,68,00,00,00,00,00,00,
7435928,108182FE,true,Tx,0,8,0D,68,00,00,00,00,00,00,
7437062,1081827E,true,Rx,0,8,25,5C,00,00,00,00,00,00,
7437057,108182FE,true,Tx,0,8,0E,68,00,00,00,00,00,00,
7438207,108182FE,true,Tx,0,8,0F,68,00,00,00,00,00,00,
7439342,1081827E,true,Rx,0,8,27,5C,00,00,00,00,00,00,
7439410,108182FE,true,Tx,0,8,00,69,00,00,00,00,00,00,
7440550,108182FE,true,Tx,0,8,01,69,00,00,00,00,00,00,
7441703,1081827E,true,Rx,0,8,29,5C,00,00,00,00,00,00,
7441781,108182FE,true,Tx,0,8,02,69,00,00,00,00,00,00,
7442979,108182FE,true,Tx,0,8,03,69,00,00,00,00,00,00,
7443992,1081827E,true,Rx,0,8,2B,5C,00,00,00,00,00,00,
7444448,108182FE,true,Tx,0,8,04,69,00,00,00,00,00,00,
7446337,1081827E,true,Rx,0,8,2D,5C,00,00,00,00,00,00,
7446318,108182FE,true,Tx,0,8,05,69,00,00,00,00,00,00,
7447579,108182FE,true,Tx,0,8,06,69,00,00,00,00,00,00,
7448650,1081827E,true,Rx,0,8,2F,5C,00,00,00,00,00,00,
7449197,108182FE,true,Tx,0,8,07,69,00,00,00,00,00,00,
7450383,108182FE,true,Tx,0,8,08,69,00,00,00,00,00,00,
7451002,1081827E,true,Rx,0,8,20,5D,00,00,00,00,00,00,
7451678,108182FE,true,Tx,0,8,09,69,00,00,00,00,00,00,
7453294,1081827E,true,Rx,0,8,22,5D,00,00,00,00,00,00,
7452917,108182FE,true,Tx,0,8,0A,69,00,00,00,00,00,00,
7454121,108182FE,true,Tx,0,8,0B,69,00,00,00,00,00,00,
7455592,1081827E,true,Rx,0,8,24,5D,00,00,00,00,00,00,
7455340,108182FE,true,Tx,0,8,0C,69,00,00,00,00,00,00,
7456695,108182FE,true,Tx,0,8,0D,69,00,00,00,00,00,00,
7457941,1081827E,true,Rx,0,8,26,5D,00,00,00,00,00,00,
7458115,108182FE,true,Tx,0,8,0E,69,00,00,00,00,00,00,
7459351,108182FE,true,Tx,0,8,0F,69,00,00,00,00,00,00,
7460227,1081827E,true,Rx,0,8,28,5D,00,00,00,00,00,00,
7460689,108182FE,true,Tx,0,8,00,6A,00,00,00,00,00,00,
7462526,1081827E,true,Rx,0,8,2A,5D,00,00,00,00,00,00,
7461987,108182FE,true,Tx,0,8,01,6A,00,00,00,00,00,00,
7463183,108182FE,true,Tx,0,8,02,6A,00,00,00,00,00,00,
7464878,1081827E,true,Rx,0,8,2B,5D,00,00,00,00,00,00,
7464356,108182FE,true,Tx,0,8,03,6A,00,00,00,00,00,00,
7465503,108182FE,true,Tx,0,8,04,6A,00,00,00,00,00,00,
7467170,1081827E,true,Rx,0,8,2C,5D,00,00,00,00,00,00,
7466664,108182FE,true,Tx,0,8,05,6A,00,00,00,00,00,00,
7467788,108182FE,true,Tx,0,8,06,6A,00,00,00,00,00,00,
7469526,1081827E,true,Rx,0,8,2E,5D,00,00,00,00,00,00,
7469049,108182FE,true,Tx,0,8,07,6A,00,00,00,00,00,00,
7471826,1081827E,true,Rx,0,8,21,5E,00,00,00,00,00,00,
7474167,1081827E,true,Rx,0,8,22,5E,00,00,00,00,00,00,
7476484,1081827E,true,Rx,0,8,24,5E,00,00,00,00,00,00,
7478767,1081827E,true,Rx,0,8,26,5E,00,00,00,00,00,00,
7481107,1081827E,true,Rx,0,8,28,5E,00,00,00,00,00,00,
7482162,108182FE,true,Tx,0,8,08,6A,00,00,00,00,00,00,
7483496,1081827E,true,Rx,0,8,29,5E,00,00,00,00,00,00,
7485745,1081827E,true,Rx,0,8,2B,5E,00,00,00,00,00,00,
7488053,1081827E,true,Rx,0,8,2D,5E,00,00,00,00,00,00,
7490475,1081827E,true,Rx,0,8,2F,5E,00,00,00,00,00,00,
7492713,1081827E,true,Rx,0,8,21,5F,00,00,00,00,00,00,
7495052,1081827E,true,Rx,0,8,23,5F,00,00,00,00,00,00,
7497487,1081827E,true,Rx,0,8,26,5F,00,00,00,00,00,00,
7498651,108182FE,true,Tx,0,8,09,6A,00,00,00,00,00,00,
7499713,1081827E,true,Rx,0,8,27,5F,00,00,00,00,00,00,
7499985,108182FE,true,Tx,0,8,0A,6A,00,00,00,00,00,00,
7501166,108182FE,true,Tx,0,8,0B,6A,00,00,00,00,00,00,
7502058,1081827E,true,Rx,0,8,29,5F,00,00,00,00,00,00,
7502345,108182FE,true,Tx,0,8,0C,6A,00,00,00,00,00,00,
7503599,108182FE,true,Tx,0,8,0D,6A,00,00,00,00,00,00,
7504523,1081827E,true,Rx,0,8,2B,5F,00,00,00,00,00,00,
7504893,108182FE,true,Tx,0,8,0E,6A,00,00,00,00,00,00,
7506766,1081827E,true,Rx,0,8,2D,5F,00,00,00,00,00,00,
7506195,108182FE,true,Tx,0,8,0F,6A,00,00,00,00,00,00,
7507414,108182FE,true,Tx,0,8,00,6B,00,00,00,00,00,00,
7509119,1081827E,true,Rx,0,8,2E,5F,00,00,00,00,00,00,
7508606,108182FE,true,Tx,0,8,01,6B,00,00,00,00,00,00,
7509798,108182FE,true,Tx,0,8,02,6B,00,00,00,00,00,00,
7511486,1081827E,true,Rx,0,8,2F,5F,00,00,00,00,00,00,
7510950,108182FE,true,Tx,0,8,03,6B,00,00,00,00,00,00,
7512686,108182FE,true,Tx,0,8,04,6B,00,00,00,00,00,00,
7513766,1081827E,true,Rx,0,8,20,60,00,00,00,00,00,00,
7514780,108182FE,true,Tx,0,8,05,6B,00,00,00,00,00,00,
7516104,1081827E,true,Rx,0,8,21,60,00,00,00,00,00,00,
7516468,108182FE,true,Tx,0,8,06,6B,00,00,00,00,00,00,
7517659,108182FE,true,Tx,0,8,07,6B,00,00,00,00,00,00,
7518489,1081827E,true,Rx,0,8,22,60,00,00,00,00,00,00,
7518789,108182FE,true,Tx,0,8,08,6B,00,00,00,00,00,00,
7519949,108182FE,true,Tx,0,8,09,6B,00,00,00,00,00,00,
7520767,1081827E,true,Rx,0,8,23,60,00,00,00,00,00,00,
7521042,108182FE,true,Tx,0,8,0A,6B,00,00,00,00,00,00,
7522165,108182FE,true,Tx,0,8,0B,6B,00,00,00,00,00,00,
7523221,108182FE,true,Tx,0,8,0C,6B,00,00,00,00,00,00,
7524290,1081827E,true,Rx,0,8,24,60,00,00,00,00,00,00,
7524290,1081827E,true,Rx,0,8,25,60,00,00,00,00,00,00,
7524335,108182FE,true,Tx,0,8,0D,6B,00,00,00,00,00,00,
7525401,108182FE,true,Tx,0,8,0E,6B,00,00,00,00,00,00,
7526496,108182FE,true,Tx,0,8,0F,6B,00,00,00,00,00,00,
7527772,1081827E,true,Rx,0,8,26,60,00,00,00,00,00,00,
7527560,108182FE,true,Tx,0,8,00,6C,00,00,00,00,00,00,
7528864,108182FE,true,Tx,0,8,01,6C,00,00,00,00,00,00,
7530050,1081827E,true,Rx,0,8,27,60,00,00,00,00,00,00,
7530391,108182FE,true,Tx,0,8,02,6C,00,00,00,00,00,00,
7531598,108182FE,true,Tx,0,8,03,6C,00,00,00,00,00,00,
7532737,108182FE,true,Tx,0,8,04,6C,00,00,00,00,00,00,
7533593,1081827E,true,Rx,0,8,28,60,00,00,00,00,00,00,
7533594,1081827E,true,Rx,0,8,29,60,00,00,00,00,00,00,
7533853,108182FE,true,Tx,0,8,05,6C,00,00,00,00,00,00,
7534973,108182FE,true,Tx,0,8,06,6C,00,00,00,00,00,00,
7536069,108182FE,true,Tx,0,8,07,6C,00,00,00,00,00,00,
7537054,1081827E,true,Rx,0,8,2A,60,00,00,00,00,00,00,
7537230,108182FE,true,Tx,0,8,08,6C,00,00,00,00,00,00,
7538324,108182FE,true,Tx,0,8,09,6C,00,00,00,00,00,00,
7539485,1081827E,true,Rx,0,8,2B,60,00,00,00,00,00,00,
7539633,108182FE,true,Tx,0,8,0A,6C,00,00,00,00,00,00,
7540832,108182FE,true,Tx,0,8,0B,6C,00,00,00,00,00,00,
7541704,1081827E,true,Rx,0,8,2C,60,00,00,00,00,00,00,
7542043,108182FE,true,Tx,0,8,0C,6C,00,00,00,00,00,00,
7543216,108182FE,true,Tx,0,8,0D,6C,00,00,00,00,00,00,
7544062,1081827E,true,Rx,0,8,2D,60,00,00,00,00,00,00,
7544351,108182FE,true,Tx,0,8,0E,6C,00,00,00,00,00,00,
7545706,108182FE,true,Tx,0,8,0F,6C,00,00,00,00,00,00,
7546471,1081827E,true,Rx,0,8,2E,60,00,00,00,00,00,00,
7547083,108182FE,true,Tx,0,8,00,6D,00,00,00,00,00,00,
7548758,1081827E,true,Rx,0,8,2F,60,00,00,00,00,00,00,
7548289,108182FE,true,Tx,0,8,01,6D,00,00,00,00,00,00,
7549436,108182FE,true,Tx,0,8,02,6D,00,00,00,00,00,00,
7551054,1081827E,true,Rx,0,8,20,61,00,00,00,00,00,00,
7550602,108182FE,true,Tx,0,8,03,6D,00,00,00,00,00,00,
7551912,108182FE,true,Tx,0,8,04,6D,00,00,00,00,00,00,
7553352,1081827E,true,Rx,0,8,21,61,00,00,00,00,00,00,
7553457,108182FE,true,Tx,0,8,05,6D,00,00,00,00,00,00,
7554589,108182FE,true,Tx,0,8,06,6D,00,00,00,00,00,00,
7555710,1081827E,true,Rx,0,8,22,61,00,00,00,00,00,00,
7555871,108182FE,true,Tx,0,8,07,6D,00,00,00,00,00,00,
7556987,108182FE,true,Tx,0,8,08,6D,00,00,00,00,00,00,
7557996,1081827E,true,Rx,0,8,23,61,00,00,00,00,00,00,
7558107,108182FE,true,Tx,0,8,09,6D,00,00,00,00,00,00,
7559317,108182FE,true,Tx,0,8,0A,6D,00,00,00,00,00,00,
7560347,1081827E,true,Rx,0,8,24,61,00,00,00,00,00,00,
7560469,108182FE,true,Tx,0,8,0B,6D,00,00,00,00,00,00,
7561565,108182FE,true,Tx,0,8,0C,6D,00,00,00,00,00,00,
7562596,1081827E,true,Rx,0,8,25,61,00,00,00,00,00,00,
7563021,108182FE,true,Tx,0,8,0D,6D,00,00,00,00,00,00,
7564934,1081827E,true,Rx,0,8,26,61,00,00,00,00,00,00,
7564411,108182FE,true,Tx,0,8,0E,6D,00,00,00,00,00,00,
7565645,108182FE,true,Tx,0,8,0F,6D,00,00,00,00,00,00,
7567228,1081827E,true,Rx,0,8,27,61,00,00,00,00,00,00,
7566835,108182FE,true,Tx,0,8,00,6E,00,00,00,00,00,00,
7568018,108182FE,true,Tx,0,8,01,6E,00,00,00,00,00,00,
7569534,1081827E,true,Rx,0,8,28,61,00,00,00,00,00,00,
7569159,108182FE,true,Tx,0,8,02,6E,00,00,00,00,00,00,
7570335,108182FE,true,Tx,0,8,03,6E,00,00,00,00,00,00,
7571882,1081827E,true,Rx,0,8,2A,61,00,00,00,00,00,00,
7571677,108182FE,true,Tx,0,8,04,6E,00,00,00,00,00,00,
7572900,108182FE,true,Tx,0,8,05,6E,00,00,00,00,00,00,
7574179,1081827E,true,Rx,0,8,2B,61,00,00,00,00,00,00,
7574295,108182FE,true,Tx,0,8,06,6E,00,00,00,00,00,00,
7575510,108182FE,true,Tx,0,8,07,6E,00,00,00,00,00,00,
7576490,1081827E,true,Rx,0,8,2C,61,00,00,00,00,00,00,
7576856,108182FE,true,Tx,0,8,08,6E,00,00,00,00,00,00,
7578158,108182FE,true,Tx,0,8,09,6E,00,00,00,00,00,00,
7578830,1081827E,true,Rx,0,8,2E,61,00,00,00,00,00,00,
7579833,108182FE,true,Tx,0,8,0A,6E,00,00,00,00,00,00,
7581161,1081827E,true,Rx,0,8,20,62,00,00,00,00,00,00,
7581201,108182FE,true,Tx,0,8,0B,6E,00,00,00,00,00,00,
7582452,108182FE,true,Tx,0,8,0C,6E,00,00,00,00,00,00,
7583489,1081827E,true,Rx,0,8,22,62,00,00,00,00,00,00,
7583767,108182FE,true,Tx,0,8,0D,6E,00,00,00,00,00,00,
7584996,108182FE,true,Tx,0,8,0E,6E,00,00,00,00,00,00,
7586240,108182FE,true,Tx,0,8,0F,6E,00,00,00,00,00,00,
7586941,1081827E,true,Rx,0,8,24,62,00,00,00,00,00,00,
7586941,1081827E,true,Rx,0,8,25,62,00,00,00,00,00,00,
7587443,108182FE,true,Tx,0,8,00,6F,00,00,00,00,00,00,
7588655,108182FE,true,Tx,0,8,01,6F,00,00,00,00,00,00,
7589802,108182FE,true,Tx,0,8,02,6F,00,00,00,00,00,00,
7590472,1081827E,true,Rx,0,8,27,62,00,00,00,00,00,00,
7591199,108182FE,true,Tx,0,8,03,6F,00,00,00,00,00,00,
7592715,1081827E,true,Rx,0,8,29,62,00,00,00,00,00,00,
7592468,108182FE,true,Tx,0,8,04,6F,00,00,00,00,00,00,
7593660,108182FE,true,Tx,0,8,05,6F,00,00,00,00,00,00,
7595065,1081827E,true,Rx,0,8,2B,62,00,00,00,00,00,00,
7594824,108182FE,true,Tx,0,8,06,6F,00,00,00,00,00,00,
7596332,108182FE,true,Tx,0,8,07,6F,00,00,00,00,00,00,
7597338,1081827E,true,Rx,0,8,2C,62,00,00,00,00,00,00,
7597797,108182FE,true,Tx,0,8,08,6F,00,00,00,00,00,00,
7599061,108182FE,true,Tx,0,8,09,6F,00,00,00,00,00,00,
7599714,1081827E,true,Rx,0,8,2E,62,00,00,00,00,00,00,
7600286,108182FE,true,Tx,0,8,0A,6F,00,00,00,00,00,00,
7602008,1081827E,true,Rx,0,8,21,63,00,00,00,00,00,00,
7601465,108182FE,true,Tx,0,8,0B,6F,00,00,00,00,00,00,
7602625,108182FE,true,Tx,0,8,0C,6F,00,00,00,00,00,00,
7604287,1081827E,true,Rx,0,8,22,63,00,00,00,00,00,00,
7603819,108182FE,true,Tx,0,8,0D,6F,00,00,00,00,00,00,
7604986,108182FE,true,Tx,0,8,0E,6F,00,00,00,00,00,00,
7606654,1081827E,true,Rx,0,8,23,63,00,00,00,00,00,00,
7606395,108182FE,true,Tx,0,8,0F,6F,00,00,00,00,00,00,
7607575,108182FE,true,Tx,0,8,00,70,00,00,00,00,00,00,
7608947,1081827E,true,Rx,0,8,25,63,00,00,00,00,00,00,
7608795,108182FE,true,Tx,0,8,01,70,00,00,00,00,00,00,
7609942,108182FE,true,Tx,0,8,02,70,00,00,00,00,00,00,
7611230,1081827E,true,Rx,0,8,27,63,00,00,00,00,00,00,
7611159,108182FE,true,Tx,0,8,03,70,00,00,00,00,00,00,
7612622,108182FE,true,Tx,0,8,04,70,00,00,00,00,00,00,
7613529,1081827E,true,Rx,0,8,29,63,00,00,00,00,00,00,
7614381,108182FE,true,Tx,0,8,05,70,00,00,00,00,00,00,
7615836,1081827E,true,Rx,0,8,2B,63,00,00,00,00,00,00,
7615639,108182FE,true,Tx,0,8,06,70,00,00,00,00,00,00,
7616824,108182FE,true,Tx,0,8,07,70,00,00,00,00,00,00,
7618161,1081827E,true,Rx,0,8,2D,63,00,00,00,00,00,00,
7617978,108182FE,true,Tx,0,8,08,70,00,00,00,00,00,00,
7619153,108182FE,true,Tx,0,8,09,70,00,00,00,00,00,00,
7620529,1081827E,true,Rx,0,8,2F,63,00,00,00,00,00,00,
7620287,108182FE,true,Tx,0,8,0A,70,00,00,00,00,00,00,
7621469,108182FE,true,Tx,0,8,0B,70,00,00,00,00,00,00,
7622830,1081827E,true,Rx,0,8,21,64,00,00,00,00,00,00,
7622646,108182FE,true,Tx,0,8,0C,70,00,00,00,00,00,00,
7623871,108182FE,true,Tx,0,8,0D,70,00,00,00,00,00,00,
7625174,1081827E,true,Rx,0,8,23,64,00,00,00,00,00,00,
7625072,108182FE,true,Tx,0,8,0E,70,00,00,00,00,00,00,
7626327,108182FE,true,Tx,0,8,0F,70,00,00,00,00,00,00,
7627492,1081827E,true,Rx,0,8,24,64,00,00,00,00,00,00,
7627576,108182FE,true,Tx,0,8,00,71,00,00,00,00,00,00,
7629157,108182FE,true,Tx,0,8,01,71,00,00,00,00,00,00,
7629824,1081827E,true,Rx,0,8,26,64,00,00,00,00,00,00,
7630518,108182FE,true,Tx,0,8,02,71,00,00,00,00,00,00,
7632168,1081827E,true,Rx,0,8,28,64,00,00,00,00,00,00,
7631777,108182FE,true,Tx,0,8,03,71,00,00,00,00,00,00,
7633049,108182FE,true,Tx,0,8,04,71,00,00,00,00,00,00,
7634490,1081827E,true,Rx,0,8,2A,64,00,00,00,00,00,00,
7634347,108182FE,true,Tx,0,8,05,71,00,00,00,00,00,00,
7635655,108182FE,true,Tx,0,8,06,71,00,00,00,00,00,00,
7636989,108182FE,true,Tx,0,8,07,71,00,00,00,00,00,00,
7637941,1081827E,true,Rx,0,8,2B,64,00,00,00,00,00,00,
7637941,1081827E,true,Rx,0,8,2D,64,00,00,00,00,00,00,
7638299,108182FE,true,Tx,0,8,08,71,00,00,00,00,00,00,
7639651,108182FE,true,Tx,0,8,09,71,00,00,00,00,00,00,
7641526,1081827E,true,Rx,0,8,2F,64,00,00,00,00,00,00,
7641020,108182FE,true,Tx,0,8,0A,71,00,00,00,00,00,00,
7642354,108182FE,true,Tx,0,8,0B,71,00,00,00,00,00,00,
7643712,1081827E,true,Rx,0,8,21,65,00,00,00,00,00,00,
7643686,108182FE,true,Tx,0,8,0C,71,00,00,00,00,00,00,
7645057,108182FE,true,Tx,0,8,0D,71,00,00,00,00,00,00,
7646961,108182FE,true,Tx,0,8,0E,71,00,00,00,00,00,00,
7648343,1081827E,true,Rx,0,8,22,65,00,00,00,00,00,00,
7648343,1001117E,true,Rx,0,8,00,01,00,00,00,00,00,00,
7648344,1081827E,true,Rx,0,8,24,65,00,00,00,00,00,00,
7648359,108182FE,true,Tx,0,8,0F,71,00,00,00,00,00,00,
7649673,108182FE,true,Tx,0,8,00,72,00,00,00,00,00,00,
7650957,108182FE,true,Tx,0,8,01,72,00,00,00,00,00,00,
7651822,1081827E,true,Rx,0,8,26,65,00,00,00,00,00,00,
7652243,108182FE,true,Tx,0,8,02,72,00,00,00,00,00,00,
7653496,108182FE,true,Tx,0,8,03,72,00,00,00,00,00,00,
7654175,1081827E,true,Rx,0,8,28,65,00,00,00,00,00,00,
7654797,108182FE,true,Tx,0,8,04,72,00,00,00,00,00,00,
7656488,1081827E,true,Rx,0,8,2A,65,00,00,00,00,00,00,
7655950,108182FE,true,Tx,0,8,05,72,00,00,00,00,00,00,
7657327,108182FE,true,Tx,0,8,06,72,00,00,00,00,00,00,
7658831,1081827E,true,Rx,0,8,2C,65,00,00,00,00,00,00,
7658529,108182FE,true,Tx,0,8,07,72,00,00,00,00,00,00,
7659703,108182FE,true,Tx,0,8,08,72,00,00,00,00,00,00,
7661119,1081827E,true,Rx,0,8,2E,65,00,00,00,00,00,00,
7660830,108182FE,true,Tx,0,8,09,72,00,00,00,00,00,00,
7662363,108182FE,true,Tx,0,8,0A,72,00,00,00,00,00,00,
7663524,1081827E,true,Rx,0,8,20,66,00,00,00,00,00,00,
7663757,108182FE,true,Tx,0,8,0B,72,00,00,00,00,00,00,
7664984,108182FE,true,Tx,0,8,0C,72,00,00,00,00,00,00,
7665778,1081827E,true,Rx,0,8,21,66,00,00,00,00,00,00,
7666190,108182FE,true,Tx,0,8,0D,72,00,00,00,00,00,00,
7667397,108182FE,true,Tx,0,8,0E,72,00,00,00,00,00,00,
7668056,1081827E,true,Rx,0,8,22,66,00,00,00,00,00,00,
7668631,108182FE,true,Tx,0,8,0F,72,00,00,00,00,00,00,
7669847,108182FE,true,Tx,0,8,00,73,00,00,00,00,00,00,
7670483,1081827E,true,Rx,0,8,24,66,00,00,00,00,00,00,
7671066,108182FE,true,Tx,0,8,01,73,00,00,00,00,00,00,
7672710,1081827E,true,Rx,0,8,26,66,00,00,00,00,00,00,
7672434,108182FE,true,Tx,0,8,02,73,00,00,00,00,00,00,
7673801,108182FE,true,Tx,0,8,03,73,00,00,00,00,00,00,
7675010,1081827E,true,Rx,0,8,27,66,00,00,00,00,00,00,
7675132,108182FE,true,Tx,0,8,04,73,00,00,00,00,00,00,
7676520,108182FE,true,Tx,0,8,05,73,00,00,00,00,00,00,
7677351,1081827E,true,Rx,0,8,29,66,00,00,00,00,00,00,
7677920,108182FE,true,Tx,0,8,06,73,00,00,00,00,00,00,
7679673,1081827E,true,Rx,0,8,2B,66,00,00,00,00,00,00,
7679794,108182FE,true,Tx,0,8,07,73,00,00,00,00,00,00,
7681067,108182FE,true,Tx,0,8,08,73,00,00,00,00,00,00,
7682005,1081827E,true,Rx,0,8,2D,66,00,00,00,00,00,00,
7682313,108182FE,true,Tx,0,8,09,73,00,00,00,00,00,00,
7683478,108182FE,true,Tx,0,8,0A,73,00,00,00,00,00,00,
7684287,1081827E,true,Rx,0,8,2F,66,00,00,00,00,00,00,
7684744,108182FE,true,Tx,0,8,0B,73,00,00,00,00,00,00,
7685907,108182FE,true,Tx,0,8,0C,73,00,00,00,00,00,00,
7686658,1081827E,true,Rx,0,8,21,67,00,00,00,00,00,00,
7687200,108182FE,true,Tx,0,8,0D,73,00,00,00,00,00,00,
7688949,1081827E,true,Rx,0,8,23,67,00,00,00,00,00,00,
7688440,108182FE,true,Tx,0,8,0E,73,00,00,00,00,00,00,
7689638,108182FE,true,Tx,0,8,0F,73,00,00,00,00,00,00,
7691279,1081827E,true,Rx,0,8,24,67,00,00,00,00,00,00,
7690876,108182FE,true,Tx,0,8,00,74,00,00,00,00,00,00,
7692073,108182FE,true,Tx,0,8,01,74,00,00,00,00,00,00,
7693598,1081827E,true,Rx,0,8,26,67,00,00,00,00,00,00,
7693334,108182FE,true,Tx,0,8,02,74,00,00,00,00,00,00,
7694516,108182FE,true,Tx,0,8,03,74,00,00,00,00,00,00,
7695886,1081827E,true,Rx,0,8,28,67,00,00,00,00,00,00,
7696309,108182FE,true,Tx,0,8,04,74,00,00,00,00,00,00,
7698180,1081827E,true,Rx,0,8,2A,67,00,00,00,00,00,00,
7697712,108182FE,true,Tx,0,8,05,74,00,00,00,00,00,00,
7698897,108182FE,true,Tx,0,8,06,74,00,00,00,00,00,00,
7700530,1081827E,true,Rx,0,8,2C,67,00,00,00,00,00,00,
7700125,108182FE,true,Tx,0,8,07,74,00,00,00,00,00,00,
7701260,108182FE,true,Tx,0,8,08,74,00,00,00,00,00,00,
7702889,1081827E,true,Rx,0,8,2E,67,00,00,00,00,00,00,
7702442,108182FE,true,Tx,0,8,09,74,00,00,00,00,00,00,
7703658,108182FE,true,Tx,0,8,0A,74,00,00,00,00,00,00,
7705173,1081827E,true,Rx,0,8,20,68,00,00,00,00,00,00,
7704902,108182FE,true,Tx,0,8,0B,74,00,00,00,00,00,00,
7706093,108182FE,true,Tx,0,8,0C,74,00,00,00,00,00,00,
7707530,1081827E,true,Rx,0,8,21,68,00,00,00,00,00,00,
7707361,108182FE,true,Tx,0,8,0D,74,00,00,00,00,00,00,
7708590,108182FE,true,Tx,0,8,0E,74,00,00,00,00,00,00,
7709821,1081827E,true,Rx,0,8,23,68,00,00,00,00,00,00,
7709881,108182FE,true,Tx,0,8,0F,74,00,00,00,00,00,00,
7711038,108182FE,true,Tx,0,8,00,75,00,00,00,00,00,00,
7712172,1081827E,true,Rx,0,8,25,68,00,00,00,00,00,00,
7712432,108182FE,true,Tx,0,8,01,75,00,00,00,00,00,00,
7714505,1081827E,true,Rx,0,8,27,68,00,00,00,00,00,00,
7714042,108182FE,true,Tx,0,8,02,75,00,00,00,00,00,00,
7715291,108182FE,true,Tx,0,8,03,75,00,00,00,00,00,00,
7716772,1081827E,true,Rx,0,8,28,68,00,00,00,00,00,00,
7716534,108182FE,true,Tx,0,8,04,75,00,00,00,00,00,00,
7717706,108182FE,true,Tx,0,8,05,75,00,00,00,00,00,00,
7719110,1081827E,true,Rx,0,8,2A,68,00,00,00,00,00,00,
7719037,108182FE,true,Tx,0,8,06,75,00,00,00,00,00,00,
7721501,1081827E,true,Rx,0,8,2C,68,00,00,00,00,00,00,
7723768,1081827E,true,Rx,0,8,2E,68,00,00,00,00,00,00,
7726119,1081827E,true,Rx,0,8,20,69,00,00,00,00,00,00,
7728489,1081827E,true,Rx,0,8,22,69,00,00,00,00,00,00,
7730718,1081827E,true,Rx,0,8,24,69,00,00,00,00,00,00,
7732245,108182FE,true,Tx,0,8,07,75,00,00,00,00,00,00,
7733057,1081827E,true,Rx,0,8,25,69,00,00,00,00,00,00,
7735348,1081827E,true,Rx,0,8,27,69,00,00,00,00,00,00,
7737657,1081827E,true,Rx,0,8,28,69,00,00,00,00,00,00,
7739996,1081827E,true,Rx,0,8,2A,69,00,00,00,00,00,00,
7742284,1081827E,true,Rx,0,8,2C,69,00,00,00,00,00,00,
7744659,1081827E,true,Rx,0,8,2E,69,00,00,00,00,00,00,
7746957,1081827E,true,Rx,0,8,20,6A,00,00,00,00,00,00,
7746556,108182FE,true,Tx,0,8,08,75,00,00,00,00,00,00,
7748762,108182FE,true,Tx,0,8,09,75,00,00,00,00,00,00,
7750531,1081827E,true,Rx,0,8,21,6A,00,00,00,00,00,00,
7750532,1081827E,true,Rx,0,8,23,6A,00,00,00,00,00,00,
7750462,108182FE,true,Tx,0,8,0A,75,00,00,00,00,00,00,
7751748,108182FE,true,Tx,0,8,0B,75,00,00,00,00,00,00,
7753013,108182FE,true,Tx,0,8,0C,75,00,00,00,00,00,00,
7753888,1081827E,true,Rx,0,8,25,6A,00,00,00,00,00,00,
7754263,108182FE,true,Tx,0,8,0D,75,00,00,00,00,00,00,
7755513,108182FE,true,Tx,0,8,0E,75,00,00,00,00,00,00,
7756237,1081827E,true,Rx,0,8,27,6A,00,00,00,00,00,00,
7756714,108182FE,true,Tx,0,8,0F,75,00,00,00,00,00,00,
7757946,108182FE,true,Tx,0,8,00,76,00,00,00,00,00,00,
7758530,1081827E,true,Rx,0,8,28,6A,00,00,00,00,00,00,
7759199,108182FE,true,Tx,0,8,01,76,00,00,00,00,00,00,
7760827,1081827E,true,Rx,0,8,29,6A,00,00,00,00,00,00,
7760499,108182FE,true,Tx,0,8,02,76,00,00,00,00,00,00,
7761691,108182FE,true,Tx,0,8,03,76,00,00,00,00,00,00,
7763181,1081827E,true,Rx,0,8,2A,6A,00,00,00,00,00,00,
7763522,108182FE,true,Tx,0,8,04,76,00,00,00,00,00,00,
7765500,1081827E,true,Rx,0,8,2B,6A,00,00,00,00,00,00,
7765382,108182FE,true,Tx,0,8,05,76,00,00,00,00,00,00,
7767810,1081827E,true,Rx,0,8,2C,6A,00,00,00,00,00,00,
7767585,108182FE,true,Tx,0,8,06,76,00,00,00,00,00,00,
7768981,108182FE,true,Tx,0,8,07,76,00,00,00,00,00,00,
7770117,1081827E,true,Rx,0,8,2D,6A,00,00,00,00,00,00,
7770237,108182FE,true,Tx,0,8,08,76,00,00,00,00,00,00,
7771473,108182FE,true,Tx,0,8,09,76,00,00,00,00,00,00,
7772491,1081827E,true,Rx,0,8,2E,6A,00,00,00,00,00,00,
7772721,108182FE,true,Tx,0,8,0A,76,00,00,00,00,00,00,
7773946,108182FE,true,Tx,0,8,0B,76,00,00,00,00,00,00,
7774833,1081827E,true,Rx,0,8,2F,6A,00,00,00,00,00,00,
7775225,108182FE,true,Tx,0,8,0C,76,00,00,00,00,00,00,
7776480,108182FE,true,Tx,0,8,0D,76,00,00,00,00,00,00,
7777114,1081827E,true,Rx,0,8,20,6B,00,00,00,00,00,00,
7777708,108182FE,true,Tx,0,8,0E,76,00,00,00,00,00,00,
7779490,1081827E,true,Rx,0,8,21,6B,00,00,00,00,00,00,
7779070,108182FE,true,Tx,0,8,0F,76,00,00,00,00,00,00,
7780432,108182FE,true,Tx,0,8,00,77,00,00,00,00,00,00,
7781766,1081827E,true,Rx,0,8,22,6B,00,00,00,00,00,00,
7781694,108182FE,true,Tx,0,8,01,77,00,00,00,00,00,00,
7782855,108182FE,true,Tx,0,8,02,77,00,00,00,00,00,00,
7784047,1081827E,true,Rx,0,8,23,6B,00,00,00,00,00,00,
7784115,108182FE,true,Tx,0,8,03,77,00,00,00,00,00,00,
7785281,108182FE,true,Tx,0,8,04,77,00,00,00,00,00,00,
7786416,108182FE,true,Tx,0,8,05,77,00,00,00,00,00,00,
7787531,1081827E,true,Rx,0,8,24,6B,00,00,00,00,00,00,
7787623,108182FE,true,Tx,0,8,06,77,00,00,00,00,00,00,
7788856,108182FE,true,Tx,0,8,07,77,00,00,00,00,00,00,
7789827,1081827E,true,Rx,0,8,25,6B,00,00,00,00,00,00,
7790050,108182FE,true,Tx,0,8,08,77,00,00,00,00,00,00,
7791224,108182FE,true,Tx,0,8,09,77,00,00,00,00,00,00,
7792174,1081827E,true,Rx,0,8,26,6B,00,00,00,00,00,00,
7792492,108182FE,true,Tx,0,8,0A,77,00,00,00,00,00,00,
7793607,108182FE,true,Tx,0,8,0B,77,00,00,00,00,00,00,
7794489,1081827E,true,Rx,0,8,27,6B,00,00,00,00,00,00,
7794738,108182FE,true,Tx,0,8,0C,77,00,00,00,00,00,00,
7796179,108182FE,true,Tx,0,8,0D,77,00,00,00,00,00,00,
7797943,1081827E,true,Rx,0,8,28,6B,00,00,00,00,00,00,
7797945,1081827E,true,Rx,0,8,29,6B,00,00,00,00,00,00,
7797595,108182FE,true,Tx,0,8,0E,77,00,00,00,00,00,00,
7798828,108182FE,true,Tx,0,8,0F,77,00,00,00,00,00,00,
7800224,1081827E,true,Rx,0,8,2A,6B,00,00,00,00,00,00,
7800031,108182FE,true,Tx,0,8,00,78,00,00,00,00,00,00,
7801198,108182FE,true,Tx,0,8,01,78,00,00,00,00,00,00,
7802599,1081827E,true,Rx,0,8,2B,6B,00,00,00,00,00,00,
7802339,108182FE,true,Tx,0,8,02,78,00,00,00,00,00,00,
7803457,108182FE,true,Tx,0,8,03,78,00,00,00,00,00,00,
7804891,1081827E,true,Rx,0,8,2C,6B,00,00,00,00,00,00,
7804606,108182FE,true,Tx,0,8,04,78,00,00,00,00,00,00,
7806071,108182FE,true,Tx,0,8,05,78,00,00,00,00,00,00,
7807177,1081827E,true,Rx,0,8,2D,6B,00,00,00,00,00,00,
7807245,108182FE,true,Tx,0,8,06,78,00,00,00,00,00,00,
7808435,108182FE,true,Tx,0,8,07,78,00,00,00,00,00,00,
7809694,108182FE,true,Tx,0,8,08,78,00,00,00,00,00,00,
7810661,1081827E,true,Rx,0,8,2E,6B,00,00,00,00,00,00,
7810662,1081827E,true,Rx,0,8,2F,6B,00,00,00,00,00,00,
7810849,108182FE,true,Tx,0,8,09,78,00,00,00,00,00,00,
7812304,108182FE,true,Tx,0,8,0A,78,00,00,00,00,00,00,
7813690,108182FE,true,Tx,0,8,0B,78,00,00,00,00,00,00,
7815347,1081827E,true,Rx,0,8,20,6C,00,00,00,00,00,00,
7815347,1081827E,true,Rx,0,8,22,6C,00,00,00,00,00,00,
7814922,108182FE,true,Tx,0,8,0C,78,00,00,00,00,00,00,
7816122,108182FE,true,Tx,0,8,0D,78,00,00,00,00,00,00,
7817295,108182FE,true,Tx,0,8,0E,78,00,00,00,00,00,00,
7818822,1081827E,true,Rx,0,8,25,6C,00,00,00,00,00,00,
7818465,108182FE,true,Tx,0,8,0F,78,00,00,00,00,00,00,
7819615,108182FE,true,Tx,0,8,00,79,00,00,00,00,00,00,
7821117,1081827E,true,Rx,0,8,26,6C,00,00,00,00,00,00,
7820796,108182FE,true,Tx,0,8,01,79,00,00,00,00,00,00,
7821951,108182FE,true,Tx,0,8,02,79,00,00,00,00,00,00,
7823526,1081827E,true,Rx,0,8,28,6C,00,00,00,00,00,00,
7823176,108182FE,true,Tx,0,8,03,79,00,00,00,00,00,00,
7824381,108182FE,true,Tx,0,8,04,79,00,00,00,00,00,00,
7825775,1081827E,true,Rx,0,8,2A,6C,00,00,00,00,00,00,
7825597,108182FE,true,Tx,0,8,05,79,00,00,00,00,00,00,
7826747,108182FE,true,Tx,0,8,06,79,00,00,00,00,00,00,
7828121,1081827E,true,Rx,0,8,2C,6C,00,00,00,00,00,00,
7828049,108182FE,true,Tx,0,8,07,79,00,00,00,00,00,00,
7829733,108182FE,true,Tx,0,8,08,79,00,00,00,00,00,00,
7830490,1081827E,true,Rx,0,8,2E,6C,00,00,00,00,00,00,
7831065,108182FE,true,Tx,0,8,09,79,00,00,00,00,00,00,
7832769,1081827E,true,Rx,0,8,20,6D,00,00,00,00,00,00,
7832254,108182FE,true,Tx,0,8,0A,79,00,00,00,00,00,00,
7833408,108182FE,true,Tx,0,8,0B,79,00,00,00,00,00,00,
7835060,1081827E,true,Rx,0,8,21,6D,00,00,00,00,00,00,
7834627,108182FE,true,Tx,0,8,0C,79,00,00,00,00,00,00,
7835774,108182FE,true,Tx,0,8,0D,79,00,00,00,00,00,00,
7837490,1081827E,true,Rx,0,8,23,6D,00,00,00,00,00,00,
7836937,108182FE,true,Tx,0,8,0E,79,00,00,00,00,00,00,
7838056,108182FE,true,Tx,0,8,0F,79,00,00,00,00,00,00,
7839710,1081827E,true,Rx,0,8,25,6D,00,00,00,00,00,00,
7839224,108182FE,true,Tx,0,8,00,7A,00,00,00,00,00,00,
7840416,108182FE,true,Tx,0,8,01,7A,00,00,00,00,00,00,
7841997,1081827E,true,Rx,0,8,27,6D,00,00,00,00,00,00,
7841571,108182FE,true,Tx,0,8,02,7A,00,00,00,00,00,00,
7842716,108182FE,true,Tx,0,8,03,7A,00,00,00,00,00,00,
7844352,1081827E,true,Rx,0,8,29,6D,00,00,00,00,00,00,
7843861,108182FE,true,Tx,0,8,04,7A,00,00,00,00,00,00,
7844986,108182FE,true,Tx,0,8,05,7A,00,00,00,00,00,00,
7846657,1081827E,true,Rx,0,8,2B,6D,00,00,00,00,00,00,
7846470,108182FE,true,Tx,0,8,06,7A,00,00,00,00,00,00,
7848027,108182FE,true,Tx,0,8,07,7A,00,00,00,00,00,00,
7850125,1081827E,true,Rx,0,8,2D,6D,00,00,00,00,00,00,
7850126,1081827E,true,Rx,0,8,2E,6D,00,00,00,00,00,00,
7849655,108182FE,true,Tx,0,8,08,7A,00,00,00,00,00,00,
7851940,108182FE,true,Tx,0,8,09,7A,00,00,00,00,00,00,
7853613,1081827E,true,Rx,0,8,20,6E,00,00,00,00,00,00,
7854029,108182FE,true,Tx,0,8,0A,7A,00,00,00,00,00,00,
7855942,1081827E,true,Rx,0,8,22,6E,00,00,00,00,00,00,
7855583,108182FE,true,Tx,0,8,0B,7A,00,00,00,00,00,00,
7857130,108182FE,true,Tx,0,8,0C,7A,00,00,00,00,00,00,
7858233,1081827E,true,Rx,0,8,24,6E,00,00,00,00,00,00,
7858318,108182FE,true,Tx,0,8,0D,7A,00,00,00,00,00,00,
7859452,108182FE,true,Tx,0,8,0E,7A,00,00,00,00,00,00,
7860533,1081827E,true,Rx,0,8,26,6E,00,00,00,00,00,00,
7860597,108182FE,true,Tx,0,8,0F,7A,00,00,00,00,00,00,
7861849,108182FE,true,Tx,0,8,00,7B,00,00,00,00,00,00,
7862875,1081827E,true,Rx,0,8,28,6E,00,00,00,00,00,00,
7863066,108182FE,true,Tx,0,8,01,7B,00,00,00,00,00,00,
7864216,108182FE,true,Tx,0,8,02,7B,00,00,00,00,00,00,
7865171,1081827E,true,Rx,0,8,29,6E,00,00,00,00,00,00,
7865353,108182FE,true,Tx,0,8,03,7B,00,00,00,00,00,00,
7866480,108182FE,true,Tx,0,8,04,7B,00,00,00,00,00,00,
7867532,1081827E,true,Rx,0,8,2B,6E,00,00,00,00,00,00,
7867602,108182FE,true,Tx,0,8,05,7B,00,00,00,00,00,00,
7868710,108182FE,true,Tx,0,8,06,7B,00,00,00,00,00,00,
7869832,108182FE,true,Tx,0,8,07,7B,00,00,00,00,00,00,
7870998,1081827E,true,Rx,0,8,2D,6E,00,00,00,00,00,00,
7870999,1081827E,true,Rx,0,8,20,6F,00,00,00,00,00,00,
7870941,108182FE,true,Tx,0,8,08,7B,00,00,00,00,00,00,
7872083,108182FE,true,Tx,0,8,09,7B,00,00,00,00,00,00,
7873222,108182FE,true,Tx,0,8,0A,7B,00,00,00,00,00,00,
7874370,108182FE,true,Tx,0,8,0B,7B,00,00,00,00,00,00,
7875662,1081827E,true,Rx,0,8,21,6F,00,00,00,00,00,00,
7875512,108182FE,true,Tx,0,8,0C,7B,00,00,00,00,00,00,
7876624,108182FE,true,Tx,0,8,0D,7B,00,00,00,00,00,00,
7877950,1081827E,true,Rx,0,8,22,6F,00,00,00,00,00,00,
7877729,108182FE,true,Tx,0,8,0E,7B,00,00,00,00,00,00,
7879193,108182FE,true,Tx,0,8,0F,7B,00,00,00,00,00,00,
7880279,1081827E,true,Rx,0,8,24,6F,00,00,00,00,00,00,
7880519,108182FE,true,Tx,0,8,00,7C,00,00,00,00,00,00,
7881775,108182FE,true,Tx,0,8,01,7C,00,00,00,00,00,00,
7882632,1081827E,true,Rx,0,8,26,6F,00,00,00,00,00,00,
7882987,108182FE,true,Tx,0,8,02,7C,00,00,00,00,00,00,
7884138,108182FE,true,Tx,0,8,03,7C,00,00,00,00,00,00,
7884944,1081827E,true,Rx,0,8,28,6F,00,00,00,00,00,00,
7885298,108182FE,true,Tx,0,8,04,7C,00,00,00,00,00,00,
7886406,108182FE,true,Tx,0,8,05,7C,00,00,00,00,00,00,
7887234,1081827E,true,Rx,0,8,2A,6F,00,00,00,00,00,00,
7887569,108182FE,true,Tx,0,8,06,7C,00,00,00,00,00,00,
7888701,108182FE,true,Tx,0,8,07,7C,00,00,00,00,00,00,
7889532,1081827E,true,Rx,0,8,2B,6F,00,00,00,00,00,00,
7889841,108182FE,true,Tx,0,8,08,7C,00,00,00,00,00,00,
7890992,108182FE,true,Tx,0,8,09,7C,00,00,00,00,00,00,
7891887,1081827E,true,Rx,0,8,2D,6F,00,00,00,00,00,00,
7892172,108182FE,true,Tx,0,8,0A,7C,00,00,00,00,00,00,
7893290,108182FE,true,Tx,0,8,0B,7C,00,00,00,00,00,00,
7894238,1081827E,true,Rx,0,8,2F,6F,00,00,00,00,00,00,
7894435,108182FE,true,Tx,0,8,0C,7C,00,00,00,00,00,00,
7895858,108182FE,true,Tx,0,8,0D,7C,00,00,00,00,00,00,
7896531,1081827E,true,Rx,0,8,01,70,00,00,00,00,00,00,
7897226,108182FE,true,Tx,0,8,0E,7C,00,00,00,00,00,00,
7898884,1081827E,true,Rx,0,8,23,70,00,00,00,00,00,00,
7898407,108182FE,true,Tx,0,8,0F,7C,00,00,00,00,00,00,
7899553,108182FE,true,Tx,0,8,00,7D,00,00,00,00,00,00,
7901224,1081827E,true,Rx,0,8,25,70,00,00,00,00,00,00,
7900807,108182FE,true,Tx,0,8,01,7D,00,00,00,00,00,00,
7901928,108182FE,true,Tx,0,8,02,7D,00,00,00,00,00,00,
7903533,1081827E,true,Rx,0,8,26,70,00,00,00,00,00,00,
7903087,108182FE,true,Tx,0,8,03,7D,00,00,00,00,00,00,
7904467,108182FE,true,Tx,0,8,04,7D,00,00,00,00,00,00,
7905850,1081827E,true,Rx,0,8,28,70,00,00,00,00,00,00,
7906234,108182FE,true,Tx,0,8,05,7D,00,00,00,00,00,00,
7907522,108182FE,true,Tx,0,8,06,7D,00,00,00,00,00,00,
7908171,1081827E,true,Rx,0,8,2A,70,00,00,00,00,00,00,
7908699,108182FE,true,Tx,0,8,07,7D,00,00,00,00,00,00,
7909860,108182FE,true,Tx,0,8,08,7D,00,00,00,00,00,00,
7910542,1081827E,true,Rx,0,8,2C,70,00,00,00,00,00,00,
7911038,108182FE,true,Tx,0,8,09,7D,00,00,00,00,00,00,
7912831,1081827E,true,Rx,0,8,2E,70,00,00,00,00,00,00,
7912478,108182FE,true,Tx,0,8,0A,7D,00,00,00,00,00,00,
7913850,108182FE,true,Tx,0,8,0B,7D,00,00,00,00,00,00,
7915170,1081827E,true,Rx,0,8,20,71,00,00,00,00,00,00,
7915068,108182FE,true,Tx,0,8,0C,7D,00,00,00,00,00,00,
7916212,108182FE,true,Tx,0,8,0D,7D,00,00,00,00,00,00,
7917491,1081827E,true,Rx,0,8,22,71,00,00,00,00,00,00,
7917366,108182FE,true,Tx,0,8,0E,7D,00,00,00,00,00,00,
7918495,108182FE,true,Tx,0,8,0F,7D,00,00,00,00,00,00,
7919777,1081827E,true,Rx,0,8,23,71,00,00,00,00,00,00,
7919628,108182FE,true,Tx,0,8,00,7E,00,00,00,00,00,00,
7920759,108182FE,true,Tx,0,8,01,7E,00,00,00,00,00,00,
7921879,108182FE,true,Tx,0,8,02,7E,00,00,00,00,00,00,
7923240,1081827E,true,Rx,0,8,25,71,00,00,00,00,00,00,
7923240,1081827E,true,Rx,0,8,28,71,00,00,00,00,00,00,
7923009,108182FE,true,Tx,0,8,03,7E,00,00,00,00,00,00,
7924135,108182FE,true,Tx,0,8,04,7E,00,00,00,00,00,00,
7925533,1081827E,true,Rx,0,8,29,71,00,00,00,00,00,00,
7925251,108182FE,true,Tx,0,8,05,7E,00,00,00,00,00,00,
7926354,108182FE,true,Tx,0,8,06,7E,00,00,00,00,00,00,
7927893,1081827E,true,Rx,0,8,2A,71,00,00,00,00,00,00,
7927487,108182FE,true,Tx,0,8,07,7E,00,00,00,00,00,00,
7928882,108182FE,true,Tx,0,8,08,7E,00,00,00,00,00,00,
7930219,1081827E,true,Rx,0,8,2C,71,00,00,00,00,00,00,
7930221,108182FE,true,Tx,0,8,09,7E,00,00,00,00,00,00,
7931478,108182FE,true,Tx,0,8,0A,7E,00,00,00,00,00,00,
7932532,1081827E,true,Rx,0,8,2F,71,00,00,00,00,00,00,
7932740,108182FE,true,Tx,0,8,0B,7E,00,00,00,00,00,00,
7933857,108182FE,true,Tx,0,8,0C,7E,00,00,00,00,00,00,
7934836,1081827E,true,Rx,0,8,20,72,00,00,00,00,00,00,
7934972,108182FE,true,Tx,0,8,0D,7E,00,00,00,00,00,00,
7936123,108182FE,true,Tx,0,8,0E,7E,00,00,00,00,00,00,
7937176,1081827E,true,Rx,0,8,22,72,00,00,00,00,00,00,
7937279,108182FE,true,Tx,0,8,0F,7E,00,00,00,00,00,00,
7938407,108182FE,true,Tx,0,8,00,7F,00,00,00,00,00,00,
7939559,108182FE,true,Tx,0,8,01,7F,00,00,00,00,00,00,
7940648,1081827E,true,Rx,0,8,24,72,00,00,00,00,00,00,
7940648,1081827E,true,Rx,0,8,25,72,00,00,00,00,00,00,
7940685,108182FE,true,Tx,0,8,02,7F,00,00,00,00,00,00,
7941808,108182FE,true,Tx,0,8,03,7F,00,00,00,00,00,00,
7942936,108182FE,true,Tx,0,8,04,7F,00,00,00,00,00,00,
7944122,1081827E,true,Rx,0,8,27,72,00,00,00,00,00,00,
7944087,108182FE,true,Tx,0,8,05,7F,00,00,00,00,00,00,
7945562,108182FE,true,Tx,0,8,06,7F,00,00,00,00,00,00,
7946493,1081827E,true,Rx,0,8,29,72,00,00,00,00,00,00,
7946876,108182FE,true,Tx,0,8,07,7F,00,00,00,00,00,00,
7948122,108182FE,true,Tx,0,8,08,7F,00,00,00,00,00,00,
7948771,1081827E,true,Rx,0,8,2B,72,00,00,00,00,00,00,
7949309,108182FE,true,Tx,0,8,09,7F,00,00,00,00,00,00,
7950445,108182FE,true,Tx,0,8,0A,7F,00,00,00,00,00,00,
7951120,1081827E,true,Rx,0,8,2D,72,00,00,00,00,00,00,
7951602,108182FE,true,Tx,0,8,0B,7F,00,00,00,00,00,00,
7952710,108182FE,true,Tx,0,8,0C,7F,00,00,00,00,00,00,
7953490,1081827E,true,Rx,0,8,2F,72,00,00,00,00,00,00,
7953843,108182FE,true,Tx,0,8,0D,7F,00,00,00,00,00,00,
7954972,108182FE,true,Tx,0,8,0E,7F,00,00,00,00,00,00,
7955777,1081827E,true,Rx,0,8,20,73,00,00,00,00,00,00,
7956157,108182FE,true,Tx,0,8,0F,7F,00,00,00,00,00,00,
7957397,108182FE,true,Tx,0,8,00,80,00,00,00,00,00,00,
7958060,1081827E,true,Rx,0,8,22,73,00,00,00,00,00,00,
7958623,108182FE,true,Tx,0,8,01,80,00,00,00,00,00,00,
7959724,108182FE,true,Tx,0,8,02,80,00,00,00,00,00,00,
7960485,1081827E,true,Rx,0,8,24,73,00,00,00,00,00,00,
7960860,108182FE,true,Tx,0,8,03,80,00,00,00,00,00,00,
7962716,1081827E,true,Rx,0,8,26,73,00,00,00,00,00,00,
7962341,108182FE,true,Tx,0,8,04,80,00,00,00,00,00,00,
7963631,108182FE,true,Tx,0,8,05,80,00,00,00,00,00,00,
7965003,1081827E,true,Rx,0,8,27,73,00,00,00,00,00,00,
7964862,108182FE,true,Tx,0,8,06,80,00,00,00,00,00,00,
7965991,108182FE,true,Tx,0,8,07,80,00,00,00,00,00,00,
7967344,1081827E,true,Rx,0,8,29,73,00,00,00,00,00,00,
7967211,108182FE,true,Tx,0,8,08,80,00,00,00,00,00,00,
7968355,108182FE,true,Tx,0,8,09,80,00,00,00,00,00,00,
7969658,1081827E,true,Rx,0,8,2B,73,00,00,00,00,00,00,
7971962,1081827E,true,Rx,0,8,2D,73,00,00,00,00,00,00,
7974297,1081827E,true,Rx,0,8,2E,73,00,00,00,00,00,00,
7976663,1081827E,true,Rx,0,8,20,74,00,00,00,00,00,00,
7978997,1081827E,true,Rx,0,8,22,74,00,00,00,00,00,00,
7981298,1081827E,true,Rx,0,8,24,74,00,00,00,00,00,00,
7980994,108182FE,true,Tx,0,8,0A,80,00,00,00,00,00,00,
7983655,1081827E,true,Rx,0,8,25,74,00,00,00,00,00,00,
7985952,1081827E,true,Rx,0,8,27,74,00,00,00,00,00,00,
7989495,1081827E,true,Rx,0,8,29,74,00,00,00,00,00,00,
7989497,1081827E,true,Rx,0,8,2B,74,00,00,00,00,00,00,
7992956,1081827E,true,Rx,0,8,2D,74,00,00,00,00,00,00,
7996495,1081827E,true,Rx,0,8,2F,74,00,00,00,00,00,00,
7996497,1081827E,true,Rx,0,8,01,75,00,00,00,00,CD,31,
7998489,108182FE,true,Tx,0,8,0B,80,00,00,00,00,00,00,
7999902,1081827E,true,Rx,0,8,22,75,00,00,00,00,00,00,
8001109,108182FE,true,Tx,0,8,0C,80,00,00,00,00,00,00,
8002231,1081827E,true,Rx,0,8,24,75,00,00,00,00,00,00,
8002981,108182FE,true,Tx,0,8,0D,80,00,00,00,00,00,00,
8004526,1081827E,true,Rx,0,8,26,75,00,00,00,00,00,00,
8004236,108182FE,true,Tx,0,8,0E,80,00,00,00,00,00,00,
8005396,108182FE,true,Tx,0,8,0F,80,00,00,00,00,00,00,
8006839,1081827E,true,Rx,0,8,27,75,00,00,00,00,00,00,
8006604,108182FE,true,Tx,0,8,00,81,00,00,00,00,00,00,
8008161,108182FE,true,Tx,0,8,01,81,00,00,00,00,00,00,
8009123,1081827E,true,Rx,0,8,28,75,00,00,00,00,00,00,
8009803,108182FE,true,Tx,0,8,02,81,00,00,00,00,00,00,
8011528,1081827E,true,Rx,0,8,29,75,00,00,00,00,00,00,
8011632,108182FE,true,Tx,0,8,03,81,00,00,00,00,00,00,
8012789,108182FE,true,Tx,0,8,04,81,00,00,00,00,00,00,
8013773,1081827E,true,Rx,0,8,2A,75,00,00,00,00,00,00,
8014012,108182FE,true,Tx,0,8,05,81,00,00,00,00,00,00,
8015164,108182FE,true,Tx,0,8,06,81,00,00,00,00,00,00,
8016377,108182FE,true,Tx,0,8,07,81,00,00,00,00,00,00,
8017233,1081827E,true,Rx,0,8,2B,75,00,00,00,00,00,00,
8017234,1081827E,true,Rx,0,8,2C,75,00,00,00,00,00,00,
8017584,108182FE,true,Tx,0,8,08,81,00,00,00,00,00,00,
8019449,108182FE,true,Tx,0,8,09,81,00,00,00,00,00,00,
8020718,1081827E,true,Rx,0,8,2D,75,00,00,00,00,00,00,
8021640,108182FE,true,Tx,0,8,0A,81,00,00,00,00,00,00,
8023057,1081827E,true,Rx,0,8,2E,75,00,00,00,00,00,00,
8023463,108182FE,true,Tx,0,8,0B,81,00,00,00,00,00,00,
8025500,1081827E,true,Rx,0,8,2F,75,00,00,00,00,00,00,
8025114,108182FE,true,Tx,0,8,0C,81,00,00,00,00,00,00,
8026280,108182FE,true,Tx,0,8,0D,81,00,00,00,00,00,00,
8027715,1081827E,true,Rx,0,8,20,76,00,00,00,00,00,00,
8027449,108182FE,true,Tx,0,8,0E,81,00,00,00,00,00,00,
8028607,108182FE,true,Tx,0,8,0F,81,00,00,00,00,00,00,
8030056,1081827E,true,Rx,0,8,01,76,00,00,00,00,02,4A,
8029722,108182FE,true,Tx,0,8,00,82,00,00,00,00,00,00,
8030916,108182FE,true,Tx,0,8,01,82,00,00,00,00,00,00,
8032349,1081827E,true,Rx,0,8,22,76,00,00,00,00,00,00,
8032092,108182FE,true,Tx,0,8,02,82,00,00,00,00,00,00,
8033215,108182FE,true,Tx,0,8,03,82,00,00,00,00,00,00,
8034659,1081827E,true,Rx,0,8,23,76,00,00,00,00,00,00,
8034368,108182FE,true,Tx,0,8,04,82,00,00,00,00,00,00,
8035521,108182FE,true,Tx,0,8,05,82,00,00,00,00,00,00,
8036952,1081827E,true,Rx,0,8,24,76,00,00,00,00,00,00,
8036604,108182FE,true,Tx,0,8,06,82,00,00,00,00,00,00,
8037727,108182FE,true,Tx,0,8,07,82,00,00,00,00,00,00,
8038885,108182FE,true,Tx,0,8,08,82,00,00,00,00,00,00,
8040062,108182FE,true,Tx,0,8,09,82,00,00,00,00,00,00,
8041609,1081827E,true,Rx,0,8,25,76,00,00,00,00,00,00,
8041610,1001117E,true,Rx,0,8,00,01,00,00,00,00,00,00,
8041611,1081827E,true,Rx,0,8,26,76,00,00,00,00,00,00,
8041589,108182FE,true,Tx,0,8,0A,82,00,00,00,00,00,00,
8042926,108182FE,true,Tx,0,8,0B,82,00,00,00,00,00,00,
8044160,108182FE,true,Tx,0,8,0C,82,00,00,00,00,00,00,
8045132,1081827E,true,Rx,0,8,27,76,00,00,00,00,00,00,
8046383,108182FE,true,Tx,0,8,0D,82,00,00,00,00,00,00,
8047495,1081827E,true,Rx,0,8,28,76,00,00,00,00,00,00,
8048639,108182FE,true,Tx,0,8,0E,82,00,00,00,00,00,00,
8049720,1081827E,true,Rx,0,8,29,76,00,00,00,00,00,00,
8050868,108182FE,true,Tx,0,8,0F,82,00,00,00,00,00,00,
8052064,1081827E,true,Rx,0,8,2A,76,00,00,00,00,00,00,
8053098,108182FE,true,Tx,0,8,00,83,00,00,00,00,00,00,
8054360,1081827E,true,Rx,0,8,2B,76,00,00,00,00,00,00,
8054776,108182FE,true,Tx,0,8,01,83,00,00,00,00,00,00,
8055920,108182FE,true,Tx,0,8,02,83,00,00,00,00,00,00,
8056663,1081827E,true,Rx,0,8,2C,76,00,00,00,00,00,00,
8057190,108182FE,true,Tx,0,8,03,83,00,00,00,00,00,00,
8058997,1081827E,true,Rx,0,8,2D,76,00,00,00,00,00,00,
8058792,108182FE,true,Tx,0,8,04,83,00,00,00,00,00,00,
8060003,108182FE,true,Tx,0,8,05,83,00,00,00,00,00,00,
8061352,1081827E,true,Rx,0,8,2E,76,00,00,00,00,00,00,
8061203,108182FE,true,Tx,0,8,06,83,00,00,00,00,00,00,
8062358,108182FE,true,Tx,0,8,07,83,00,00,00,00,00,00,
8063664,1081827E,true,Rx,0,8,2F,76,00,00,00,00,00,00,
8063565,108182FE,true,Tx,0,8,08,83,00,00,00,00,00,00,
8064745,108182FE,true,Tx,0,8,09,83,00,00,00,00,00,00,
8065951,1081827E,true,Rx,0,8,20,77,00,00,00,00,00,00,
8065920,108182FE,true,Tx,0,8,0A,83,00,00,00,00,00,00,
8067063,108182FE,true,Tx,0,8,0B,83,00,00,00,00,00,00,
8068300,1081827E,true,Rx,0,8,01,77,00,00,00,00,04,00,
8068214,108182FE,true,Tx,0,8,0C,83,00,00,00,00,00,00,
8069329,108182FE,true,Tx,0,8,0D,83,00,00,00,00,00,00,
8070607,1081827E,true,Rx,0,8,23,77,00,00,00,00,00,00,
8070550,108182FE,true,Tx,0,8,0E,83,00,00,00,00,00,00,
8071670,108182FE,true,Tx,0,8,0F,83,00,00,00,00,00,00,
8072891,1081827E,true,Rx,0,8,24,77,00,00,00,00,00,00,
8072835,108182FE,true,Tx,0,8,00,84,00,00,00,00,00,00,
8074050,108182FE,true,Tx,0,8,01,84,00,00,00,00,00,00,
8075222,1081827E,true,Rx,0,8,26,77,00,00,00,00,00,00,
8075295,108182FE,true,Tx,0,8,02,84,00,00,00,00,00,00,
8076457,108182FE,true,Tx,0,8,03,84,00,00,00,00,00,00,
8077534,1081827E,true,Rx,0,8,28,77,00,00,00,00,00,00,
8077655,108182FE,true,Tx,0,8,04,84,00,00,00,00,00,00,
8078792,108182FE,true,Tx,0,8,05,84,00,00,00,00,00,00,
8079833,1081827E,true,Rx,0,8,2A,77,00,00,00,00,00,00,
8079994,108182FE,true,Tx,0,8,06,84,00,00,00,00,00,00,
8081137,108182FE,true,Tx,0,8,07,84,00,00,00,00,00,00,
8082182,1081827E,true,Rx,0,8,2C,77,00,00,00,00,00,00,
8082366,108182FE,true,Tx,0,8,08,84,00,00,00,00,00,00,
8083568,108182FE,true,Tx,0,8,09,84,00,00,00,00,00,00,
8084494,1081827E,true,Rx,0,8,2E,77,00,00,00,00,00,00,
8084742,108182FE,true,Tx,0,8,0A,84,00,00,00,00,00,00,
8085863,108182FE,true,Tx,0,8,0B,84,00,00,00,00,00,00,
8086830,1081827E,true,Rx,0,8,20,78,00,00,00,00,00,00,
8087032,108182FE,true,Tx,0,8,0C,84,00,00,00,00,00,00,
8088210,108182FE,true,Tx,0,8,0D,84,00,00,00,00,00,00,
8089180,1081827E,true,Rx,0,8,22,78,00,00,00,00,00,00,
8089408,108182FE,true,Tx,0,8,0E,84,00,00,00,00,00,00,
8090811,108182FE,true,Tx,0,8,0F,84,00,00,00,00,00,00,
8091531,1081827E,true,Rx,0,8,24,78,00,00,00,00,00,00,
8092454,108182FE,true,Tx,0,8,00,85,00,00,00,00,00,00,
8093779,1081827E,true,Rx,0,8,26,78,00,00,00,00,00,00,
8093662,108182FE,true,Tx,0,8,01,85,00,00,00,00,00,00,
8094801,108182FE,true,Tx,0,8,02,85,00,00,00,00,00,00,
8096121,1081827E,true,Rx,0,8,29,78,00,00,00,00,00,00,
8095975,108182FE,true,Tx,0,8,03,85,00,00,00,00,00,00,
8097117,108182FE,true,Tx,0,8,04,85,00,00,00,00,00,00,
8098493,1081827E,true,Rx,0,8,2A,78,00,00,00,00,00,00,
8098249,108182FE,true,Tx,0,8,05,85,00,00,00,00,00,00,
8099360,108182FE,true,Tx,0,8,06,85,00,00,00,00,00,00,
8100778,1081827E,true,Rx,0,8,2C,78,00,00,00,00,00,00,
8100493,108182FE,true,Tx,0,8,07,85,00,00,00,00,00,00,
8101599,108182FE,true,Tx,0,8,08,85,00,00,00,00,00,00,
8103120,1081827E,true,Rx,0,8,2D,78,00,00,00,00,00,00,
8102810,108182FE,true,Tx,0,8,09,85,00,00,00,00,00,00,
8103956,108182FE,true,Tx,0,8,0A,85,00,00,00,00,00,00,
8105492,1081827E,true,Rx,0,8,2F,78,00,00,00,00,00,00,
8105096,108182FE,true,Tx,0,8,0B,85,00,00,00,00,00,00,
8106218,108182FE,true,Tx,0,8,0C,85,00,00,00,00,00,00,
8107777,1081827E,true,Rx,0,8,21,79,00,00,00,00,00,00,
8107506,108182FE,true,Tx,0,8,0D,85,00,00,00,00,00,00,
8109005,108182FE,true,Tx,0,8,0E,85,00,00,00,00,00,00,
8110057,1081827E,true,Rx,0,8,23,79,00,00,00,00,00,00,
8110210,108182FE,true,Tx,0,8,0F,85,00,00,00,00,00,00,
8111352,108182FE,true,Tx,0,8,00,86,00,00,00,00,00,00,
8112491,1081827E,true,Rx,0,8,25,79,00,00,00,00,00,00,
8112505,108182FE,true,Tx,0,8,01,86,00,00,00,00,00,00,
8113644,108182FE,true,Tx,0,8,02,86,00,00,00,00,00,00,
8114667,1081827E,true,Rx,0,8,27,79,00,00,00,00,00,00,
8114777,108182FE,true,Tx,0,8,03,86,00,00,00,00,00,00,
8115933,108182FE,true,Tx,0,8,04,86,00,00,00,00,00,00,
8117002,1081827E,true,Rx,0,8,29,79,00,00,00,00,00,00,
8117066,108182FE,true,Tx,0,8,05,86,00,00,00,00,00,00,
8118171,108182FE,true,Tx,0,8,06,86,00,00,00,00,00,00,
8119300,1081827E,true,Rx,0,8,2A,79,00,00,00,00,00,00,
8119292,108182FE,true,Tx,0,8,07,86,00,00,00,00,00,00,
8120404,108182FE,true,Tx,0,8,08,86,00,00,00,00,00,00,
8121607,1081827E,true,Rx,0,8,2C,79,00,00,00,00,00,00,
8121527,108182FE,true,Tx,0,8,09,86,00,00,00,00,00,00,
8122675,108182FE,true,Tx,0,8,0A,86,00,00,00,00,00,00,
8123950,1081827E,true,Rx,0,8,2E,79,00,00,00,00,00,00,
8123945,108182FE,true,Tx,0,8,0B,86,00,00,00,00,00,00,
8125609,108182FE,true,Tx,0,8,0C,86,00,00,00,00,00,00,
8126278,1081827E,true,Rx,0,8,20,7A,00,00,00,00,00,00,
8127869,108182FE,true,Tx,0,8,0D,86,00,00,00,00,00,00,
8128607,1081827E,true,Rx,0,8,22,7A,00,00,00,00,00,00,
8129585,108182FE,true,Tx,0,8,0E,86,00,00,00,00,00,00,
8130947,1081827E,true,Rx,0,8,24,7A,00,00,00,00,00,00,
8130847,108182FE,true,Tx,0,8,0F,86,00,00,00,00,00,00,
8132100,108182FE,true,Tx,0,8,00,87,00,00,00,00,00,00,
8133230,1081827E,true,Rx,0,8,26,7A,00,00,00,00,00,00,
8133439,108182FE,true,Tx,0,8,01,87,00,00,00,00,00,00,
8134722,108182FE,true,Tx,0,8,02,87,00,00,00,00,00,00,
8135536,1081827E,true,Rx,0,8,28,7A,00,00,00,00,00,00,
8136025,108182FE,true,Tx,0,8,03,87,00,00,00,00,00,00,
8137266,108182FE,true,Tx,0,8,04,87,00,00,00,00,00,00,
8137894,1081827E,true,Rx,0,8,29,7A,00,00,00,00,00,00,
8138552,108182FE,true,Tx,0,8,05,87,00,00,00,00,00,00,
8140175,1081827E,true,Rx,0,8,2A,7A,00,00,00,00,00,00,
8139865,108182FE,true,Tx,0,8,06,87,00,00,00,00,00,00,
8141367,108182FE,true,Tx,0,8,07,87,00,00,00,00,00,00,
8142531,1081827E,true,Rx,0,8,2B,7A,00,00,00,00,00,00,
8142954,108182FE,true,Tx,0,8,08,87,00,00,00,00,00,00,
8144841,1081827E,true,Rx,0,8,2D,7A,00,00,00,00,00,00,
8144319,108182FE,true,Tx,0,8,09,87,00,00,00,00,00,00,
8145662,108182FE,true,Tx,0,8,0A,87,00,00,00,00,00,00,
8147180,1081827E,true,Rx,0,8,2F,7A,00,00,00,00,00,00,
8147125,108182FE,true,Tx,0,8,0B,87,00,00,00,00,00,00,
8148353,108182FE,true,Tx,0,8,0C,87,00,00,00,00,00,00,
8149497,1081827E,true,Rx,0,8,21,7B,00,00,00,00,00,00,
8149559,108182FE,true,Tx,0,8,0D,87,00,00,00,00,00,00,
8150762,108182FE,true,Tx,0,8,0E,87,00,00,00,00,00,00,
8151831,1081827E,true,Rx,0,8,23,7B,00,00,00,00,00,00,
8152056,108182FE,true,Tx,0,8,0F,87,00,00,00,00,00,00,
8153300,108182FE,true,Tx,0,8,00,88,00,00,00,00,00,00,
8154117,1081827E,true,Rx,0,8,25,7B,00,00,00,00,00,00,
8154528,108182FE,true,Tx,0,8,01,88,00,00,00,00,00,00,
8155639,108182FE,true,Tx,0,8,02,88,00,00,00,00,00,00,
8156491,1081827E,true,Rx,0,8,28,7B,00,00,00,00,00,00,
8156797,108182FE,true,Tx,0,8,03,88,00,00,00,00,00,00,
8158719,1081827E,true,Rx,0,8,29,7B,00,00,00,00,00,00,
8158210,108182FE,true,Tx,0,8,04,88,00,00,00,00,00,00,
8159602,108182FE,true,Tx,0,8,05,88,00,00,00,00,00,00,
8161068,1081827E,true,Rx,0,8,2A,7B,00,00,00,00,00,00,
8160828,108182FE,true,Tx,0,8,06,88,00,00,00,00,00,00,
8161975,108182FE,true,Tx,0,8,07,88,00,00,00,00,00,00,
8163493,1081827E,true,Rx,0,8,2C,7B,00,00,00,00,00,00,
8163132,108182FE,true,Tx,0,8,08,88,00,00,00,00,00,00,
8164271,108182FE,true,Tx,0,8,09,88,00,00,00,00,00,00,
8165723,1081827E,true,Rx,0,8,2E,7B,00,00,00,00,00,00,
8165405,108182FE,true,Tx,0,8,0A,88,00,00,00,00,00,00,
8166526,108182FE,true,Tx,0,8,0B,88,00,00,00,00,00,00,
8168070,1081827E,true,Rx,0,8,20,7C,00,00,00,00,00,00,
8167641,108182FE,true,Tx,0,8,0C,88,00,00,00,00,00,00,
8168740,108182FE,true,Tx,0,8,0D,88,00,00,00,00,00,00,
8169843,108182FE,true,Tx,0,8,0E,88,00,00,00,00,00,00,
8170488,1081827E,true,Rx,0,8,22,7C,00,00,00,00,00,00,
8170949,108182FE,true,Tx,0,8,0F,88,00,00,00,00,00,00,
8172076,108182FE,true,Tx,0,8,00,89,00,00,00,00,00,00,
8172775,1081827E,true,Rx,0,8,24,7C,00,00,00,00,00,00,
8173223,108182FE,true,Tx,0,8,01,89,00,00,00,00,00,00,
8174375,108182FE,true,Tx,0,8,02,89,00,00,00,00,00,00,
8175125,1081827E,true,Rx,0,8,26,7C,00,00,00,00,00,00,
8175813,108182FE,true,Tx,0,8,03,89,00,00,00,00,00,00,
8177397,1081827E,true,Rx,0,8,28,7C,00,00,00,00,00,00,
8177149,108182FE,true,Tx,0,8,04,89,00,00,00,00,00,00,
8178393,108182FE,true,Tx,0,8,05,89,00,00,00,00,00,00,
8179774,1081827E,true,Rx,0,8,2A,7C,00,00,00,00,00,00,
8179532,108182FE,true,Tx,0,8,06,89,00,00,00,00,00,00,
8180693,108182FE,true,Tx,0,8,07,89,00,00,00,00,00,00,
8182123,1081827E,true,Rx,0,8,2C,7C,00,00,00,00,00,00,
8181794,108182FE,true,Tx,0,8,08,89,00,00,00,00,00,00,
8182917,108182FE,true,Tx,0,8,09,89,00,00,00,00,00,00,
8184494,1081827E,true,Rx,0,8,2E,7C,00,00,00,00,00,00,
8184006,108182FE,true,Tx,0,8,0A,89,00,00,00,00,00,00,
8185141,108182FE,true,Tx,0,8,0B,89,00,00,00,00,00,00,
8186781,1081827E,true,Rx,0,8,2F,7C,00,00,00,00,00,00,
8186270,108182FE,true,Tx,0,8,0C,89,00,00,00,00,00,00,
8187399,108182FE,true,Tx,0,8,0D,89,00,00,00,00,00,00,
8188495,108182FE,true,Tx,0,8,0E,89,00,00,00,00,00,00,
8189123,1081827E,true,Rx,0,8,21,7D,00,00,00,00,00,00,
8189663,108182FE,true,Tx,0,8,0F,89,00,00,00,00,00,00,
8190823,108182FE,true,Tx,0,8,00,8A,00,00,00,00,00,00,
8191537,1081827E,true,Rx,0,8,23,7D,00,00,00,00,00,00,
8191990,108182FE,true,Tx,0,8,01,8A,00,00,00,00,00,00,
8193776,1081827E,true,Rx,0,8,25,7D,00,00,00,00,00,00,
8194432,108182FE,true,Tx,0,8,02,8A,00,00,00,00,00,00,
8196065,1081827E,true,Rx,0,8,27,7D,00,00,00,00,00,00,
8196317,108182FE,true,Tx,0,8,03,8A,00,00,00,00,00,00,
8197470,108182FE,true,Tx,0,8,04,8A,00,00,00,00,00,00,
8198494,1081827E,true,Rx,0,8,29,7D,00,00,00,00,00,00,
8198704,108182FE,true,Tx,0,8,05,8A,00,00,00,00,00,00,
8200722,1081827E,true,Rx,0,8,2A,7D,00,00,00,00,00,00,
8200472,108182FE,true,Tx,0,8,06,8A,00,00,00,00,00,00,
8201766,108182FE,true,Tx,0,8,07,8A,00,00,00,00,00,00,
8203125,1081827E,true,Rx,0,8,2C,7D,00,00,00,00,00,00,
8202935,108182FE,true,Tx,0,8,08,8A,00,00,00,00,00,00,
8204242,108182FE,true,Tx,0,8,09,8A,00,00,00,00,00,00,
8205493,1081827E,true,Rx,0,8,2E,7D,00,00,00,00,00,00,
8205554,108182FE,true,Tx,0,8,0A,8A,00,00,00,00,00,00,
8206856,108182FE,true,Tx,0,8,0B,8A,00,00,00,00,00,00,
8207777,1081827E,true,Rx,0,8,20,7E,00,00,00,00,00,00,
8208105,108182FE,true,Tx,0,8,0C,8A,00,00,00,00,00,00,
8210065,1081827E,true,Rx,0,8,23,7E,00,00,00,00,00,00,
8209887,108182FE,true,Tx,0,8,0D,8A,00,00,00,00,00,00,
8211312,108182FE,true,Tx,0,8,0E,8A,00,00,00,00,00,00,
8212493,1081827E,true,Rx,0,8,25,7E,00,00,00,00,00,00,
8212495,108182FE,true,Tx,0,8,0F,8A,00,00,00,00,00,00,
8213649,108182FE,true,Tx,0,8,00,8B,00,00,00,00,00,00,
8214776,1081827E,true,Rx,0,8,27,7E,00,00,00,00,00,00,
8214785,108182FE,true,Tx,0,8,01,8B,00,00,00,00,00,00,
8215911,108182FE,true,Tx,0,8,02,8B,00,00,00,00,00,00,
8217115,1081827E,true,Rx,0,8,29,7E,00,00,00,00,00,00,
8217068,108182FE,true,Tx,0,8,03,8B,00,00,00,00,00,00,
8218151,108182FE,true,Tx,0,8,04,8B,00,00,00,00,00,00,
8219493,1081827E,true,Rx,0,8,2B,7E,00,00,00,00,00,00,
8221778,1081827E,true,Rx,0,8,2D,7E,00,00,00,00,00,00,
8224121,1081827E,true,Rx,0,8,2F,7E,00,00,00,00,00,00,
8226482,1081827E,true,Rx,0,8,22,7F,00,00,00,00,00,00,
8228778,1081827E,true,Rx,0,8,23,7F,00,00,00,00,00,00,
8231061,1081827E,true,Rx,0,8,25,7F,00,00,00,00,00,00,
8230993,108182FE,true,Tx,0,8,05,8B,00,00,00,00,00,00,
8233496,1081827E,true,Rx,0,8,27,7F,00,00,00,00,00,00,
8235719,1081827E,true,Rx,0,8,29,7F,00,00,00,00,00,00,
8238073,1081827E,true,Rx,0,8,2B,7F,00,00,00,00,00,00,
8240404,1081827E,true,Rx,0,8,2D,7F,00,00,00,00,00,00,
8242778,1081827E,true,Rx,0,8,2F,7F,00,00,00,00,00,00,
8245128,1081827E,true,Rx,0,8,01,80,00,00,00,00,54,00,
8246065,108182FE,true,Tx,0,8,06,8B,00,00,00,00,00,00,
8247536,1081827E,true,Rx,0,8,23,80,00,00,00,00,00,00,
8247440,108182FE,true,Tx,0,8,07,8B,00,00,00,00,00,00,
8248660,108182FE,true,Tx,0,8,08,8B,00,00,00,00,00,00,
8249774,1081827E,true,Rx,0,8,24,80,00,00,00,00,00,00,
8249831,108182FE,true,Tx,0,8,09,8B,00,00,00,00,00,00,
8250968,108182FE,true,Tx,0,8,0A,8B,00,00,00,00,00,00,
8252121,1081827E,true,Rx,0,8,26,80,00,00,00,00,00,00,
8252117,108182FE,true,Tx,0,8,0B,8B,00,00,00,00,00,00,
8253308,108182FE,true,Tx,0,8,0C,8B,00,00,00,00,00,00,
8254498,1081827E,true,Rx,0,8,28,80,00,00,00,00,00,00,
8254410,108182FE,true,Tx,0,8,0D,8B,00,00,00,00,00,00,
8255568,108182FE,true,Tx,0,8,0E,8B,00,00,00,00,00,00,
8256841,1081827E,true,Rx,0,8,2A,80,00,00,00,00,00,00,
8256744,108182FE,true,Tx,0,8,0F,8B,00,00,00,00,00,00,
8257867,108182FE,true,Tx,0,8,00,8C,00,00,00,00,00,00,
8259174,1081827E,true,Rx,0,8,2B,80,00,00,00,00,00,00,
8259375,108182FE,true,Tx,0,8,01,8C,00,00,00,00,00,00,
8261535,1081827E,true,Rx,0,8,2C,80,00,00,00,00,00,00,
8262732,108182FE,true,Tx,0,8,02,8C,00,00,00,00,00,00,
8263841,1081827E,true,Rx,0,8,2D,80,00,00,00,00,00,00,
8265381,108182FE,true,Tx,0,8,03,8C,00,00,00,00,00,00,
8266219,1081827E,true,Rx,0,8,2E,80,00,00,00,00,00,00,
8266596,108182FE,true,Tx,0,8,04,8C,00,00,00,00,00,00,
8267764,108182FE,true,Tx,0,8,05,8C,00,00,00,00,00,00,
8268536,1081827E,true,Rx,0,8,2F,80,00,00,00,00,00,00,
8268993,108182FE,true,Tx,0,8,06,8C,00,00,00,00,00,00,
8270170,108182FE,true,Tx,0,8,07,8C,00,00,00,00,00,00,
8270901,1081827E,true,Rx,0,8,20,81,00,00,00,00,00,00,
8271312,108182FE,true,Tx,0,8,08,8C,00,00,00,00,00,00,
8272498,108182FE,true,Tx,0,8,09,8C,00,00,00,00,00,00,
8273243,1081827E,true,Rx,0,8,01,81,00,00,00,00,00,00,
8273690,108182FE,true,Tx,0,8,0A,8C,00,00,00,00,00,00,
8275556,1081827E,true,Rx,0,8,22,81,00,00,00,00,00,00,
8275344,108182FE,true,Tx,0,8,0B,8C,00,00,00,00,00,00,
8276556,108182FE,true,Tx,0,8,0C,8C,00,00,00,00,00,00,
8277890,1081827E,true,Rx,0,8,23,81,00,00,00,00,00,00,
8277709,108182FE,true,Tx,0,8,0D,8C,00,00,00,00,00,00,
8278854,108182FE,true,Tx,0,8,0E,8C,00,00,00,00,00,00,
8280226,1081827E,true,Rx,0,8,24,81,00,00,00,00,00,00,
8279993,108182FE,true,Tx,0,8,0F,8C,00,00,00,00,00,00,
8281217,108182FE,true,Tx,0,8,00,8D,00,00,00,00,00,00,
8282538,1081827E,true,Rx,0,8,25,81,00,00,00,00,00,00,
8282594,108182FE,true,Tx,0,8,01,8D,00,00,00,00,00,00,
8283823,108182FE,true,Tx,0,8,02,8D,00,00,00,00,00,00,
8284888,1081827E,true,Rx,0,8,26,81,00,00,00,00,00,00,
8284983,108182FE,true,Tx,0,8,03,8D,00,00,00,00,00,00,
8286174,108182FE,true,Tx,0,8,04,8D,00,00,00,00,00,00,
8287245,1081827E,true,Rx,0,8,27,81,00,00,00,00,00,00,
8287332,108182FE,true,Tx,0,8,05,8D,00,00,00,00,00,00,
8288498,108182FE,true,Tx,0,8,06,8D,00,00,00,00,00,00,
8289547,1081827E,true,Rx,0,8,28,81,00,00,00,00,00,00,
8289681,108182FE,true,Tx,0,8,07,8D,00,00,00,00,00,00,
8290821,108182FE,true,Tx,0,8,08,8D,00,00,00,00,00,00,
8291885,1081827E,true,Rx,0,8,29,81,00,00,00,00,00,00,
8291972,108182FE,true,Tx,0,8,09,8D,00,00,00,00,00,00,
8293457,108182FE,true,Tx,0,8,0A,8D,00,00,00,00,00,00,
8294178,1081827E,true,Rx,0,8,2A,81,00,00,00,00,00,00,
8294803,108182FE,true,Tx,0,8,0B,8D,00,00,00,00,00,00,
8296535,1081827E,true,Rx,0,8,2B,81,00,00,00,00,00,00,
8295987,108182FE,true,Tx,0,8,0C,8D,00,00,00,00,00,00,
8297119,108182FE,true,Tx,0,8,0D,8D,00,00,00,00,00,00,
8298254,108182FE,true,Tx,0,8,0E,8D,00,00,00,00,00,00,
8298895,1081827E,true,Rx,0,8,2C,81,00,00,00,00,00,00,
8299377,108182FE,true,Tx,0,8,0F,8D,00,00,00,00,00,00,
8300505,108182FE,true,Tx,0,8,00,8E,00,00,00,00,00,00,
8301240,1081827E,true,Rx,0,8,2D,81,00,00,00,00,00,00,
8301711,108182FE,true,Tx,0,8,01,8E,00,00,00,00,00,00,
8302819,108182FE,true,Tx,0,8,02,8E,00,00,00,00,00,00,
8303537,1081827E,true,Rx,0,8,2E,81,00,00,00,00,00,00,
8303942,108182FE,true,Tx,0,8,03,8E,00,00,00,00,00,00,
8305054,108182FE,true,Tx,0,8,04,8E,00,00,00,00,00,00,
8305896,1081827E,true,Rx,0,8,2F,81,00,00,00,00,00,00,
8306196,108182FE,true,Tx,0,8,05,8E,00,00,00,00,00,00,
8307331,108182FE,true,Tx,0,8,06,8E,00,00,00,00,00,00,
8308243,1081827E,true,Rx,0,8,20,82,00,00,00,00,00,00,
8308474,108182FE,true,Tx,0,8,07,8E,00,00,00,00,00,00,
8309958,108182FE,true,Tx,0,8,08,8E,00,00,00,00,00,00,
8310595,1081827E,true,Rx,0,8,01,82,00,00,00,00,00,00,
8311285,108182FE,true,Tx,0,8,09,8E,00,00,00,00,00,00,
8312948,1081827E,true,Rx,0,8,22,82,00,00,00,00,00,00,
8312484,108182FE,true,Tx,0,8,0A,8E,00,00,00,00,00,00,
8313643,108182FE,true,Tx,0,8,0B,8E,00,00,00,00,00,00,
8315288,1081827E,true,Rx,0,8,23,82,00,00,00,00,00,00,
8314782,108182FE,true,Tx,0,8,0C,8E,00,00,00,00,00,00,
8315901,108182FE,true,Tx,0,8,0D,8E,00,00,00,00,00,00,
8317028,108182FE,true,Tx,0,8,0E,8E,00,00,00,00,00,00,
8317604,1081827E,true,Rx,0,8,24,82,00,00,00,00,00,00,
8318227,108182FE,true,Tx,0,8,0F,8E,00,00,00,00,00,00,
8319382,108182FE,true,Tx,0,8,00,8F,00,00,00,00,00,00,
8319960,1081827E,true,Rx,0,8,25,82,00,00,00,00,00,00,
8320554,108182FE,true,Tx,0,8,01,8F,00,00,00,00,00,00,
8321731,108182FE,true,Tx,0,8,02,8F,00,00,00,00,00,00,
8322304,1081827E,true,Rx,0,8,26,82,00,00,00,00,00,00,
8322927,108182FE,true,Tx,0,8,03,8F,00,00,00,00,00,00,
8324610,1081827E,true,Rx,0,8,27,82,00,00,00,00,00,00,
8324322,108182FE,true,Tx,0,8,04,8F,00,00,00,00,00,00,
8326318,108182FE,true,Tx,0,8,05,8F,00,00,00,00,00,00,
8326970,1081827E,true,Rx,0,8,2A,82,00,00,00,00,00,00,
8328443,108182FE,true,Tx,0,8,06,8F,00,00,00,00,00,00,
8329747,108182FE,true,Tx,0,8,07,8F,00,00,00,00,00,00,
8330504,1081827E,true,Rx,0,8,2B,82,00,00,00,00,00,00,
8330505,1081827E,true,Rx,0,8,2D,82,00,00,00,00,00,00,
8331029,108182FE,true,Tx,0,8,08,8F,00,00,00,00,00,00,
8332194,108182FE,true,Tx,0,8,09,8F,00,00,00,00,00,00,
8333337,108182FE,true,Tx,0,8,0A,8F,00,00,00,00,00,00,
8334008,1081827E,true,Rx,0,8,2E,82,00,00,00,00,00,00,
8334503,108182FE,true,Tx,0,8,0B,8F,00,00,00,00,00,00,
8335660,108182FE,true,Tx,0,8,0C,8F,00,00,00,00,00,00,
8336356,1081827E,true,Rx,0,8,2F,82,00,00,00,00,00,00,
8336825,108182FE,true,Tx,0,8,0D,8F,00,00,00,00,00,00,
8337949,108182FE,true,Tx,0,8,0E,8F,00,00,00,00,00,00,
8338664,1081827E,true,Rx,0,8,20,83,00,00,00,00,00,00,
8339137,108182FE,true,Tx,0,8,0F,8F,00,00,00,00,00,00,
8340263,108182FE,true,Tx,0,8,00,90,00,00,00,00,00,00,
8341052,1081827E,true,Rx,0,8,01,83,00,00,00,00,00,00,
8341449,108182FE,true,Tx,0,8,01,90,00,00,00,00,00,00,
8342716,108182FE,true,Tx,0,8,02,90,00,00,00,00,00,00,
8343355,1081827E,true,Rx,0,8,23,83,00,00,00,00,00,00,
8343904,108182FE,true,Tx,0,8,03,90,00,00,00,00,00,00,
8345091,108182FE,true,Tx,0,8,04,90,00,00,00,00,00,00,
8346270,108182FE,true,Tx,0,8,05,90,00,00,00,00,00,00,
8346844,1081827E,true,Rx,0,8,24,83,00,00,00,00,00,00,
8346845,1081827E,true,Rx,0,8,26,83,00,00,00,00,00,00,
8347425,108182FE,true,Tx,0,8,06,90,00,00,00,00,00,00,
8348549,108182FE,true,Tx,0,8,07,90,00,00,00,00,00,00,
8349711,108182FE,true,Tx,0,8,08,90,00,00,00,00,00,00,
8350295,1081827E,true,Rx,0,8,28,83,00,00,00,00,00,00,
8350832,108182FE,true,Tx,0,8,09,90,00,00,00,00,00,00,
8352040,108182FE,true,Tx,0,8,0A,90,00,00,00,00,00,00,
8352661,1081827E,true,Rx,0,8,2A,83,00,00,00,00,00,00,
8353609,108182FE,true,Tx,0,8,0B,90,00,00,00,00,00,00,
8355014,1081827E,true,Rx,0,8,2C,83,00,00,00,00,00,00,
8355163,108182FE,true,Tx,0,8,0C,90,00,00,00,00,00,00,
8356364,108182FE,true,Tx,0,8,0D,90,00,00,00,00,00,00,
8357299,1081827E,true,Rx,0,8,2E,83,00,00,00,00,00,00,
8357615,108182FE,true,Tx,0,8,0E,90,00,00,00,00,00,00,
8359664,1081827E,true,Rx,0,8,20,84,00,00,00,00,00,00,
8359412,108182FE,true,Tx,0,8,0F,90,00,00,00,00,00,00,
8361010,108182FE,true,Tx,0,8,00,91,00,00,00,00,00,00,
8362002,1081827E,true,Rx,0,8,22,84,00,00,00,00,00,00,
8362352,108182FE,true,Tx,0,8,01,91,00,00,00,00,00,00,
8363586,108182FE,true,Tx,0,8,02,91,00,00,00,00,00,00,
8364297,1081827E,true,Rx,0,8,24,84,00,00,00,00,00,00,
8364876,108182FE,true,Tx,0,8,03,91,00,00,00,00,00,00,
8366664,1081827E,true,Rx,0,8,26,84,00,00,00,00,00,00,
8366199,108182FE,true,Tx,0,8,04,91,00,00,00,00,00,00,
8367491,108182FE,true,Tx,0,8,05,91,00,00,00,00,00,00,
8368950,1081827E,true,Rx,0,8,28,84,00,00,00,00,00,00,
8368857,108182FE,true,Tx,0,8,06,91,00,00,00,00,00,00,
8370124,108182FE,true,Tx,0,8,07,91,00,00,00,00,00,00,
8371291,1081827E,true,Rx,0,8,2A,84,00,00,00,00,00,00,
8371465,108182FE,true,Tx,0,8,08,91,00,00,00,00,00,00,
8372792,108182FE,true,Tx,0,8,09,91,00,00,00,00,00,00,
8373600,1081827E,true,Rx,0,8,2C,84,00,00,00,00,00,00,
8374053,108182FE,true,Tx,0,8,0A,91,00,00,00,00,00,00,
8375252,108182FE,true,Tx,0,8,0B,91,00,00,00,00,00,00,
8375950,1081827E,true,Rx,0,8,2E,84,00,00,00,00,00,00,
8376787,108182FE,true,Tx,0,8,0C,91,00,00,00,00,00,00,
8378283,1081827E,true,Rx,0,8,20,85,00,00,00,00,00,00,
8378229,108182FE,true,Tx,0,8,0D,91,00,00,00,00,00,00,
8379404,108182FE,true,Tx,0,8,0E,91,00,00,00,00,00,00,
8380538,1081827E,true,Rx,0,8,01,85,00,00,00,00,CD,31,
8380557,108182FE,true,Tx,0,8,0F,91,00,00,00,00,00,00,
8381668,108182FE,true,Tx,0,8,00,92,00,00,00,00,00,00,
8382892,1081827E,true,Rx,0,8,23,85,00,00,00,00,00,00,
8383016,108182FE,true,Tx,0,8,01,92,00,00,00,00,00,00,
8384138,108182FE,true,Tx,0,8,02,92,00,00,00,00,00,00,
8385180,1081827E,true,Rx,0,8,25,85,00,00,00,00,00,00,
8385252,108182FE,true,Tx,0,8,03,92,00,00,00,00,00,00,
8386546,108182FE,true,Tx,0,8,04,92,00,00,00,00,00,00,
8387497,1081827E,true,Rx,0,8,27,85,00,00,00,00,00,00,
8387829,108182FE,true,Tx,0,8,05,92,00,00,00,00,00,00,
8388990,108182FE,true,Tx,0,8,06,92,00,00,00,00,00,00,
8389824,1081827E,true,Rx,0,8,29,85,00,00,00,00,00,00,
8390245,108182FE,true,Tx,0,8,07,92,00,00,00,00,00,00,
8391340,108182FE,true,Tx,0,8,08,92,00,00,00,00,00,00,
8392129,1081827E,true,Rx,0,8,2B,85,00,00,00,00,00,00,
8392796,108182FE,true,Tx,0,8,09,92,00,00,00,00,00,00,
8394535,1081827E,true,Rx,0,8,2D,85,00,00,00,00,00,00,
8394236,108182FE,true,Tx,0,8,0A,92,00,00,00,00,00,00,
8395433,108182FE,true,Tx,0,8,0B,92,00,00,00,00,00,00,
8396776,1081827E,true,Rx,0,8,2F,85,00,00,00,00,00,00,
8396649,108182FE,true,Tx,0,8,0C,92,00,00,00,00,00,00,
8397800,108182FE,true,Tx,0,8,0D,92,00,00,00,00,00,00,
8399115,1081827E,true,Rx,0,8,01,86,00,06,00,00,00,00,
8399004,108182FE,true,Tx,0,8,0E,92,00,00,00,00,00,00,
8400137,108182FE,true,Tx,0,8,0F,92,00,00,00,00,00,00,
8401496,1081827E,true,Rx,0,8,23,86,00,00,00,00,00,00,
8401284,108182FE,true,Tx,0,8,00,93,00,00,00,00,00,00,
8402425,108182FE,true,Tx,0,8,01,93,00,00,00,00,00,00,
8403721,1081827E,true,Rx,0,8,25,86,00,00,00,00,00,00,
8403566,108182FE,true,Tx,0,8,02,93,00,00,00,00,00,00,
8404703,108182FE,true,Tx,0,8,03,93,00,00,00,00,00,00,
8406077,1081827E,true,Rx,0,8,27,86,00,00,00,00,00,00,
8406057,108182FE,true,Tx,0,8,04,93,00,00,00,00,00,00,
8407319,108182FE,true,Tx,0,8,05,93,00,00,00,00,00,00,
8408592,108182FE,true,Tx,0,8,06,93,00,00,00,00,00,00,
8409540,1081827E,true,Rx,0,8,29,86,00,00,00,00,00,00,
8409541,1081827E,true,Rx,0,8,2B,86,00,00,00,00,00,00,
8410453,108182FE,true,Tx,0,8,07,93,00,00,00,00,00,00,
8411633,108182FE,true,Tx,0,8,08,93,00,00,00,00,00,00,
8413009,1081827E,true,Rx,0,8,2D,86,00,00,00,00,00,00,
8412771,108182FE,true,Tx,0,8,09,93,00,00,00,00,00,00,
8413901,108182FE,true,Tx,0,8,0A,93,00,00,00,00,00,00,
8415359,1081827E,true,Rx,0,8,2E,86,00,00,00,00,00,00,
8415262,108182FE,true,Tx,0,8,0B,93,00,00,00,00,00,00,
8416408,108182FE,true,Tx,0,8,0C,93,00,00,00,00,00,00,
8417582,108182FE,true,Tx,0,8,0D,93,00,00,00,00,00,00,
8418835,1081827E,true,Rx,0,8,2F,86,00,00,00,00,00,00,
8418836,1081827E,true,Rx,0,8,21,87,00,00,00,00,00,00,
8418773,108182FE,true,Tx,0,8,0E,93,00,00,00,00,00,00,
8419925,108182FE,true,Tx,0,8,0F,93,00,00,00,00,00,00,
8421071,108182FE,true,Tx,0,8,00,94,00,00,00,00,00,00,
8422362,1081827E,true,Rx,0,8,23,87,00,00,00,00,00,00,
8422597,108182FE,true,Tx,0,8,01,94,00,00,00,00,00,00,
8423849,108182FE,true,Tx,0,8,02,94,00,00,00,00,00,00,
8424667,1081827E,true,Rx,0,8,24,87,00,00,00,00,00,00,
8425065,108182FE,true,Tx,0,8,03,94,00,00,00,00,00,00,
8426957,1081827E,true,Rx,0,8,26,87,00,00,00,00,00,00,
8426572,108182FE,true,Tx,0,8,04,94,00,00,00,00,00,00,
8427775,108182FE,true,Tx,0,8,05,94,00,00,00,00,00,00,
8429295,1081827E,true,Rx,0,8,28,87,00,00,00,00,00,00,
8428958,108182FE,true,Tx,0,8,06,94,00,00,00,00,00,00,
8430096,108182FE,true,Tx,0,8,07,94,00,00,00,00,00,00,
8431292,108182FE,true,Tx,0,8,08,94,00,00,00,00,00,00,
8432452,108182FE,true,Tx,0,8,09,94,00,00,00,00,00,00,
8433898,1081827E,true,Rx,0,8,29,87,00,00,00,00,00,00,
8433899,1001117E,true,Rx,0,8,00,01,00,00,00,00,00,00,
8433900,1081827E,true,Rx,0,8,2B,87,00,00,00,00,00,00,
8433607,108182FE,true,Tx,0,8,0A,94,00,00,00,00,00,00,
8434717,108182FE,true,Tx,0,8,0B,94,00,00,00,00,00,00,
8435849,108182FE,true,Tx,0,8,0C,94,00,00,00,00,00,00,
8437496,1081827E,true,Rx,0,8,2D,87,00,00,00,00,00,00,
8437025,108182FE,true,Tx,0,8,0D,94,00,00,00,00,00,00,
8438242,108182FE,true,Tx,0,8,0E,94,00,00,00,00,00,00,
8439718,1081827E,true,Rx,0,8,2F,87,00,00,00,00,00,00,
8439573,108182FE,true,Tx,0,8,0F,94,00,00,00,00,00,00,
8440784,108182FE,true,Tx,0,8,00,95,00,00,00,00,00,00,
8442076,1081827E,true,Rx,0,8,21,88,00,00,00,00,00,00,
8442110,108182FE,true,Tx,0,8,01,95,00,00,00,00,00,00,
8443529,108182FE,true,Tx,0,8,02,95,00,00,00,00,00,00,
8444496,1081827E,true,Rx,0,8,23,88,00,00,00,00,00,00,
8444763,108182FE,true,Tx,0,8,03,95,00,00,00,00,00,00,
8445902,108182FE,true,Tx,0,8,04,95,00,00,00,00,00,00,
8446719,1081827E,true,Rx,0,8,24,88,00,00,00,00,00,00,
8447106,108182FE,true,Tx,0,8,05,95,00,00,00,00,00,00,
8448245,108182FE,true,Tx,0,8,06,95,00,00,00,00,00,00,
8449076,1081827E,true,Rx,0,8,26,88,00,00,00,00,00,00,
8449406,108182FE,true,Tx,0,8,07,95,00,00,00,00,00,00,
8450519,108182FE,true,Tx,0,8,08,95,00,00,00,00,00,00,
8451497,1081827E,true,Rx,0,8,28,88,00,00,00,00,00,00,
8451731,108182FE,true,Tx,0,8,09,95,00,00,00,00,00,00,
8452930,108182FE,true,Tx,0,8,0A,95,00,00,00,00,00,00,
8453725,1081827E,true,Rx,0,8,2A,88,00,00,00,00,00,00,
8454081,108182FE,true,Tx,0,8,0B,95,00,00,00,00,00,00,
8455183,108182FE,true,Tx,0,8,0C,95,00,00,00,00,00,00,
8456073,1081827E,true,Rx,0,8,2C,88,00,00,00,00,00,00,
8456426,108182FE,true,Tx,0,8,0D,95,00,00,00,00,00,00,
8457592,108182FE,true,Tx,0,8,0E,95,00,00,00,00,00,00,
8458494,1081827E,true,Rx,0,8,2E,88,00,00,00,00,00,00,
8459006,108182FE,true,Tx,0,8,0F,95,00,00,00,00,00,00,
8460721,1081827E,true,Rx,0,8,21,89,00,00,00,00,00,00,
8460436,108182FE,true,Tx,0,8,00,96,00,00,00,00,00,00,
8461681,108182FE,true,Tx,0,8,01,96,00,00,00,00,00,00,
8463019,1081827E,true,Rx,0,8,23,89,00,00,00,00,00,00,
8463777,108182FE,true,Tx,0,8,02,96,00,00,00,00,00,00,
8465307,1081827E,true,Rx,0,8,24,89,00,00,00,00,00,00,
8465955,108182FE,true,Tx,0,8,03,96,00,00,00,00,00,00,
8467668,1081827E,true,Rx,0,8,26,89,00,00,00,00,00,00,
8467345,108182FE,true,Tx,0,8,04,96,00,00,00,00,00,00,
8469950,1081827E,true,Rx,0,8,28,89,00,00,00,00,00,00,
8469599,108182FE,true,Tx,0,8,05,96,00,00,00,00,00,00,
8472301,1081827E,true,Rx,0,8,2A,89,00,00,00,00,00,00,
8474624,1081827E,true,Rx,0,8,2C,89,00,00,00,00,00,00,
8476945,1081827E,true,Rx,0,8,2E,89,00,00,00,00,00,00,
8479298,1081827E,true,Rx,0,8,20,8A,00,00,00,00,00,00,
8481602,1081827E,true,Rx,0,8,22,8A,00,00,00,00,00,00,
8483249,108182FE,true,Tx,0,8,06,96,00,00,00,00,00,00,
8483894,1081827E,true,Rx,0,8,23,8A,00,00,00,00,00,00,
8486242,1081827E,true,Rx,0,8,25,8A,00,00,00,00,00,00,
8488558,1081827E,true,Rx,0,8,26,8A,00,00,00,00,00,00,
8490836,1081827E,true,Rx,0,8,28,8A,00,00,00,00,00,00,
8493183,1081827E,true,Rx,0,8,2A,8A,00,00,00,00,00,00,
8495513,1081827E,true,Rx,0,8,2C,8A,00,00,00,00,00,00,
8497839,1081827E,true,Rx,0,8,2D,8A,00,00,00,00,00,00,
8500122,1081827E,true,Rx,0,8,2F,8A,00,00,00,00,00,00,
8500135,108182FE,true,Tx,0,8,07,96,00,00,00,00,00,00,
8501580,108182FE,true,Tx,0,8,08,96,00,00,00,00,00,00,
8502504,1081827E,true,Rx,0,8,21,8B,00,00,00,00,00,00,
8502809,108182FE,true,Tx,0,8,09,96,00,00,00,00,00,00,
8504173,108182FE,true,Tx,0,8,0A,96,00,00,00,00,00,00,
8504785,1081827E,true,Rx,0,8,23,8B,00,00,00,00,00,00,
8505352,108182FE,true,Tx,0,8,0B,96,00,00,00,00,00,00,
8506552,108182FE,true,Tx,0,8,0C,96,00,00,00,00,00,00,
8507124,1081827E,true,Rx,0,8,25,8B,00,00,00,00,00,00,
8507688,108182FE,true,Tx,0,8,0D,96,00,00,00,00,00,00,
8509500,1081827E,true,Rx,0,8,26,8B,00,00,00,00,00,00,
8509119,108182FE,true,Tx,0,8,0E,96,00,00,00,00,00,00,
8510790,108182FE,true,Tx,0,8,0F,96,00,00,00,00,00,00,
8511750,1081827E,true,Rx,0,8,27,8B,00,00,00,00,00,00,
8512620,108182FE,true,Tx,0,8,00,97,00,00,00,00,00,00,
8514009,1081827E,true,Rx,0,8,28,8B,00,00,00,00,00,00,
8513776,108182FE,true,Tx,0,8,01,97,00,00,00,00,00,00,
8514910,108182FE,true,Tx,0,8,02,97,00,00,00,00,00,00,
8516008,108182FE,true,Tx,0,8,03,97,00,00,00,00,00,00,
8517536,1081827E,true,Rx,0,8,29,8B,00,00,00,00,00,00,
8517536,1081827E,true,Rx,0,8,2A,8B,00,00,00,00,00,00,
8517130,108182FE,true,Tx,0,8,04,97,00,00,00,00,00,00,
8518207,108182FE,true,Tx,0,8,05,97,00,00,00,00,00,00,
8519336,108182FE,true,Tx,0,8,06,97,00,00,00,00,00,00,
8521008,1081827E,true,Rx,0,8,2B,8B,00,00,00,00,00,00,
8520462,108182FE,true,Tx,0,8,07,97,00,00,00,00,00,00,
8521811,108182FE,true,Tx,0,8,08,97,00,00,00,00,00,00,
8523303,1081827E,true,Rx,0,8,2C,8B,00,00,00,00,00,00,
8523040,108182FE,true,Tx,0,8,09,97,00,00,00,00,00,00,
8524192,108182FE,true,Tx,0,8,0A,97,00,00,00,00,00,00,
8525607,1081827E,true,Rx,0,8,2D,8B,00,00,00,00,00,00,
8525299,108182FE,true,Tx,0,8,0B,97,00,00,00,00,00,00,
8526756,108182FE,true,Tx,0,8,0C,97,00,00,00,00,00,00,
8527934,1081827E,true,Rx,0,8,2E,8B,00,00,00,00,00,00,
8528149,108182FE,true,Tx,0,8,0D,97,00,00,00,00,00,00,
8529365,108182FE,true,Tx,0,8,0E,97,00,00,00,00,00,00,
8530299,1081827E,true,Rx,0,8,2F,8B,00,00,00,00,00,00,
8530560,108182FE,true,Tx,0,8,0F,97,00,00,00,00,00,00,
8531730,108182FE,true,Tx,0,8,00,98,00,00,00,00,00,00,
8532608,1081827E,true,Rx,0,8,20,8C,00,00,00,00,00,00,
8533167,108182FE,true,Tx,0,8,01,98,00,00,00,00,00,00,
8534353,108182FE,true,Tx,0,8,02,98,00,00,00,00,00,00,
8534957,1081827E,true,Rx,0,8,21,8C,00,00,00,00,00,00,
8535505,108182FE,true,Tx,0,8,03,98,00,00,00,00,00,00,
8537244,1081827E,true,Rx,0,8,22,8C,00,00,00,00,00,00,
8537033,108182FE,true,Tx,0,8,04,98,00,00,00,00,00,00,
8538447,108182FE,true,Tx,0,8,05,98,00,00,00,00,00,00,
8539608,1081827E,true,Rx,0,8,23,8C,00,00,00,00,00,00,
8539814,108182FE,true,Tx,0,8,06,98,00,00,00,00,00,00,
8541193,108182FE,true,Tx,0,8,07,98,00,00,00,00,00,00,
8541898,1081827E,true,Rx,0,8,24,8C,00,00,00,00,00,00,
8543013,108182FE,true,Tx,0,8,08,98,00,00,00,00,00,00,
8544246,1081827E,true,Rx,0,8,25,8C,00,00,00,00,00,00,
8544265,108182FE,true,Tx,0,8,09,98,00,00,00,00,00,00,
8545389,108182FE,true,Tx,0,8,0A,98,00,00,00,00,00,00,
8546535,1081827E,true,Rx,0,8,26,8C,00,00,00,00,00,00,
8546608,108182FE,true,Tx,0,8,0B,98,00,00,00,00,00,00,
8547721,108182FE,true,Tx,0,8,0C,98,00,00,00,00,00,00,
8548894,1081827E,true,Rx,0,8,27,8C,00,00,00,00,00,00,
8548843,108182FE,true,Tx,0,8,0D,98,00,00,00,00,00,00,
8549947,108182FE,true,Tx,0,8,0E,98,00,00,00,00,00,00,
8551239,1081827E,true,Rx,0,8,28,8C,00,00,00,00,00,00,
8551051,108182FE,true,Tx,0,8,0F,98,00,00,00,00,00,00,
8552178,108182FE,true,Tx,0,8,00,99,00,00,00,00,00,00,
8553541,1081827E,true,Rx,0,8,29,8C,00,00,00,00,00,00,
8553317,108182FE,true,Tx,0,8,01,99,00,00,00,00,00,00,
8554432,108182FE,true,Tx,0,8,02,99,00,00,00,00,00,00,
8555842,1081827E,true,Rx,0,8,2A,8C,00,00,00,00,00,00,
8555573,108182FE,true,Tx,0,8,03,99,00,00,00,00,00,00,
8556741,108182FE,true,Tx,0,8,04,99,00,00,00,00,00,00,
8558184,1081827E,true,Rx,0,8,2B,8C,00,00,00,00,00,00,
8558168,108182FE,true,Tx,0,8,05,99,00,00,00,00,00,00,
8559869,108182FE,true,Tx,0,8,06,99,00,00,00,00,00,00,
8560540,1081827E,true,Rx,0,8,2C,8C,00,00,00,00,00,00,
8561163,108182FE,true,Tx,0,8,07,99,00,00,00,00,00,00,
8562845,1081827E,true,Rx,0,8,2D,8C,00,00,00,00,00,00,
8562397,108182FE,true,Tx,0,8,08,99,00,00,00,00,00,00,
8563643,108182FE,true,Tx,0,8,09,99,00,00,00,00,00,00,
8565178,1081827E,true,Rx,0,8,2E,8C,00,00,00,00,00,00,
8564838,108182FE,true,Tx,0,8,0A,99,00,00,00,00,00,00,
8566039,108182FE,true,Tx,0,8,0B,99,00,00,00,00,00,00,
8567231,108182FE,true,Tx,0,8,0C,99,00,00,00,00,00,00,
8568671,1081827E,true,Rx,0,8,2F,8C,00,00,00,00,00,00,
8568672,1081827E,true,Rx,0,8,21,8D,00,00,00,00,00,00,
8568402,108182FE,true,Tx,0,8,0D,99,00,00,00,00,00,00,
8569572,108182FE,true,Tx,0,8,0E,99,00,00,00,00,00,00,
8570770,108182FE,true,Tx,0,8,0F,99,00,00,00,00,00,00,
8572135,1081827E,true,Rx,0,8,23,8D,00,00,00,00,00,00,
8571939,108182FE,true,Tx,0,8,00,9A,00,00,00,00,00,00,
8573134,108182FE,true,Tx,0,8,01,9A,00,00,00,00,00,00,
8574310,108182FE,true,Tx,0,8,02,9A,00,00,00,00,00,00,
8575610,1081827E,true,Rx,0,8,25,8D,00,00,00,00,00,00,
8575611,1081827E,true,Rx,0,8,27,8D,00,00,00,00,00,00,
8575804,108182FE,true,Tx,0,8,03,9A,00,00,00,00,00,00,
8577257,108182FE,true,Tx,0,8,04,9A,00,00,00,00,00,00,
8578460,108182FE,true,Tx,0,8,05,9A,00,00,00,00,00,00,
8579074,1081827E,true,Rx,0,8,29,8D,00,00,00,00,00,00,
8579813,108182FE,true,Tx,0,8,06,9A,00,00,00,00,00,00,
8581497,1081827E,true,Rx,0,8,2B,8D,00,00,00,00,00,00,
8581008,108182FE,true,Tx,0,8,07,9A,00,00,00,00,00,00,
8582111,108182FE,true,Tx,0,8,08,9A,00,00,00,00,00,00,
8583729,1081827E,true,Rx,0,8,2C,8D,00,00,00,00,00,00,
8583332,108182FE,true,Tx,0,8,09,9A,00,00,00,00,00,00,
8584454,108182FE,true,Tx,0,8,0A,9A,00,00,00,00,00,00,
8586073,1081827E,true,Rx,0,8,2E,8D,00,00,00,00,00,00,
8585681,108182FE,true,Tx,0,8,0B,9A,00,00,00,00,00,00,
8586786,108182FE,true,Tx,0,8,0C,9A,00,00,00,00,00,00,
8588498,1081827E,true,Rx,0,8,21,8E,00,00,00,00,00,00,
8588065,108182FE,true,Tx,0,8,0D,9A,00,00,00,00,00,00,
8589257,108182FE,true,Tx,0,8,0E,9A,00,00,00,00,00,00,
8590715,1081827E,true,Rx,0,8,23,8E,00,00,00,00,00,00,
8590520,108182FE,true,Tx,0,8,0F,9A,00,00,00,00,00,00,
8591669,108182FE,true,Tx,0,8,00,9B,00,00,00,00,00,00,
8593021,1081827E,true,Rx,0,8,25,8E,00,00,00,00,00,00,
8593052,108182FE,true,Tx,0,8,01,9B,00,00,00,00,00,00,
8594242,108182FE,true,Tx,0,8,02,9B,00,00,00,00,00,00,
8595362,1081827E,true,Rx,0,8,27,8E,00,00,00,00,00,00,
8595461,108182FE,true,Tx,0,8,03,9B,00,00,00,00,00,00,
8596566,108182FE,true,Tx,0,8,04,9B,00,00,00,00,00,00,
8597612,1081827E,true,Rx,0,8,28,8E,00,00,00,00,00,00,
8597753,108182FE,true,Tx,0,8,05,9B,00,00,00,00,00,00,
8599064,108182FE,true,Tx,0,8,06,9B,00,00,00,00,00,00,
8599957,1081827E,true,Rx,0,8,2A,8E,00,00,00,00,00,00,
8600244,108182FE,true,Tx,0,8,07,9B,00,00,00,00,00,00,
8601332,108182FE,true,Tx,0,8,08,9B,00,00,00,00,00,00,
8602298,1081827E,true,Rx,0,8,2C,8E,00,00,00,00,00,00,
8602452,108182FE,true,Tx,0,8,09,9B,00,00,00,00,00,00,
8603525,108182FE,true,Tx,0,8,0A,9B,00,00,00,00,00,00,
8604617,1081827E,true,Rx,0,8,2E,8E,00,00,00,00,00,00,
8604633,108182FE,true,Tx,0,8,0B,9B,00,00,00,00,00,00,
8605730,108182FE,true,Tx,0,8,0C,9B,00,00,00,00,00,00,
8606958,1081827E,true,Rx,0,8,20,8F,00,00,00,00,00,00,
8606872,108182FE,true,Tx,0,8,0D,9B,00,00,00,00,00,00,
8607956,108182FE,true,Tx,0,8,0E,9B,00,00,00,00,00,00,
8609298,1081827E,true,Rx,0,8,22,8F,00,00,00,00,00,00,
8609405,108182FE,true,Tx,0,8,0F,9B,00,00,00,00,00,00,
8610805,108182FE,true,Tx,0,8,00,9C,00,00,00,00,00,00,
8611608,1081827E,true,Rx,0,8,24,8F,00,00,00,00,00,00,
8612070,108182FE,true,Tx,0,8,01,9C,00,00,00,00,00,00,
8613211,108182FE,true,Tx,0,8,02,9C,00,00,00,00,00,00,
8613897,1081827E,true,Rx,0,8,25,8F,00,00,00,00,00,00,
8614372,108182FE,true,Tx,0,8,03,9C,00,00,00,00,00,00,
8615488,108182FE,true,Tx,0,8,04,9C,00,00,00,00,00,00,
8616183,1081827E,true,Rx,0,8,28,8F,00,00,00,00,00,00,
8616663,108182FE,true,Tx,0,8,05,9C,00,00,00,00,00,00,
8617774,108182FE,true,Tx,0,8,06,9C,00,00,00,00,00,00,
8618501,1081827E,true,Rx,0,8,29,8F,00,00,00,00,00,00,
8618884,108182FE,true,Tx,0,8,07,9C,00,00,00,00,00,00,
8620007,108182FE,true,Tx,0,8,08,9C,00,00,00,00,00,00,
8620840,1081827E,true,Rx,0,8,2B,8F,00,00,00,00,00,00,
8621124,108182FE,true,Tx,0,8,09,9C,00,00,00,00,00,00,
8622273,108182FE,true,Tx,0,8,0A,9C,00,00,00,00,00,00,
8623186,1081827E,true,Rx,0,8,2D,8F,00,00,00,00,00,00,
8623448,108182FE,true,Tx,0,8,0B,9C,00,00,00,00,00,00,
8624623,108182FE,true,Tx,0,8,0C,9C,00,00,00,00,00,00,
8625508,1081827E,true,Rx,0,8,2F,8F,00,00,00,00,00,00,
8626202,108182FE,true,Tx,0,8,0D,9C,00,00,00,00,00,00,
8627840,1081827E,true,Rx,0,8,21,90,00,00,00,00,00,00,
8627649,108182FE,true,Tx,0,8,0E,9C,00,00,00,00,00,00,
8628854,108182FE,true,Tx,0,8,0F,9C,00,00,00,00,00,00,
8630179,1081827E,true,Rx,0,8,22,90,00,00,00,00,00,00,
8630205,108182FE,true,Tx,0,8,00,9D,00,00,00,00,00,00,
8631397,108182FE,true,Tx,0,8,01,9D,00,00,00,00,00,00,
8632503,1081827E,true,Rx,0,8,25,90,00,00,00,00,00,00,
8632592,108182FE,true,Tx,0,8,02,9D,00,00,00,00,00,00,
8633755,108182FE,true,Tx,0,8,03,9D,00,00,00,00,00,00,
8634781,1081827E,true,Rx,0,8,26,90,00,00,00,00,00,00,
8635016,108182FE,true,Tx,0,8,04,9D,00,00,00,00,00,00,
8636253,108182FE,true,Tx,0,8,05,9D,00,00,00,00,00,00,
8637140,1081827E,true,Rx,0,8,28,90,00,00,00,00,00,00,
8637588,108182FE,true,Tx,0,8,06,9D,00,00,00,00,00,00,
8638803,108182FE,true,Tx,0,8,07,9D,00,00,00,00,00,00,
8639497,1081827E,true,Rx,0,8,2A,90,00,00,00,00,00,00,
8640096,108182FE,true,Tx,0,8,08,9D,00,00,00,00,00,00,
8641343,108182FE,true,Tx,0,8,09,9D,00,00,00,00,00,00,
8642954,1081827E,true,Rx,0,8,2C,90,00,00,00,00,00,00,
8642955,1081827E,true,Rx,0,8,2E,90,00,00,00,00,00,00,
8643479,108182FE,true,Tx,0,8,0A,9D,00,00,00,00,00,00,
8644833,108182FE,true,Tx,0,8,0B,9D,00,00,00,00,00,00,
8646508,1081827E,true,Rx,0,8,2F,90,00,00,00,00,00,00,
8646107,108182FE,true,Tx,0,8,0C,9D,00,00,00,00,00,00,
8647362,108182FE,true,Tx,0,8,0D,9D,00,00,00,00,00,00,
8648723,1081827E,true,Rx,0,8,21,91,00,00,00,00,00,00,
8648559,108182FE,true,Tx,0,8,0E,9D,00,00,00,00,00,00,
8649769,108182FE,true,Tx,0,8,0F,9D,00,00,00,00,00,00,
8651069,1081827E,true,Rx,0,8,23,91,00,00,00,00,00,00,
8650942,108182FE,true,Tx,0,8,00,9E,00,00,00,00,00,00,
8652191,108182FE,true,Tx,0,8,01,9E,00,00,00,00,00,00,
8653499,1081827E,true,Rx,0,8,24,91,00,00,00,00,00,00,
8653472,108182FE,true,Tx,0,8,02,9E,00,00,00,00,00,00,
8654633,108182FE,true,Tx,0,8,03,9E,00,00,00,00,00,00,
8655670,1081827E,true,Rx,0,8,26,91,00,00,00,00,00,00,
8655790,108182FE,true,Tx,0,8,04,9E,00,00,00,00,00,00,
8656904,108182FE,true,Tx,0,8,05,9E,00,00,00,00,00,00,
8658015,1081827E,true,Rx,0,8,28,91,00,00,00,00,00,00,
8658063,108182FE,true,Tx,0,8,06,9E,00,00,00,00,00,00,
8659482,108182FE,true,Tx,0,8,07,9E,00,00,00,00,00,00,
8660299,1081827E,true,Rx,0,8,2A,91,00,00,00,00,00,00,
8660836,108182FE,true,Tx,0,8,08,9E,00,00,00,00,00,00,
8661991,108182FE,true,Tx,0,8,09,9E,00,00,00,00,00,00,
8662608,1081827E,true,Rx,0,8,2C,91,00,00,00,00,00,00,
8663155,108182FE,true,Tx,0,8,0A,9E,00,00,00,00,00,00,
8664336,108182FE,true,Tx,0,8,0B,9E,00,00,00,00,00,00,
8664949,1081827E,true,Rx,0,8,2D,91,00,00,00,00,00,00,
8665877,108182FE,true,Tx,0,8,0C,9E,00,00,00,00,00,00,
8667303,1081827E,true,Rx,0,8,2F,91,00,00,00,00,00,00,
8667096,108182FE,true,Tx,0,8,0D,9E,00,00,00,00,00,00,
8668216,108182FE,true,Tx,0,8,0E,9E,00,00,00,00,00,00,
8669612,1081827E,true,Rx,0,8,21,92,00,00,00,00,00,00,
8669633,108182FE,true,Tx,0,8,0F,9E,00,00,00,00,00,00,
8670770,108182FE,true,Tx,0,8,00,9F,00,00,00,00,00,00,
8671956,1081827E,true,Rx,0,8,23,92,00,00,00,00,00,00,
8672131,108182FE,true,Tx,0,8,01,9F,00,00,00,00,00,00,
8673296,108182FE,true,Tx,0,8,02,9F,00,00,00,00,00,00,
8674251,1081827E,true,Rx,0,8,25,92,00,00,00,00,00,00,
8674489,108182FE,true,Tx,0,8,03,9F,00,00,00,00,00,00,
8676023,108182FE,true,Tx,0,8,04,9F,00,00,00,00,00,00,
8676600,1081827E,true,Rx,0,8,27,92,00,00,00,00,00,00,
8677299,108182FE,true,Tx,0,8,05,9F,00,00,00,00,00,00,
8678896,1081827E,true,Rx,0,8,29,92,00,00,00,00,00,00,
8678559,108182FE,true,Tx,0,8,06,9F,00,00,00,00,00,00,
8679706,108182FE,true,Tx,0,8,07,9F,00,00,00,00,00,00,
8681184,1081827E,true,Rx,0,8,2A,92,00,00,00,00,00,00,
8680923,108182FE,true,Tx,0,8,08,9F,00,00,00,00,00,00,
8682093,108182FE,true,Tx,0,8,09,9F,00,00,00,00,00,00,
8683544,1081827E,true,Rx,0,8,2C,92,00,00,00,00,00,00,
8683522,108182FE,true,Tx,0,8,0A,9F,00,00,00,00,00,00,
8684733,108182FE,true,Tx,0,8,0B,9F,00,00,00,00,00,00,
8685892,1081827E,true,Rx,0,8,2E,92,00,00,00,00,00,00,
8685952,108182FE,true,Tx,0,8,0C,9F,00,00,00,00,00,00,
8687074,108182FE,true,Tx,0,8,0D,9F,00,00,00,00,00,00,
8688191,1081827E,true,Rx,0,8,20,93,00,00,00,00,00,00,
8688246,108182FE,true,Tx,0,8,0E,9F,00,00,00,00,00,00,
8689458,108182FE,true,Tx,0,8,0F,9F,00,00,00,00,00,00,
8690542,1081827E,true,Rx,0,8,22,93,00,00,00,00,00,00,
8690710,108182FE,true,Tx,0,8,00,A0,00,00,00,00,00,00,
8691894,108182FE,true,Tx,0,8,01,A0,00,00,00,00,00,00,
8692839,1081827E,true,Rx,0,8,24,93,00,00,00,00,00,00,
8693589,108182FE,true,Tx,0,8,02,A0,00,00,00,00,00,00,
8695123,1081827E,true,Rx,0,8,27,93,00,00,00,00,00,00,
8694807,108182FE,true,Tx,0,8,03,A0,00,00,00,00,00,00,
8695991,108182FE,true,Tx,0,8,04,A0,00,00,00,00,00,00,
8697500,1081827E,true,Rx,0,8,28,93,00,00,00,00,00,00,
8697345,108182FE,true,Tx,0,8,05,A0,00,00,00,00,00,00,
8698678,108182FE,true,Tx,0,8,06,A0,00,00,00,00,00,00,
8699783,1081827E,true,Rx,0,8,29,93,00,00,00,00,00,00,
8699885,108182FE,true,Tx,0,8,07,A0,00,00,00,00,00,00,
8701092,108182FE,true,Tx,0,8,08,A0,00,00,00,00,00,00,
8702073,1081827E,true,Rx,0,8,2B,93,00,00,00,00,00,00,
8702389,108182FE,true,Tx,0,8,09,A0,00,00,00,00,00,00,
8703556,108182FE,true,Tx,0,8,0A,A0,00,00,00,00,00,00,
8704500,1081827E,true,Rx,0,8,2E,93,00,00,00,00,00,00,
8704765,108182FE,true,Tx,0,8,0B,A0,00,00,00,00,00,00,
8705943,108182FE,true,Tx,0,8,0C,A0,00,00,00,00,00,00,
8706729,1081827E,true,Rx,0,8,2F,93,00,00,00,00,00,00,
8707284,108182FE,true,Tx,0,8,0D,A0,00,00,00,00,00,00,
8709085,1081827E,true,Rx,0,8,21,94,00,00,00,00,00,00,
8708594,108182FE,true,Tx,0,8,0E,A0,00,00,00,00,00,00,
8710553,108182FE,true,Tx,0,8,0F,A0,00,00,00,00,00,00,
8711401,1081827E,true,Rx,0,8,23,94,00,00,00,00,00,00,
8711818,108182FE,true,Tx,0,8,00,A1,00,00,00,00,00,00,
8713010,108182FE,true,Tx,0,8,01,A1,00,00,00,00,00,00,
8713728,1081827E,true,Rx,0,8,24,94,00,00,00,00,00,00,
8714445,108182FE,true,Tx,0,8,02,A1,00,00,00,00,00,00,
8716073,1081827E,true,Rx,0,8,26,94,00,00,00,00,00,00,
8715682,108182FE,true,Tx,0,8,03,A1,00,00,00,00,00,00,
8716830,108182FE,true,Tx,0,8,04,A1,00,00,00,00,00,00,
8718500,1081827E,true,Rx,0,8,2A,94,00,00,00,00,00,00,
8718207,108182FE,true,Tx,0,8,05,A1,00,00,00,00,00,00,
8720726,1081827E,true,Rx,0,8,2B,94,00,00,00,00,00,00,
8723069,1081827E,true,Rx,0,8,2D,94,00,00,00,00,00,00,
8725358,1081827E,true,Rx,0,8,2F,94,00,00,00,00,00,00,
8727743,1081827E,true,Rx,0,8,21,95,00,00,00,00,00,00,
8730010,1081827E,true,Rx,0,8,23,95,00,00,00,00,00,00,
8732361,1081827E,true,Rx,0,8,25,95,00,00,00,00,00,00,
8731790,108182FE,true,Tx,0,8,06,A1,00,00,00,00,00,00,
8734669,1081827E,true,Rx,0,8,27,95,00,00,00,00,00,00,
8736956,1081827E,true,Rx,0,8,29,95,00,00,00,00,00,00,
8740489,1081827E,true,Rx,0,8,2B,95,00,00,00,00,00,00,
8740490,1081827E,true,Rx,0,8,2D,95,00,00,00,00,00,00,
8743955,1081827E,true,Rx,0,8,2F,95,00,00,00,00,00,00,
8746300,1081827E,true,Rx,0,8,20,96,00,00,00,00,00,00,
8746480,108182FE,true,Tx,0,8,07,A1,00,00,00,00,00,00,
8747868,108182FE,true,Tx,0,8,08,A1,00,00,00,00,00,00,
8748551,1081827E,true,Rx,0,8,22,96,00,00,00,00,00,00,
8749102,108182FE,true,Tx,0,8,09,A1,00,00,00,00,00,00,
8750295,108182FE,true,Tx,0,8,0A,A1,00,00,00,00,00,00,
8750902,1081827E,true,Rx,0,8,23,96,00,00,00,00,00,00,
8751411,108182FE,true,Tx,0,8,0B,A1,00,00,00,00,00,00,
8752583,108182FE,true,Tx,0,8,0C,A1,00,00,00,00,00,00,
8753189,1081827E,true,Rx,0,8,24,96,00,00,00,00,00,00,
8753718,108182FE,true,Tx,0,8,0D,A1,00,00,00,00,00,00,
8754887,108182FE,true,Tx,0,8,0E,A1,00,00,00,00,00,00,
8755547,1081827E,true,Rx,0,8,25,96,00,00,00,00,00,00,
8756017,108182FE,true,Tx,0,8,0F,A1,00,00,00,00,00,00,
8757217,108182FE,true,Tx,0,8,00,A2,00,00,00,00,00,00,
8757845,1081827E,true,Rx,0,8,26,96,00,00,00,00,00,00,
8758361,108182FE,true,Tx,0,8,01,A2,00,00,00,00,00,00,
8760185,1081827E,true,Rx,0,8,27,96,00,00,00,00,00,00,
8759855,108182FE,true,Tx,0,8,02,A2,00,00,00,00,00,00,
8761806,108182FE,true,Tx,0,8,03,A2,00,00,00,00,00,00,
8763652,1081827E,true,Rx,0,8,28,96,00,00,00,00,00,00,
8763653,1081827E,true,Rx,0,8,29,96,00,00,00,00,00,00,
8763668,108182FE,true,Tx,0,8,04,A2,00,00,00,00,00,00,
8765059,108182FE,true,Tx,0,8,05,A2,00,00,00,00,00,00,
8766373,108182FE,true,Tx,0,8,06,A2,00,00,00,00,00,00,
8767125,1081827E,true,Rx,0,8,2A,96,00,00,00,00,00,00,
8767695,108182FE,true,Tx,0,8,07,A2,00,00,00,00,00,00,
8769034,108182FE,true,Tx,0,8,08,A2,00,00,00,00,00,00,
8770617,1081827E,true,Rx,0,8,2B,96,00,00,00,00,00,00,
8770617,1081827E,true,Rx,0,8,2C,96,00,00,00,00,00,00,
8770333,108182FE,true,Tx,0,8,09,A2,00,00,00,00,00,00,
8771611,108182FE,true,Tx,0,8,0A,A2,00,00,00,00,00,00,
8772895,108182FE,true,Tx,0,8,0B,A2,00,00,00,00,00,00,
8774069,1081827E,true,Rx,0,8,2D,96,00,00,00,00,00,00,
8774112,108182FE,true,Tx,0,8,0C,A2,00,00,00,00,00,00,
8775291,108182FE,true,Tx,0,8,0D,A2,00,00,00,00,00,00,
8776506,1081827E,true,Rx,0,8,2E,96,00,00,00,00,00,00,
8776757,108182FE,true,Tx,0,8,0E,A2,00,00,00,00,00,00,
8778719,1081827E,true,Rx,0,8,2F,96,00,00,00,00,00,00,
8778299,108182FE,true,Tx,0,8,0F,A2,00,00,00,00,00,00,
8779547,108182FE,true,Tx,0,8,00,A3,00,00,00,00,00,00,
8781069,1081827E,true,Rx,0,8,20,97,00,00,00,00,00,00,
8780957,108182FE,true,Tx,0,8,01,A3,00,00,00,00,00,00,
8782167,108182FE,true,Tx,0,8,02,A3,00,00,00,00,00,00,
8783359,1081827E,true,Rx,0,8,21,97,00,00,00,00,00,00,
8783584,108182FE,true,Tx,0,8,03,A3,00,00,00,00,00,00,
8784856,108182FE,true,Tx,0,8,04,A3,00,00,00,00,00,00,
8785677,1081827E,true,Rx,0,8,22,97,00,00,00,00,00,00,
8786128,108182FE,true,Tx,0,8,05,A3,00,00,00,00,00,00,
8787363,108182FE,true,Tx,0,8,06,A3,00,00,00,00,00,00,
8788015,1081827E,true,Rx,0,8,23,97,00,00,00,00,00,00,
8788552,108182FE,true,Tx,0,8,07,A3,00,00,00,00,00,00,
8789715,108182FE,true,Tx,0,8,08,A3,00,00,00,00,00,00,
8790296,1081827E,true,Rx,0,8,24,97,00,00,00,00,00,00,
8790873,108182FE,true,Tx,0,8,09,A3,00,00,00,00,00,00,
8792610,1081827E,true,Rx,0,8,25,97,00,00,00,00,00,00,
8792087,108182FE,true,Tx,0,8,0A,A3,00,00,00,00,00,00,
8793538,108182FE,true,Tx,0,8,0B,A3,00,00,00,00,00,00,
8794953,1081827E,true,Rx,0,8,26,97,00,00,00,00,00,00,
8794982,108182FE,true,Tx,0,8,0C,A3,00,00,00,00,00,00,
8796276,108182FE,true,Tx,0,8,0D,A3,00,00,00,00,00,00,
8797240,1081827E,true,Rx,0,8,27,97,00,00,00,00,00,00,
8797512,108182FE,true,Tx,0,8,0E,A3,00,00,00,00,00,00,
8798643,108182FE,true,Tx,0,8,0F,A3,00,00,00,00,00,00,
8799549,1081827E,true,Rx,0,8,28,97,00,00,00,00,00,00,
8799765,108182FE,true,Tx,0,8,00,A4,00,00,00,00,00,00,
8800900,108182FE,true,Tx,0,8,01,A4,00,00,00,00,00,00,
8801898,1081827E,true,Rx,0,8,29,97,00,00,00,00,00,00,
8802023,108182FE,true,Tx,0,8,02,A4,00,00,00,00,00,00,
8803144,108182FE,true,Tx,0,8,03,A4,00,00,00,00,00,00,
8804189,1081827E,true,Rx,0,8,2A,97,00,00,00,00,00,00,
8804328,108182FE,true,Tx,0,8,04,A4,00,00,00,00,00,00,
8805462,108182FE,true,Tx,0,8,05,A4,00,00,00,00,00,00,
8806504,1081827E,true,Rx,0,8,2B,97,00,00,00,00,00,00,
8806664,108182FE,true,Tx,0,8,06,A4,00,00,00,00,00,00,
8807932,108182FE,true,Tx,0,8,07,A4,00,00,00,00,00,00,
8808783,1081827E,true,Rx,0,8,2C,97,00,00,00,00,00,00,
8809460,108182FE,true,Tx,0,8,08,A4,00,00,00,00,00,00,
8811120,1081827E,true,Rx,0,8,2D,97,00,00,00,00,00,00,
8810775,108182FE,true,Tx,0,8,09,A4,00,00,00,00,00,00,
8811952,108182FE,true,Tx,0,8,0A,A4,00,00,00,00,00,00,
8813506,1081827E,true,Rx,0,8,2E,97,00,00,00,00,00,00,
8813485,108182FE,true,Tx,0,8,0B,A4,00,00,00,00,00,00,
8814646,108182FE,true,Tx,0,8,0C,A4,00,00,00,00,00,00,
8815783,1081827E,true,Rx,0,8,2F,97,00,00,00,00,00,00,
8816182,108182FE,true,Tx,0,8,0D,A4,00,00,00,00,00,00,
8817382,108182FE,true,Tx,0,8,0E,A4,00,00,00,00,00,00,
8818139,1081827E,true,Rx,0,8,21,98,00,00,00,00,00,00,
8818719,108182FE,true,Tx,0,8,0F,A4,00,00,00,00,00,00,
8819888,108182FE,true,Tx,0,8,00,A5,00,00,00,00,00,00,
8821611,1081827E,true,Rx,0,8,22,98,00,00,00,00,00,00,
8821612,1081827E,true,Rx,0,8,24,98,00,00,00,00,00,00,
8821149,108182FE,true,Tx,0,8,01,A5,00,00,00,00,00,00,
8822293,108182FE,true,Tx,0,8,02,A5,00,00,00,00,00,00,
8823479,108182FE,true,Tx,0,8,03,A5,00,00,00,00,00,00,
8824799,108182FE,true,Tx,0,8,04,A5,00,00,00,00,00,00,
8825080,1081827E,true,Rx,0,8,26,98,00,00,00,00,00,00,
8826422,108182FE,true,Tx,0,8,05,A5,00,00,00,00,00,00,
8827684,108182FE,true,Tx,0,8,06,A5,00,00,00,00,00,00,
8828904,108182FE,true,Tx,0,8,07,A5,00,00,00,00,00,00,
8829729,1081827E,true,Rx,0,8,28,98,00,00,00,00,00,00,
8829730,1001117E,true,Rx,0,8,00,01,00,00,00,00,00,00,
8829730,1081827E,true,Rx,0,8,29,98,00,00,00,00,00,00,
8830220,108182FE,true,Tx,0,8,08,A5,00,00,00,00,00,00,
8831443,108182FE,true,Tx,0,8,09,A5,00,00,00,00,00,00,
8832603,108182FE,true,Tx,0,8,0A,A5,00,00,00,00,00,00,
8833246,1081827E,true,Rx,0,8,2B,98,00,00,00,00,00,00,
8833749,108182FE,true,Tx,0,8,0B,A5,00,00,00,00,00,00,
8834978,108182FE,true,Tx,0,8,0C,A5,00,00,00,00,00,00,
8835546,1081827E,true,Rx,0,8,2D,98,00,00,00,00,00,00,
8836146,108182FE,true,Tx,0,8,0D,A5,00,00,00,00,00,00,
8837900,1081827E,true,Rx,0,8,2F,98,00,00,00,00,00,00,
8837453,108182FE,true,Tx,0,8,0E,A5,00,00,00,00,00,00,
8838630,108182FE,true,Tx,0,8,0F,A5,00,00,00,00,00,00,
8840187,1081827E,true,Rx,0,8,21,99,00,00,00,00,00,00,
8839958,108182FE,true,Tx,0,8,00,A6,00,00,00,00,00,00,
8841158,108182FE,true,Tx,0,8,01,A6,00,00,00,00,00,00,
8842547,1081827E,true,Rx,0,8,23,99,00,00,00,00,00,00,
8842548,108182FE,true,Tx,0,8,02,A6,00,00,00,00,00,00,
8844828,1081827E,true,Rx,0,8,25,99,00,00,00,00,00,00,
8844633,108182FE,true,Tx,0,8,03,A6,00,00,00,00,00,00,
8846056,108182FE,true,Tx,0,8,04,A6,00,00,00,00,00,00,
8847330,108182FE,true,Tx,0,8,05,A6,00,00,00,00,00,00,
8848298,1081827E,true,Rx,0,8,27,99,00,00,00,00,00,00,
8848299,1081827E,true,Rx,0,8,28,99,00,00,00,00,00,00,
8848594,108182FE,true,Tx,0,8,06,A6,00,00,00,00,00,00,
8849790,108182FE,true,Tx,0,8,07,A6,00,00,00,00,00,00,
8851076,108182FE,true,Tx,0,8,08,A6,00,00,00,00,00,00,
8851732,1081827E,true,Rx,0,8,2A,99,00,00,00,00,00,00,
8852451,108182FE,true,Tx,0,8,09,A6,00,00,00,00,00,00,
8854072,1081827E,true,Rx,0,8,2D,99,00,00,00,00,00,00,
8853685,108182FE,true,Tx,0,8,0A,A6,00,00,00,00,00,00,
8854826,108182FE,true,Tx,0,8,0B,A6,00,00,00,00,00,00,
8856293,108182FE,true,Tx,0,8,0C,A6,00,00,00,00,00,00,
8857618,1081827E,true,Rx,0,8,2E,99,00,00,00,00,00,00,
8857618,1081827E,true,Rx,0,8,20,9A,00,00,00,00,00,00,
8857930,108182FE,true,Tx,0,8,0D,A6,00,00,00,00,00,00,
8859168,108182FE,true,Tx,0,8,0E,A6,00,00,00,00,00,00,
8861065,1081827E,true,Rx,0,8,23,9A,00,00,00,00,00,00,
8861605,108182FE,true,Tx,0,8,0F,A6,00,00,00,00,00,00,
8862893,108182FE,true,Tx,0,8,00,A7,00,00,00,00,00,00,
8863502,1081827E,true,Rx,0,8,24,9A,00,00,00,00,00,00,
8864174,108182FE,true,Tx,0,8,01,A7,00,00,00,00,00,00,
8865733,1081827E,true,Rx,0,8,25,9A,00,00,00,00,00,00,
8865704,108182FE,true,Tx,0,8,02,A7,00,00,00,00,00,00,
8866996,108182FE,true,Tx,0,8,03,A7,00,00,00,00,00,00,
8868022,1081827E,true,Rx,0,8,27,9A,00,00,00,00,00,00,
8868312,108182FE,true,Tx,0,8,04,A7,00,00,00,00,00,00,
8869557,108182FE,true,Tx,0,8,05,A7,00,00,00,00,00,00,
8870363,1081827E,true,Rx,0,8,29,9A,00,00,00,00,00,00,
8870711,108182FE,true,Tx,0,8,06,A7,00,00,00,00,00,00,
8871819,108182FE,true,Tx,0,8,07,A7,00,00,00,00,00,00,
8872678,1081827E,true,Rx,0,8,2B,9A,00,00,00,00,00,00,
8872980,108182FE,true,Tx,0,8,08,A7,00,00,00,00,00,00,
8874122,108182FE,true,Tx,0,8,09,A7,00,00,00,00,00,00,
8875024,1081827E,true,Rx,0,8,2D,9A,00,00,00,00,00,00,
8875272,108182FE,true,Tx,0,8,0A,A7,00,00,00,00,00,00,
8876587,108182FE,true,Tx,0,8,0B,A7,00,00,00,00,00,00,
8877320,1081827E,true,Rx,0,8,2F,9A,00,00,00,00,00,00,
8878131,108182FE,true,Tx,0,8,0C,A7,00,00,00,00,00,00,
8879625,1081827E,true,Rx,0,8,21,9B,00,00,00,00,00,00,
8879403,108182FE,true,Tx,0,8,0D,A7,00,00,00,00,00,00,
8880640,108182FE,true,Tx,0,8,0E,A7,00,00,00,00,00,00,
8881951,1081827E,true,Rx,0,8,23,9B,00,00,00,00,00,00,
8881889,108182FE,true,Tx,0,8,0F,A7,00,00,00,00,00,00,
8883078,108182FE,true,Tx,0,8,00,A8,00,00,00,00,00,00,
8884302,1081827E,true,Rx,0,8,25,9B,00,00,00,00,00,00,
8884320,108182FE,true,Tx,0,8,01,A8,00,00,00,00,00,00,
8885618,108182FE,true,Tx,0,8,02,A8,00,00,00,00,00,00,
8886612,1081827E,true,Rx,0,8,27,9B,00,00,00,00,00,00,
8886869,108182FE,true,Tx,0,8,03,A8,00,00,00,00,00,00,
8888038,108182FE,true,Tx,0,8,04,A8,00,00,00,00,00,00,
8888903,1081827E,true,Rx,0,8,29,9B,00,00,00,00,00,00,
8889308,108182FE,true,Tx,0,8,05,A8,00,00,00,00,00,00,
8890528,108182FE,true,Tx,0,8,06,A8,00,00,00,00,00,00,
8891232,1081827E,true,Rx,0,8,2B,9B,00,00,00,00,00,00,
8891860,108182FE,true,Tx,0,8,07,A8,00,00,00,00,00,00,
8893549,1081827E,true,Rx,0,8,2D,9B,00,00,00,00,00,00,
8893043,108182FE,true,Tx,0,8,08,A8,00,00,00,00,00,00,
8894538,108182FE,true,Tx,0,8,09,A8,00,00,00,00,00,00,
8895900,1081827E,true,Rx,0,8,2F,9B,00,00,00,00,00,00,
8895916,108182FE,true,Tx,0,8,0A,A8,00,00,00,00,00,00,
8897167,108182FE,true,Tx,0,8,0B,A8,00,00,00,00,00,00,
8898240,1081827E,true,Rx,0,8,21,9C,00,00,00,00,00,00,
8898378,108182FE,true,Tx,0,8,0C,A8,00,00,00,00,00,00,
8899522,108182FE,true,Tx,0,8,0D,A8,00,00,00,00,00,00,
8900546,1081827E,true,Rx,0,8,23,9C,00,00,00,00,00,00,
8900732,108182FE,true,Tx,0,8,0E,A8,00,00,00,00,00,00,
8901891,108182FE,true,Tx,0,8,0F,A8,00,00,00,00,00,00,
8902899,1081827E,true,Rx,0,8,25,9C,00,00,00,00,00,00,
8903057,108182FE,true,Tx,0,8,00,A9,00,00,00,00,00,00,
8904240,108182FE,true,Tx,0,8,01,A9,00,00,00,00,00,00,
8905188,1081827E,true,Rx,0,8,27,9C,00,00,00,00,00,00,
8905384,108182FE,true,Tx,0,8,02,A9,00,00,00,00,00,00,
8906618,108182FE,true,Tx,0,8,03,A9,00,00,00,00,00,00,
8907549,1081827E,true,Rx,0,8,29,9C,00,00,00,00,00,00,
8907908,108182FE,true,Tx,0,8,04,A9,00,00,00,00,00,00,
8909904,1081827E,true,Rx,0,8,2B,9C,00,00,00,00,00,00,
8909766,108182FE,true,Tx,0,8,05,A9,00,00,00,00,00,00,
8912192,1081827E,true,Rx,0,8,2D,9C,00,00,00,00,00,00,
8912888,108182FE,true,Tx,0,8,06,A9,00,00,00,00,00,00,
8914547,1081827E,true,Rx,0,8,2E,9C,00,00,00,00,00,00,
8915202,108182FE,true,Tx,0,8,07,A9,00,00,00,00,00,00,
8916842,1081827E,true,Rx,0,8,20,9D,00,00,00,00,00,00,
8916680,108182FE,true,Tx,0,8,08,A9,00,00,00,00,00,00,
8917958,108182FE,true,Tx,0,8,09,A9,00,00,00,00,00,00,
8919131,1081827E,true,Rx,0,8,22,9D,00,00,00,00,00,00,
8919205,108182FE,true,Tx,0,8,0A,A9,00,00,00,00,00,00,
8920334,108182FE,true,Tx,0,8,0B,A9,00,00,00,00,00,00,
8921508,1081827E,true,Rx,0,8,24,9D,00,00,00,00,00,00,
8921496,108182FE,true,Tx,0,8,0C,A9,00,00,00,00,00,00,
8922631,108182FE,true,Tx,0,8,0D,A9,00,00,00,00,00,00,
8923785,1081827E,true,Rx,0,8,26,9D,00,00,00,00,00,00,
8923806,108182FE,true,Tx,0,8,0E,A9,00,00,00,00,00,00,
8924917,108182FE,true,Tx,0,8,0F,A9,00,00,00,00,00,00,
8926053,108182FE,true,Tx,0,8,00,AA,00,00,00,00,00,00,
8927244,1081827E,true,Rx,0,8,28,9D,00,00,00,00,00,00,
8927245,1081827E,true,Rx,0,8,2A,9D,00,00,00,00,00,00,
8927338,108182FE,true,Tx,0,8,01,AA,00,00,00,00,00,00,
8928497,108182FE,true,Tx,0,8,02,AA,00,00,00,00,00,00,
8930731,1081827E,true,Rx,0,8,2B,9D,00,00,00,00,00,00,
8930311,108182FE,true,Tx,0,8,03,AA,00,00,00,00,00,00,
8932449,108182FE,true,Tx,0,8,04,AA,00,00,00,00,00,00,
8934198,1081827E,true,Rx,0,8,2C,9D,00,00,00,00,00,00,
8934198,1081827E,true,Rx,0,8,2E,9D,00,00,00,00,00,00,
8934712,108182FE,true,Tx,0,8,05,AA,00,00,00,00,00,00,
8935986,108182FE,true,Tx,0,8,06,AA,00,00,00,00,00,00,
8937671,1081827E,true,Rx,0,8,20,9E,00,00,00,00,00,00,
8937111,108182FE,true,Tx,0,8,07,AA,00,00,00,00,00,00,
8939261,108182FE,true,Tx,0,8,08,AA,00,00,00,00,00,00,
8940012,1081827E,true,Rx,0,8,22,9E,00,00,00,00,00,00,
8940705,108182FE,true,Tx,0,8,09,AA,00,00,00,00,00,00,
8942304,1081827E,true,Rx,0,8,24,9E,00,00,00,00,00,00,
8941818,108182FE,true,Tx,0,8,0A,AA,00,00,00,00,00,00,
8942921,108182FE,true,Tx,0,8,0B,AA,00,00,00,00,00,00,
8944616,1081827E,true,Rx,0,8,26,9E,00,00,00,00,00,00,
8944414,108182FE,true,Tx,0,8,0C,AA,00,00,00,00,00,00,
8945780,108182FE,true,Tx,0,8,0D,AA,00,00,00,00,00,00,
8946953,1081827E,true,Rx,0,8,28,9E,00,00,00,00,00,00,
8947000,108182FE,true,Tx,0,8,0E,AA,00,00,00,00,00,00,
8948151,108182FE,true,Tx,0,8,0F,AA,00,00,00,00,00,00,
8949241,1081827E,true,Rx,0,8,29,9E,00,00,00,00,00,00,
8949334,108182FE,true,Tx,0,8,00,AB,00,00,00,00,00,00,
8950514,108182FE,true,Tx,0,8,01,AB,00,00,00,00,00,00,
8951554,1081827E,true,Rx,0,8,2B,9E,00,00,00,00,00,00,
8951638,108182FE,true,Tx,0,8,02,AB,00,00,00,00,00,00,
8952763,108182FE,true,Tx,0,8,03,AB,00,00,00,00,00,00,
8953910,1081827E,true,Rx,0,8,2D,9E,00,00,00,00,00,00,
8953890,108182FE,true,Tx,0,8,04,AB,00,00,00,00,00,00,
8954985,108182FE,true,Tx,0,8,05,AB,00,00,00,00,00,00,
8956246,1081827E,true,Rx,0,8,2F,9E,00,00,00,00,00,00,
8956129,108182FE,true,Tx,0,8,06,AB,00,00,00,00,00,00,
8957247,108182FE,true,Tx,0,8,07,AB,00,00,00,00,00,00,
8958617,1081827E,true,Rx,0,8,21,9F,00,00,00,00,00,00,
8958395,108182FE,true,Tx,0,8,08,AB,00,00,00,00,00,00,
8959497,108182FE,true,Tx,0,8,09,AB,00,00,00,00,00,00,
8960905,1081827E,true,Rx,0,8,23,9F,00,00,00,00,00,00,
8961206,108182FE,true,Tx,0,8,0A,AB,00,00,00,00,00,00,
8962766,108182FE,true,Tx,0,8,0B,AB,00,00,00,00,00,00,
8964504,1081827E,true,Rx,0,8,24,9F,00,00,00,00,00,00,
8964505,1081827E,true,Rx,0,8,26,9F,00,00,00,00,00,00,
8964096,108182FE,true,Tx,0,8,0C,AB,00,00,00,00,00,00,
8965329,108182FE,true,Tx,0,8,0D,AB,00,00,00,00,00,00,
8966534,108182FE,true,Tx,0,8,0E,AB,00,00,00,00,00,00,
8967902,1081827E,true,Rx,0,8,28,9F,00,00,00,00,00,00,
8967731,108182FE,true,Tx,0,8,0F,AB,00,00,00,00,00,00,
8969030,108182FE,true,Tx,0,8,00,AC,00,00,00,00,00,00,
8970256,1081827E,true,Rx,0,8,2A,9F,00,00,00,00,00,00,
8972621,1081827E,true,Rx,0,8,2C,9F,00,00,00,00,00,00,
8974905,1081827E,true,Rx,0,8,2E,9F,00,00,00,00,00,00,
8977238,1081827E,true,Rx,0,8,20,A0,00,00,00,00,00,00,
8979545,1081827E,true,Rx,0,8,22,A0,00,00,00,00,00,00,
8981902,1081827E,true,Rx,0,8,23,A0,00,00,00,00,00,00,
8981846,108182FE,true,Tx,0,8,01,AC,00,00,00,00,00,00,
8984200,1081827E,true,Rx,0,8,25,A0,00,00,00,00,00,00,
8986563,1081827E,true,Rx,0,8,27,A0,00,00,00,00,00,00,
8988846,1081827E,true,Rx,0,8,29,A0,00,00,00,00,00,00,
8991198,1081827E,true,Rx,0,8,2B,A0,00,00,00,00,00,00,
8993556,1081827E,true,Rx,0,8,2D,A0,00,00,00,00,00,00,
8995848,1081827E,true,Rx,0,8,2E,A0,00,00,00,00,00,00,
8998189,1081827E,true,Rx,0,8,20,A1,00,00,00,00,00,00,
8998647,108182FE,true,Tx,0,8,02,AC,00,00,00,00,00,00,
9000508,1081827E,true,Rx,0,8,22,A1,00,00,00,00,00,00,
9000022,108182FE,true,Tx,0,8,03,AC,00,00,00,00,00,00,
9001223,108182FE,true,Tx,0,8,04,AC,00,00,00,00,00,00,
9002424,108182FE,true,Tx,0,8,05,AC,00,00,00,00,00,00,
9003959,1081827E,true,Rx,0,8,23,A1,00,00,00,00,00,00,
9003960,1081827E,true,Rx,0,8,25,A1,00,00,00,00,00,00,
9003588,108182FE,true,Tx,0,8,06,AC,00,00,00,00,00,00,
9004730,108182FE,true,Tx,0,8,07,AC,00,00,00,00,00,00,
9005911,108182FE,true,Tx,0,8,08,AC,00,00,00,00,00,00,
9007504,1081827E,true,Rx,0,8,26,A1,00,00,00,00,00,00,
9007113,108182FE,true,Tx,0,8,09,AC,00,00,00,00,00,00,
9008279,108182FE,true,Tx,0,8,0A,AC,00,00,00,00,00,00,
9009583,108182FE,true,Tx,0,8,0B,AC,00,00,00,00,00,00,
9012098,1081827E,true,Rx,0,8,27,A1,00,00,00,00,00,00,
9012098,100011FE,true,Rx,0,8,00,02,00,00,00,00,00,00,
9012100,1081827E,true,Rx,0,8,28,A1,00,00,00,00,00,00,
9012283,108182FE,true,Tx,0,8,0C,AC,00,00,00,00,00,00,
9013943,108182FE,true,Tx,0,8,0D,AC,00,00,00,00,00,00,
9015547,1081827E,true,Rx,0,8,29,A1,00,00,00,00,00,00,
9015793,108182FE,true,Tx,0,8,0E,AC,00,00,00,00,00,00,
9016957,108182FE,true,Tx,0,8,0F,AC,00,00,00,00,00,00,
9017845,1081827E,true,Rx,0,8,2A,A1,00,00,00,00,00,00,
9018205,108182FE,true,Tx,0,8,00,AD,00,00,00,00,00,00,
9019384,108182FE,true,Tx,0,8,01,AD,00,00,00,00,00,00,
9020194,1081827E,true,Rx,0,8,2B,A1,00,00,00,00,00,00,
9020559,108182FE,true,Tx,0,8,02,AD,00,00,00,00,00,00,
9021665,108182FE,true,Tx,0,8,03,AD,00,00,00,00,00,00,
9022507,1081827E,true,Rx,0,8,2C,A1,00,00,00,00,00,00,
9022829,108182FE,true,Tx,0,8,04,AD,00,00,00,00,00,00,
9023940,108182FE,true,Tx,0,8,05,AD,00,00,00,00,00,00,
9024790,1081827E,true,Rx,0,8,2D,A1,00,00,00,00,00,00,
9025081,108182FE,true,Tx,0,8,06,AD,00,00,00,00,00,00,
9026182,108182FE,true,Tx,0,8,07,AD,00,00,00,00,00,00,
9027139,1081827E,true,Rx,0,8,2E,A1,00,00,00,00,00,00,
9027599,108182FE,true,Tx,0,8,08,AD,00,00,00,00,00,00,
9029541,1081827E,true,Rx,0,8,2F,A1,00,00,00,00,00,00,
9029096,108182FE,true,Tx,0,8,09,AD,00,00,00,00,00,00,
9030301,108182FE,true,Tx,0,8,0A,AD,00,00,00,00,00,00,
9031784,1081827E,true,Rx,0,8,20,A2,00,00,00,00,00,00,
9031454,108182FE,true,Tx,0,8,0B,AD,00,00,00,00,00,00,
9032582,108182FE,true,Tx,0,8,0C,AD,00,00,00,00,00,00,
9034076,1081827E,true,Rx,0,8,21,A2,00,00,00,00,00,00,
9033773,108182FE,true,Tx,0,8,0D,AD,00,00,00,00,00,00,
9034883,108182FE,true,Tx,0,8,0E,AD,00,00,00,00,00,00,
9036504,1081827E,true,Rx,0,8,22,A2,00,00,00,00,00,00,
9036027,108182FE,true,Tx,0,8,0F,AD,00,00,00,00,00,00,
9037129,108182FE,true,Tx,0,8,00,AE,00,00,00,00,00,00,
9038729,1081827E,true,Rx,0,8,23,A2,00,00,00,00,00,00,
9038273,108182FE,true,Tx,0,8,01,AE,00,00,00,00,00,00,
9039403,108182FE,true,Tx,0,8,02,AE,00,00,00,00,00,00,
9041065,1081827E,true,Rx,0,8,24,A2,00,00,00,00,00,00,
9040577,108182FE,true,Tx,0,8,03,AE,00,00,00,00,00,00,
9041710,108182FE,true,Tx,0,8,04,AE,00,00,00,00,00,00,
9042842,108182FE,true,Tx,0,8,05,AE,00,00,00,00,00,00,
9043504,1081827E,true,Rx,0,8,25,A2,00,00,00,00,00,00,
9044265,108182FE,true,Tx,0,8,06,AE,00,00,00,00,00,00,
9045667,1081827E,true,Rx,0,8,26,A2,00,00,00,00,00,00,
9045698,108182FE,true,Tx,0,8,07,AE,00,00,00,00,00,00,
9046870,108182FE,true,Tx,0,8,08,AE,00,00,00,00,00,00,
9048009,1081827E,true,Rx,0,8,27,A2,00,00,00,00,00,00,
9048075,108182FE,true,Tx,0,8,09,AE,00,00,00,00,00,00,
9049175,108182FE,true,Tx,0,8,0A,AE,00,00,00,00,00,00,
9050311,1081827E,true,Rx,0,8,28,A2,00,00,00,00,00,00,
9050333,108182FE,true,Tx,0,8,0B,AE,00,00,00,00,00,00,
9051419,108182FE,true,Tx,0,8,0C,AE,00,00,00,00,00,00,
9052681,1081827E,true,Rx,0,8,29,A2,00,00,00,00,00,00,
9052578,108182FE,true,Tx,0,8,0D,AE,00,00,00,00,00,00,
9053649,108182FE,true,Tx,0,8,0E,AE,00,00,00,00,00,00,
9055025,1081827E,true,Rx,0,8,2A,A2,00,00,00,00,00,00,
9054788,108182FE,true,Tx,0,8,0F,AE,00,00,00,00,00,00,
9055861,108182FE,true,Tx,0,8,00,AF,00,00,00,00,00,00,
9057306,1081827E,true,Rx,0,8,2B,A2,00,00,00,00,00,00,
9057042,108182FE,true,Tx,0,8,01,AF,00,00,00,00,00,00,
9058119,108182FE,true,Tx,0,8,02,AF,00,00,00,00,00,00,
9059618,1081827E,true,Rx,0,8,2C,A2,00,00,00,00,00,00,
9059254,108182FE,true,Tx,0,8,03,AF,00,00,00,00,00,00,
9060666,108182FE,true,Tx,0,8,04,AF,00,00,00,00,00,00,
9061947,1081827E,true,Rx,0,8,2D,A2,00,00,00,00,00,00,
9062094,108182FE,true,Tx,0,8,05,AF,00,00,00,00,00,00,
9063307,108182FE,true,Tx,0,8,06,AF,00,00,00,00,00,00,
9064244,1081827E,true,Rx,0,8,2E,A2,00,00,00,00,00,00,
9064498,108182FE,true,Tx,0,8,07,AF,00,00,00,00,00,00,
9065713,108182FE,true,Tx,0,8,08,AF,00,00,00,00,00,00,
9066622,1081827E,true,Rx,0,8,2F,A2,00,00,00,00,00,00,
9066829,108182FE,true,Tx,0,8,09,AF,00,00,00,00,00,00,
9067981,108182FE,true,Tx,0,8,0A,AF,00,00,00,00,00,00,
9068906,1081827E,true,Rx,0,8,01,A3,DD,F7,DD,F7,DD,F7,
9069218,108182FE,true,Tx,0,8,0B,AF,00,00,00,00,00,00,
9070422,108182FE,true,Tx,0,8,0C,AF,00,00,00,00,00,00,
9071197,1081827E,true,Rx,0,8,23,A3,00,00,00,00,00,00,
9071616,108182FE,true,Tx,0,8,0D,AF,00,00,00,00,00,00,
9072806,108182FE,true,Tx,0,8,0E,AF,00,00,00,00,00,00,
9073552,1081827E,true,Rx,0,8,25,A3,00,00,00,00,00,00,
9074104,108182FE,true,Tx,0,8,0F,AF,00,00,00,00,00,00,
9075849,1081827E,true,Rx,0,8,27,A3,00,00,00,00,00,00,
9075333,108182FE,true,Tx,0,8,00,B0,00,00,00,00,00,00,
9078134,1081827E,true,Rx,0,8,28,A3,00,00,00,00,00,00,
9077744,108182FE,true,Tx,0,8,01,B0,00,00,00,00,00,00,
9080511,1081827E,true,Rx,0,8,2A,A3,00,00,00,00,00,00,
9079995,108182FE,true,Tx,0,8,02,B0,00,00,00,00,00,00,
9082794,1081827E,true,Rx,0,8,2C,A3,00,00,00,00,00,00,
9082277,108182FE,true,Tx,0,8,03,B0,00,00,00,00,00,00,
9084094,108182FE,true,Tx,0,8,04,B0,00,00,00,00,00,00,
9085136,1081827E,true,Rx,0,8,2E,A3,00,00,00,00,00,00,
9085350,108182FE,true,Tx,0,8,05,B0,00,00,00,00,00,00,
9086441,108182FE,true,Tx,0,8,06,B0,00,00,00,00,00,00,
9087507,1081827E,true,Rx,0,8,20,A4,00,00,00,00,00,00,
9087661,108182FE,true,Tx,0,8,07,B0,00,00,00,00,00,00,
9088804,108182FE,true,Tx,0,8,08,B0,00,00,00,00,00,00,
9089780,1081827E,true,Rx,0,8,22,A4,00,00,00,00,00,00,
9090003,108182FE,true,Tx,0,8,09,B0,00,00,00,00,00,00,
9091116,108182FE,true,Tx,0,8,0A,B0,00,00,00,00,00,00,
9092134,1081827E,true,Rx,0,8,24,A4,00,00,00,00,00,00,
9092308,108182FE,true,Tx,0,8,0B,B0,00,00,00,00,00,00,
9093809,108182FE,true,Tx,0,8,0C,B0,00,00,00,00,00,00,
9094492,1081827E,true,Rx,0,8,26,A4,00,00,00,00,00,00,
9095249,108182FE,true,Tx,0,8,0D,B0,00,00,00,00,00,00,
9096732,1081827E,true,Rx,0,8,28,A4,00,00,00,00,00,00,
9096505,108182FE,true,Tx,0,8,0E,B0,00,00,00,00,00,00,
9097678,108182FE,true,Tx,0,8,0F,B0,00,00,00,00,00,00,
9099081,1081827E,true,Rx,0,8,29,A4,00,00,00,00,00,00,
9098846,108182FE,true,Tx,0,8,00,B1,00,00,00,00,00,00,
9099991,108182FE,true,Tx,0,8,01,B1,00,00,00,00,00,00,
9101505,1081827E,true,Rx,0,8,2B,A4,00,00,00,00,00,00,
9101124,108182FE,true,Tx,0,8,02,B1,00,00,00,00,00,00,
9102234,108182FE,true,Tx,0,8,03,B1,00,00,00,00,00,00,
9103738,1081827E,true,Rx,0,8,2D,A4,00,00,00,00,00,00,
9103353,108182FE,true,Tx,0,8,04,B1,00,00,00,00,00,00,
9104477,108182FE,true,Tx,0,8,05,B1,00,00,00,00,00,00,
9106082,1081827E,true,Rx,0,8,2F,A4,00,00,00,00,00,00,
9105615,108182FE,true,Tx,0,8,06,B1,00,00,00,00,00,00,
9106723,108182FE,true,Tx,0,8,07,B1,00,00,00,00,00,00,
9108368,1081827E,true,Rx,0,8,21,A5,00,00,00,00,00,00,
9107848,108182FE,true,Tx,0,8,08,B1,00,00,00,00,00,00,
9108978,108182FE,true,Tx,0,8,09,B1,00,00,00,00,00,00,
9110681,1081827E,true,Rx,0,8,22,A5,00,00,00,00,00,00,
9110445,108182FE,true,Tx,0,8,0A,B1,00,00,00,00,00,00,
9111811,108182FE,true,Tx,0,8,0B,B1,00,00,00,00,00,00,
9113018,1081827E,true,Rx,0,8,24,A5,00,00,00,00,00,00,
9113030,108182FE,true,Tx,0,8,0C,B1,00,00,00,00,00,00,
9114204,108182FE,true,Tx,0,8,0D,B1,00,00,00,00,00,00,
9115300,1081827E,true,Rx,0,8,28,A5,00,00,00,00,00,00,
9115419,108182FE,true,Tx,0,8,0E,B1,00,00,00,00,00,00,
9116537,108182FE,true,Tx,0,8,0F,B1,00,00,00,00,00,00,
9117615,1081827E,true,Rx,0,8,29,A5,00,00,00,00,00,00,
9117720,108182FE,true,Tx,0,8,00,B2,00,00,00,00,00,00,
9118823,108182FE,true,Tx,0,8,01,B2,00,00,00,00,00,00,
9119959,1081827E,true,Rx,0,8,2A,A5,00,00,00,00,00,00,
9119983,108182FE,true,Tx,0,8,02,B2,00,00,00,00,00,00,
9121074,108182FE,true,Tx,0,8,03,B2,00,00,00,00,00,00,
9122252,1081827E,true,Rx,0,8,2C,A5,00,00,00,00,00,00,
9122249,108182FE,true,Tx,0,8,04,B2,00,00,00,00,00,00,
9123396,108182FE,true,Tx,0,8,05,B2,00,00,00,00,00,00,
9124626,1081827E,true,Rx,0,8,2E,A5,00,00,00,00,00,00,
9124630,108182FE,true,Tx,0,8,06,B2,00,00,00,00,00,00,
9125800,108182FE,true,Tx,0,8,07,B2,00,00,00,00,00,00,
9126960,1081827E,true,Rx,0,8,20,A6,00,00,00,00,00,00,
9127894,108182FE,true,Tx,0,8,08,B2,00,00,00,00,00,00,
9129238,1081827E,true,Rx,0,8,22,A6,00,00,00,00,00,00,
9129156,108182FE,true,Tx,0,8,09,B2,00,00,00,00,00,00,
9130416,108182FE,true,Tx,0,8,0A,B2,00,00,00,00,00,00,
9131542,1081827E,true,Rx,0,8,23,A6,00,00,00,00,00,00,
9131872,108182FE,true,Tx,0,8,0B,B2,00,00,00,00,00,00,
9133216,108182FE,true,Tx,0,8,0C,B2,00,00,00,00,00,00,
9133905,1081827E,true,Rx,0,8,26,A6,00,00,00,00,00,00,
9134611,108182FE,true,Tx,0,8,0D,B2,00,00,00,00,00,00,
9136204,1081827E,true,Rx,0,8,27,A6,00,00,00,00,00,00,
9135931,108182FE,true,Tx,0,8,0E,B2,00,00,00,00,00,00,
9137198,108182FE,true,Tx,0,8,0F,B2,00,00,00,00,00,00,
9138552,1081827E,true,Rx,0,8,28,A6,00,00,00,00,00,00,
9138470,108182FE,true,Tx,0,8,00,B3,00,00,00,00,00,00,
9139735,108182FE,true,Tx,0,8,01,B3,00,00,00,00,00,00,
9140831,1081827E,true,Rx,0,8,2A,A6,00,00,00,00,00,00,
9141075,108182FE,true,Tx,0,8,02,B3,00,00,00,00,00,00,
9142294,108182FE,true,Tx,0,8,03,B3,00,00,00,00,00,00,
9143192,1081827E,true,Rx,0,8,2D,A6,00,00,00,00,00,00,
9144114,108182FE,true,Tx,0,8,04,B3,00,00,00,00,00,00,
9145547,1081827E,true,Rx,0,8,2E,A6,00,00,00,00,00,00,
9145467,108182FE,true,Tx,0,8,05,B3,00,00,00,00,00,00,
9146707,108182FE,true,Tx,0,8,06,B3,00,00,00,00,00,00,
9147785,1081827E,true,Rx,0,8,2F,A6,00,00,00,00,00,00,
9148004,108182FE,true,Tx,0,8,07,B3,00,00,00,00,00,00,
9149346,108182FE,true,Tx,0,8,08,B3,00,00,00,00,00,00,
9150133,1081827E,true,Rx,0,8,20,A7,00,00,00,00,00,00,
9150670,108182FE,true,Tx,0,8,09,B3,00,00,00,00,00,00,
9151908,108182FE,true,Tx,0,8,0A,B3,00,00,00,00,00,00,
9152505,1081827E,true,Rx,0,8,22,A7,00,00,00,00,00,00,
9153100,108182FE,true,Tx,0,8,0B,B3,00,00,00,00,00,00,
9154739,1081827E,true,Rx,0,8,24,A7,00,00,00,00,00,00,
9154303,108182FE,true,Tx,0,8,0C,B3,00,00,00,00,00,00,
9155510,108182FE,true,Tx,0,8,0D,B3,00,00,00,00,00,00,
9157076,1081827E,true,Rx,0,8,26,A7,00,00,00,00,00,00,
9156814,108182FE,true,Tx,0,8,0E,B3,00,00,00,00,00,00,
9159370,1081827E,true,Rx,0,8,28,A7,00,00,00,00,00,00,
9158957,108182FE,true,Tx,0,8,0F,B3,00,00,00,00,00,00,
9160266,108182FE,true,Tx,0,8,00,B4,00,00,00,00,00,00,
9161520,108182FE,true,Tx,0,8,01,B4,00,00,00,00,00,00,
9162844,1081827E,true,Rx,0,8,2A,A7,00,00,00,00,00,00,
9162845,1081827E,true,Rx,0,8,2C,A7,00,00,00,00,00,00,
9162655,108182FE,true,Tx,0,8,02,B4,00,00,00,00,00,00,
9163946,108182FE,true,Tx,0,8,03,B4,00,00,00,00,00,00,
9165140,108182FE,true,Tx,0,8,04,B4,00,00,00,00,00,00,
9166351,108182FE,true,Tx,0,8,05,B4,00,00,00,00,00,00,
9167512,1081827E,true,Rx,0,8,2D,A7,00,00,00,00,00,00,
9167512,1081827E,true,Rx,0,8,2F,A7,00,00,00,00,00,00,
9167520,108182FE,true,Tx,0,8,06,B4,00,00,00,00,00,00,
9168679,108182FE,true,Tx,0,8,07,B4,00,00,00,00,00,00,
9169792,108182FE,true,Tx,0,8,08,B4,00,00,00,00,00,00,
9170961,1081827E,true,Rx,0,8,21,A8,00,00,00,00,00,00,
9170959,108182FE,true,Tx,0,8,09,B4,00,00,00,00,00,00,
9172054,108182FE,true,Tx,0,8,0A,B4,00,00,00,00,00,00,
9173309,1081827E,true,Rx,0,8,23,A8,00,00,00,00,00,00,
9173229,108182FE,true,Tx,0,8,0B,B4,00,00,00,00,00,00,
9174322,108182FE,true,Tx,0,8,0C,B4,00,00,00,00,00,00,
9175678,1081827E,true,Rx,0,8,25,A8,00,00,00,00,00,00,
9175556,108182FE,true,Tx,0,8,0D,B4,00,00,00,00,00,00,
9177122,108182FE,true,Tx,0,8,0E,B4,00,00,00,00,00,00,
9177966,1081827E,true,Rx,0,8,27,A8,00,00,00,00,00,00,
9178485,108182FE,true,Tx,0,8,0F,B4,00,00,00,00,00,00,
9179689,108182FE,true,Tx,0,8,00,B5,00,00,00,00,00,00,
9180314,1081827E,true,Rx,0,8,28,A8,00,00,00,00,00,00,
9180913,108182FE,true,Tx,0,8,01,B5,00,00,00,00,00,00,
9182616,1081827E,true,Rx,0,8,2A,A8,00,00,00,00,00,00,
9182077,108182FE,true,Tx,0,8,02,B5,00,00,00,00,00,00,
9183234,108182FE,true,Tx,0,8,03,B5,00,00,00,00,00,00,
9184367,108182FE,true,Tx,0,8,04,B5,00,00,00,00,00,00,
9184970,1081827E,true,Rx,0,8,2C,A8,00,00,00,00,00,00,
9185508,108182FE,true,Tx,0,8,05,B5,00,00,00,00,00,00,
9186614,108182FE,true,Tx,0,8,06,B5,00,00,00,00,00,00,
9187250,1081827E,true,Rx,0,8,2E,A8,00,00,00,00,00,00,
9187731,108182FE,true,Tx,0,8,07,B5,00,00,00,00,00,00,
9188865,108182FE,true,Tx,0,8,08,B5,00,00,00,00,00,00,
9189579,1081827E,true,Rx,0,8,20,A9,00,00,00,00,00,00,
9190042,108182FE,true,Tx,0,8,09,B5,00,00,00,00,00,00,
9191231,108182FE,true,Tx,0,8,0A,B5,00,00,00,00,00,00,
9191907,1081827E,true,Rx,0,8,22,A9,00,00,00,00,00,00,
9192354,108182FE,true,Tx,0,8,0B,B5,00,00,00,00,00,00,
9194192,1081827E,true,Rx,0,8,24,A9,00,00,00,00,00,00,
9193764,108182FE,true,Tx,0,8,0C,B5,00,00,00,00,00,00,
9195241,108182FE,true,Tx,0,8,0D,B5,00,00,00,00,00,00,
9196550,1081827E,true,Rx,0,8,25,A9,00,00,00,00,00,00,
9196504,108182FE,true,Tx,0,8,0E,B5,00,00,00,00,00,00,
9197681,108182FE,true,Tx,0,8,0F,B5,00,00,00,00,00,00,
9198852,1081827E,true,Rx,0,8,26,A9,00,00,00,00,00,00,
9198841,108182FE,true,Tx,0,8,00,B6,00,00,00,00,00,00,
9199987,108182FE,true,Tx,0,8,01,B6,00,00,00,00,00,00,
9201144,1081827E,true,Rx,0,8,27,A9,00,00,00,00,00,00,
9201117,108182FE,true,Tx,0,8,02,B6,00,00,00,00,00,00,
9202226,108182FE,true,Tx,0,8,03,B6,00,00,00,00,00,00,
9203508,1081827E,true,Rx,0,8,28,A9,00,00,00,00,00,00,
9203345,108182FE,true,Tx,0,8,04,B6,00,00,00,00,00,00,
9204469,108182FE,true,Tx,0,8,05,B6,00,00,00,00,00,00,
9205791,1081827E,true,Rx,0,8,2A,A9,00,00,00,00,00,00,
9205709,108182FE,true,Tx,0,8,06,B6,00,00,00,00,00,00,
9206868,108182FE,true,Tx,0,8,07,B6,00,00,00,00,00,00,
9208082,1081827E,true,Rx,0,8,2C,A9,00,00,00,00,00,00,
9208048,108182FE,true,Tx,0,8,08,B6,00,00,00,00,00,00,
9209547,108182FE,true,Tx,0,8,09,B6,00,00,00,00,00,00,
9210503,1081827E,true,Rx,0,8,2E,A9,00,00,00,00,00,00,
9211169,108182FE,true,Tx,0,8,0A,B6,00,00,00,00,00,00,
9212726,1081827E,true,Rx,0,8,21,AA,00,00,00,00,00,00,
9212358,108182FE,true,Tx,0,8,0B,B6,00,00,00,00,00,00,
9213553,108182FE,true,Tx,0,8,0C,B6,00,00,00,00,00,00,
9214744,108182FE,true,Tx,0,8,0D,B6,00,00,00,00,00,00,
9215915,108182FE,true,Tx,0,8,0E,B6,00,00,00,00,00,00,
9217363,1081827E,true,Rx,0,8,22,AA,00,00,00,00,00,00,
9217364,1001117E,true,Rx,0,8,00,01,00,00,00,00,00,00,
9217365,1081827E,true,Rx,0,8,23,AA,00,00,00,00,00,00,
9217102,108182FE,true,Tx,0,8,0F,B6,00,00,00,00,00,00,
9218247,108182FE,true,Tx,0,8,00,B7,00,00,00,00,00,00,
9220851,1081827E,true,Rx,0,8,25,AA,00,00,00,00,00,00,
9223135,1081827E,true,Rx,0,8,26,AA,00,00,00,00,00,00,
9225510,1081827E,true,Rx,0,8,27,AA,00,00,00,00,00,00,
9227790,1081827E,true,Rx,0,8,29,AA,00,00,00,00,00,00,
9230134,1081827E,true,Rx,0,8,2A,AA,00,00,00,00,00,00,
9232507,1081827E,true,Rx,0,8,2C,AA,00,00,00,00,00,00,
9232481,108182FE,true,Tx,0,8,01,B7,00,00,00,00,00,00,
9234732,1081827E,true,Rx,0,8,2E,AA,00,00,00,00,00,00,
9237080,1081827E,true,Rx,0,8,20,AB,00,00,00,00,00,00,
9239369,1081827E,true,Rx,0,8,22,AB,00,00,00,00,00,00,
9241673,1081827E,true,Rx,0,8,24,AB,00,00,00,00,00,00,
9245138,1081827E,true,Rx,0,8,26,AB,00,00,00,00,00,00,
9245138,1081827E,true,Rx,0,8,28,AB,00,00,00,00,00,00,
9247734,108182FE,true,Tx,0,8,02,B7,00,00,00,00,00,00,
9248662,1081827E,true,Rx,0,8,2A,AB,00,00,00,00,00,00,
9249288,108182FE,true,Tx,0,8,03,B7,00,00,00,00,00,00,
9250969,1081827E,true,Rx,0,8,2C,AB,00,00,00,00,00,00,
9250580,108182FE,true,Tx,0,8,04,B7,00,00,00,00,00,00,
9251836,108182FE,true,Tx,0,8,05,B7,00,00,00,00,00,00,
9253245,1081827E,true,Rx,0,8,2D,AB,00,00,00,00,00,00,
9253078,108182FE,true,Tx,0,8,06,B7,00,00,00,00,00,00,
9254353,108182FE,true,Tx,0,8,07,B7,00,00,00,00,00,00,
9255617,1081827E,true,Rx,0,8,2F,AB,00,00,00,00,00,00,
9255601,108182FE,true,Tx,0,8,08,B7,00,00,00,00,00,00,
9256842,108182FE,true,Tx,0,8,09,B7,00,00,00,00,00,00,
9257913,1081827E,true,Rx,0,8,21,AC,00,00,00,00,00,00,
9258066,108182FE,true,Tx,0,8,0A,B7,00,00,00,00,00,00,
9259340,108182FE,true,Tx,0,8,0B,B7,00,00,00,00,00,00,
9260261,1081827E,true,Rx,0,8,22,AC,00,00,00,00,00,00,
9261129,108182FE,true,Tx,0,8,0C,B7,00,00,00,00,00,00,
9262624,1081827E,true,Rx,0,8,23,AC,00,00,00,00,00,00,
9263536,108182FE,true,Tx,0,8,0D,B7,00,00,00,00,00,00,
9264920,1081827E,true,Rx,0,8,24,AC,00,00,00,00,00,00,
9266233,108182FE,true,Tx,0,8,0E,B7,00,00,00,00,00,00,
9267250,1081827E,true,Rx,0,8,25,AC,00,00,00,00,00,00,
9267560,108182FE,true,Tx,0,8,0F,B7,00,00,00,00,00,00,
9268828,108182FE,true,Tx,0,8,00,B8,00,00,00,00,00,00,
9269550,1081827E,true,Rx,0,8,26,AC,00,00,00,00,00,00,
9270134,108182FE,true,Tx,0,8,01,B8,00,00,00,00,00,00,
9271330,108182FE,true,Tx,0,8,02,B8,00,00,00,00,00,00,
9271900,1081827E,true,Rx,0,8,27,AC,00,00,00,00,00,00,
9272598,108182FE,true,Tx,0,8,03,B8,00,00,00,00,00,00,
9274243,1081827E,true,Rx,0,8,28,AC,00,00,00,00,00,00,
9273888,108182FE,true,Tx,0,8,04,B8,00,00,00,00,00,00,
9275072,108182FE,true,Tx,0,8,05,B8,00,00,00,00,00,00,
9276553,1081827E,true,Rx,0,8,29,AC,00,00,00,00,00,00,
9276758,108182FE,true,Tx,0,8,06,B8,00,00,00,00,00,00,
9278848,1081827E,true,Rx,0,8,2A,AC,00,00,00,00,00,00,
9279380,108182FE,true,Tx,0,8,07,B8,00,00,00,00,00,00,
9281192,1081827E,true,Rx,0,8,2B,AC,00,00,00,00,00,00,
9280619,108182FE,true,Tx,0,8,08,B8,00,00,00,00,00,00,
9281822,108182FE,true,Tx,0,8,09,B8,00,00,00,00,00,00,
9283546,1081827E,true,Rx,0,8,2C,AC,00,00,00,00,00,00,
9283035,108182FE,true,Tx,0,8,0A,B8,00,00,00,00,00,00,
9284218,108182FE,true,Tx,0,8,0B,B8,00,00,00,00,00,00,
9285848,1081827E,true,Rx,0,8,2D,AC,00,00,00,00,00,00,
9285390,108182FE,true,Tx,0,8,0C,B8,00,00,00,00,00,00,
9286529,108182FE,true,Tx,0,8,0D,B8,00,00,00,00,00,00,
9288201,1081827E,true,Rx,0,8,2E,AC,00,00,00,00,00,00,
9287715,108182FE,true,Tx,0,8,0E,B8,00,00,00,00,00,00,
9288860,108182FE,true,Tx,0,8,0F,B8,00,00,00,00,00,00,
9290564,1081827E,true,Rx,0,8,2F,AC,00,00,00,00,00,00,
9290103,108182FE,true,Tx,0,8,00,B9,00,00,00,00,00,00,
9291290,108182FE,true,Tx,0,8,01,B9,00,00,00,00,00,00,
9292848,1081827E,true,Rx,0,8,20,AD,00,00,00,00,00,00,
9292502,108182FE,true,Tx,0,8,02,B9,00,00,00,00,00,00,
9294016,108182FE,true,Tx,0,8,03,B9,00,00,00,00,00,00,
9295122,1081827E,true,Rx,0,8,21,AD,00,00,00,00,00,00,
9295531,108182FE,true,Tx,0,8,04,B9,00,00,00,00,00,00,
9296648,108182FE,true,Tx,0,8,05,B9,00,00,00,00,00,00,
9297507,1081827E,true,Rx,0,8,22,AD,00,00,00,00,00,00,
9298107,108182FE,true,Tx,0,8,06,B9,00,00,00,00,00,00,
9299789,1081827E,true,Rx,0,8,23,AD,00,00,00,00,00,00,
9299298,108182FE,true,Tx,0,8,07,B9,00,00,00,00,00,00,
9300454,108182FE,true,Tx,0,8,08,B9,00,00,00,00,00,00,
9302083,1081827E,true,Rx,0,8,24,AD,00,00,00,00,00,00,
9301599,108182FE,true,Tx,0,8,09,B9,00,00,00,00,00,00,
9302766,108182FE,true,Tx,0,8,0A,B9,00,00,00,00,00,00,
9304365,1081827E,true,Rx,0,8,25,AD,00,00,00,00,00,00,
9303892,108182FE,true,Tx,0,8,0B,B9,00,00,00,00,00,00,
9305042,108182FE,true,Tx,0,8,0C,B9,00,00,00,00,00,00,
9306726,1081827E,true,Rx,0,8,26,AD,00,00,00,00,00,00,
9306217,108182FE,true,Tx,0,8,0D,B9,00,00,00,00,00,00,
9307367,108182FE,true,Tx,0,8,0E,B9,00,00,00,00,00,00,
9309026,1081827E,true,Rx,0,8,27,AD,00,00,00,00,00,00,
9308488,108182FE,true,Tx,0,8,0F,B9,00,00,00,00,00,00,
9309667,108182FE,true,Tx,0,8,00,BA,00,00,00,00,00,00,
9311356,1081827E,true,Rx,0,8,28,AD,00,00,00,00,00,00,
9311246,108182FE,true,Tx,0,8,01,BA,00,00,00,00,00,00,
9312555,108182FE,true,Tx,0,8,02,BA,00,00,00,00,00,00,
9313673,1081827E,true,Rx,0,8,29,AD,00,00,00,00,00,00,
9313831,108182FE,true,Tx,0,8,03,BA,00,00,00,00,00,00,
9315005,108182FE,true,Tx,0,8,04,BA,00,00,00,00,00,00,
9315965,1081827E,true,Rx,0,8,2A,AD,00,00,00,00,00,00,
9316126,108182FE,true,Tx,0,8,05,BA,00,00,00,00,00,00,
9317373,108182FE,true,Tx,0,8,06,BA,00,00,00,00,00,00,
9318308,1081827E,true,Rx,0,8,2B,AD,00,00,00,00,00,00,
9318540,108182FE,true,Tx,0,8,07,BA,00,00,00,00,00,00,
9319720,108182FE,true,Tx,0,8,08,BA,00,00,00,00,00,00,
9320613,1081827E,true,Rx,0,8,2D,AD,00,00,00,00,00,00,
9320928,108182FE,true,Tx,0,8,09,BA,00,00,00,00,00,00,
9322129,108182FE,true,Tx,0,8,0A,BA,00,00,00,00,00,00,
9322970,1081827E,true,Rx,0,8,2F,AD,00,00,00,00,00,00,
9323348,108182FE,true,Tx,0,8,0B,BA,00,00,00,00,00,00,
9324514,108182FE,true,Tx,0,8,0C,BA,00,00,00,00,00,00,
9325257,1081827E,true,Rx,0,8,21,AE,00,00,00,00,00,00,
9325735,108182FE,true,Tx,0,8,0D,BA,00,00,00,00,00,00,
9327561,1081827E,true,Rx,0,8,23,AE,00,00,00,00,00,00,
9327249,108182FE,true,Tx,0,8,0E,BA,00,00,00,00,00,00,
9328646,108182FE,true,Tx,0,8,0F,BA,00,00,00,00,00,00,
9329905,1081827E,true,Rx,0,8,25,AE,00,00,00,00,00,00,
9329952,108182FE,true,Tx,0,8,00,BB,00,00,00,00,00,00,
9331159,108182FE,true,Tx,0,8,01,BB,00,00,00,00,00,00,
9332187,1081827E,true,Rx,0,8,27,AE,00,00,00,00,00,00,
9332429,108182FE,true,Tx,0,8,02,BB,00,00,00,00,00,00,
9333638,108182FE,true,Tx,0,8,03,BB,00,00,00,00,00,00,
9334562,1081827E,true,Rx,0,8,29,AE,00,00,00,00,00,00,
9334935,108182FE,true,Tx,0,8,04,BB,00,00,00,00,00,00,
9336174,108182FE,true,Tx,0,8,05,BB,00,00,00,00,00,00,
9336851,1081827E,true,Rx,0,8,2B,AE,00,00,00,00,00,00,
9337907,108182FE,true,Tx,0,8,06,BB,00,00,00,00,00,00,
9339209,1081827E,true,Rx,0,8,2D,AE,00,00,00,00,00,00,
9339214,108182FE,true,Tx,0,8,07,BB,00,00,00,00,00,00,
9340545,108182FE,true,Tx,0,8,08,BB,00,00,00,00,00,00,
9341581,1081827E,true,Rx,0,8,2F,AE,00,00,00,00,00,00,
9341756,108182FE,true,Tx,0,8,09,BB,00,00,00,00,00,00,
9342983,108182FE,true,Tx,0,8,0A,BB,00,00,00,00,00,00,
9343791,1081827E,true,Rx,0,8,21,AF,00,00,00,00,00,00,
9344867,108182FE,true,Tx,0,8,0B,BB,00,00,00,00,00,00,
9346134,1081827E,true,Rx,0,8,23,AF,00,00,00,00,00,00,
9346238,108182FE,true,Tx,0,8,0C,BB,00,00,00,00,00,00,
9347434,108182FE,true,Tx,0,8,0D,BB,00,00,00,00,00,00,
9348507,1081827E,true,Rx,0,8,25,AF,00,00,00,00,00,00,
9348739,108182FE,true,Tx,0,8,0E,BB,00,00,00,00,00,00,
9349928,108182FE,true,Tx,0,8,0F,BB,00,00,00,00,00,00,
9350736,1081827E,true,Rx,0,8,27,AF,00,00,00,00,00,00,
9351214,108182FE,true,Tx,0,8,00,BC,00,00,00,00,00,00,
9352425,108182FE,true,Tx,0,8,01,BC,00,00,00,00,00,00,
9353079,1081827E,true,Rx,0,8,29,AF,00,00,00,00,00,00,
9353694,108182FE,true,Tx,0,8,02,BC,00,00,00,00,00,00,
9355370,1081827E,true,Rx,0,8,2B,AF,00,00,00,00,00,00,
9355024,108182FE,true,Tx,0,8,03,BC,00,00,00,00,00,00,
9356263,108182FE,true,Tx,0,8,04,BC,00,00,00,00,00,00,
9357682,1081827E,true,Rx,0,8,2D,AF,00,00,00,00,00,00,
9357540,108182FE,true,Tx,0,8,05,BC,00,00,00,00,00,00,
9358804,108182FE,true,Tx,0,8,06,BC,00,00,00,00,00,00,
9360022,1081827E,true,Rx,0,8,2F,AF,00,00,00,00,00,00,
9360147,108182FE,true,Tx,0,8,07,BC,00,00,00,00,00,00,
9361620,108182FE,true,Tx,0,8,08,BC,00,00,00,00,00,00,
9362367,1081827E,true,Rx,0,8,20,B0,00,00,00,00,00,00,
9362904,108182FE,true,Tx,0,8,09,BC,00,00,00,00,00,00,
9364097,108182FE,true,Tx,0,8,0A,BC,00,00,00,00,00,00,
9364732,1081827E,true,Rx,0,8,21,B0,00,00,00,00,00,00,
9365286,108182FE,true,Tx,0,8,0B,BC,00,00,00,00,00,00,
9367021,1081827E,true,Rx,0,8,22,B0,00,00,00,00,00,00,
9366468,108182FE,true,Tx,0,8,0C,BC,00,00,00,00,00,00,
9367643,108182FE,true,Tx,0,8,0D,BC,00,00,00,00,00,00,
9369366,1081827E,true,Rx,0,8,23,B0,00,00,00,00,00,00,
9368815,108182FE,true,Tx,0,8,0E,BC,00,00,00,00,00,00,
9369978,108182FE,true,Tx,0,8,0F,BC,00,00,00,00,00,00,
9371683,1081827E,true,Rx,0,8,25,B0,00,00,00,00,00,00,
9371143,108182FE,true,Tx,0,8,00,BD,00,00,00,00,00,00,
9372521,108182FE,true,Tx,0,8,01,BD,00,00,00,00,00,00,
9374020,1081827E,true,Rx,0,8,27,B0,00,00,00,00,00,00,
9374104,108182FE,true,Tx,0,8,02,BD,00,00,00,00,00,00,
9375425,108182FE,true,Tx,0,8,03,BD,00,00,00,00,00,00,
9376367,1081827E,true,Rx,0,8,29,B0,00,00,00,00,00,00,
9376984,108182FE,true,Tx,0,8,04,BD,00,00,00,00,00,00,
9378676,1081827E,true,Rx,0,8,2B,B0,00,00,00,00,00,00,
9378528,108182FE,true,Tx,0,8,05,BD,00,00,00,00,00,00,
9379802,108182FE,true,Tx,0,8,06,BD,00,00,00,00,00,00,
9381020,1081827E,true,Rx,0,8,2C,B0,00,00,00,00,00,00,
9380979,108182FE,true,Tx,0,8,07,BD,00,00,00,00,00,00,
9382236,108182FE,true,Tx,0,8,08,BD,00,00,00,00,00,00,
9383309,1081827E,true,Rx,0,8,2E,B0,00,00,00,00,00,00,
9383390,108182FE,true,Tx,0,8,09,BD,00,00,00,00,00,00,
9384799,108182FE,true,Tx,0,8,0A,BD,00,00,00,00,00,00,
9385619,1081827E,true,Rx,0,8,20,B1,00,00,00,00,00,00,
9386061,108182FE,true,Tx,0,8,0B,BD,00,00,00,00,00,00,
9387223,108182FE,true,Tx,0,8,0C,BD,00,00,00,00,00,00,
9387967,1081827E,true,Rx,0,8,22,B1,00,00,00,00,00,00,
9388352,108182FE,true,Tx,0,8,0D,BD,00,00,00,00,00,00,
9389525,108182FE,true,Tx,0,8,0E,BD,00,00,00,00,00,00,
9390309,1081827E,true,Rx,0,8,24,B1,00,00,00,00,00,00,
9390664,108182FE,true,Tx,0,8,0F,BD,00,00,00,00,00,00,
9392032,108182FE,true,Tx,0,8,00,BE,00,00,00,00,00,00,
9392628,1081827E,true,Rx,0,8,26,B1,00,00,00,00,00,00,
9393363,108182FE,true,Tx,0,8,01,BE,00,00,00,00,00,00,
9394910,1081827E,true,Rx,0,8,28,B1,00,00,00,00,00,00,
9394609,108182FE,true,Tx,0,8,02,BE,00,00,00,00,00,00,
9395801,108182FE,true,Tx,0,8,03,BE,00,00,00,00,00,00,
9397254,1081827E,true,Rx,0,8,2A,B1,00,00,00,00,00,00,
9396949,108182FE,true,Tx,0,8,04,BE,00,00,00,00,00,00,
9398129,108182FE,true,Tx,0,8,05,BE,00,00,00,00,00,00,
9399553,1081827E,true,Rx,0,8,2C,B1,00,00,00,00,00,00,
9399328,108182FE,true,Tx,0,8,06,BE,00,00,00,00,00,00,
9400520,108182FE,true,Tx,0,8,07,BE,00,00,00,00,00,00,
9401857,1081827E,true,Rx,0,8,2E,B1,00,00,00,00,00,00,
9401661,108182FE,true,Tx,0,8,08,BE,00,00,00,00,00,00,
9402873,108182FE,true,Tx,0,8,09,BE,00,00,00,00,00,00,
9404194,1081827E,true,Rx,0,8,20,B2,00,00,00,00,00,00,
9404193,108182FE,true,Tx,0,8,0A,BE,00,00,00,00,00,00,
9405366,108182FE,true,Tx,0,8,0B,BE,00,00,00,00,00,00,
9406554,1081827E,true,Rx,0,8,22,B2,00,00,00,00,00,00,
9406520,108182FE,true,Tx,0,8,0C,BE,00,00,00,00,00,00,
9407697,108182FE,true,Tx,0,8,0D,BE,00,00,00,00,00,00,
9408854,1081827E,true,Rx,0,8,24,B2,00,00,00,00,00,00,
9408888,108182FE,true,Tx,0,8,0E,BE,00,00,00,00,00,00,
9410462,108182FE,true,Tx,0,8,0F,BE,00,00,00,00,00,00,
9411187,1081827E,true,Rx,0,8,26,B2,00,00,00,00,00,00,
9411762,108182FE,true,Tx,0,8,00,BF,00,00,00,00,00,00,
9413511,1081827E,true,Rx,0,8,28,B2,00,00,00,00,00,00,
9412972,108182FE,true,Tx,0,8,01,BF,00,00,00,00,00,00,
9414132,108182FE,true,Tx,0,8,02,BF,00,00,00,00,00,00,
9415792,1081827E,true,Rx,0,8,29,B2,00,00,00,00,00,00,
9415338,108182FE,true,Tx,0,8,03,BF,00,00,00,00,00,00,
9416456,108182FE,true,Tx,0,8,04,BF,00,00,00,00,00,00,
9418138,1081827E,true,Rx,0,8,2B,B2,00,00,00,00,00,00,
9417644,108182FE,true,Tx,0,8,05,BF,00,00,00,00,00,00,
9418803,108182FE,true,Tx,0,8,06,BF,00,00,00,00,00,00,
9420513,1081827E,true,Rx,0,8,2D,B2,00,00,00,00,00,00,
9420020,108182FE,true,Tx,0,8,07,BF,00,00,00,00,00,00,
9421151,108182FE,true,Tx,0,8,08,BF,00,00,00,00,00,00,
9422801,1081827E,true,Rx,0,8,2E,B2,00,00,00,00,00,00,
9422363,108182FE,true,Tx,0,8,09,BF,00,00,00,00,00,00,
9423510,108182FE,true,Tx,0,8,0A,BF,00,00,00,00,00,00,
9425137,1081827E,true,Rx,0,8,20,B3,00,00,00,00,00,00,
9424750,108182FE,true,Tx,0,8,0B,BF,00,00,00,00,00,00,
9425876,108182FE,true,Tx,0,8,0C,BF,00,00,00,00,00,00,
9427511,1081827E,true,Rx,0,8,22,B3,00,00,00,00,00,00,
9427356,108182FE,true,Tx,0,8,0D,BF,00,00,00,00,00,00,
9428733,108182FE,true,Tx,0,8,0E,BF,00,00,00,00,00,00,
9429734,1081827E,true,Rx,0,8,24,B3,00,00,00,00,00,00,
9429997,108182FE,true,Tx,0,8,0F,BF,00,00,00,00,00,00,
9431173,108182FE,true,Tx,0,8,00,C0,00,00,00,00,00,00,
9432078,1081827E,true,Rx,0,8,25,B3,00,00,00,00,00,00,
9432378,108182FE,true,Tx,0,8,01,C0,00,00,00,00,00,00,
9433532,108182FE,true,Tx,0,8,02,C0,00,00,00,00,00,00,
9434376,1081827E,true,Rx,0,8,27,B3,00,00,00,00,00,00,
9434688,108182FE,true,Tx,0,8,03,C0,00,00,00,00,00,00,
9435842,108182FE,true,Tx,0,8,04,C0,00,00,00,00,00,00,
9436679,1081827E,true,Rx,0,8,29,B3,00,00,00,00,00,00,
9437049,108182FE,true,Tx,0,8,05,C0,00,00,00,00,00,00,
9438230,108182FE,true,Tx,0,8,06,C0,00,00,00,00,00,00,
9438964,1081827E,true,Rx,0,8,2A,B3,00,00,00,00,00,00,
9439440,108182FE,true,Tx,0,8,07,C0,00,00,00,00,00,00,
9440597,108182FE,true,Tx,0,8,08,C0,00,00,00,00,00,00,
9441303,1081827E,true,Rx,0,8,2C,B3,00,00,00,00,00,00,
9441758,108182FE,true,Tx,0,8,09,C0,00,00,00,00,00,00,
9442897,108182FE,true,Tx,0,8,0A,C0,00,00,00,00,00,00,
9443624,1081827E,true,Rx,0,8,2E,B3,00,00,00,00,00,00,
9444435,108182FE,true,Tx,0,8,0B,C0,00,00,00,00,00,00,
9445960,1081827E,true,Rx,0,8,2F,B3,00,00,00,00,00,00,
9445828,108182FE,true,Tx,0,8,0C,C0,00,00,00,00,00,00,
9447015,108182FE,true,Tx,0,8,0D,C0,00,00,00,00,00,00,
9448305,1081827E,true,Rx,0,8,22,B4,00,00,00,00,00,00,
9448248,108182FE,true,Tx,0,8,0E,C0,00,00,00,00,00,00,
9449354,108182FE,true,Tx,0,8,0F,C0,00,00,00,00,00,00,
9450620,1081827E,true,Rx,0,8,23,B4,00,00,00,00,00,00,
9450541,108182FE,true,Tx,0,8,00,C1,00,00,00,00,00,00,
9451694,108182FE,true,Tx,0,8,01,C1,00,00,00,00,00,00,
9452974,1081827E,true,Rx,0,8,26,B4,00,00,00,00,00,00,
9452868,108182FE,true,Tx,0,8,02,C1,00,00,00,00,00,00,
9453969,108182FE,true,Tx,0,8,03,C1,00,00,00,00,00,00,
9455252,1081827E,true,Rx,0,8,27,B4,00,00,00,00,00,00,
9455143,108182FE,true,Tx,0,8,04,C1,00,00,00,00,00,00,
9456318,108182FE,true,Tx,0,8,05,C1,00,00,00,00,00,00,
9457564,108182FE,true,Tx,0,8,06,C1,00,00,00,00,00,00,
9458735,1081827E,true,Rx,0,8,29,B4,00,00,00,00,00,00,
9458736,1081827E,true,Rx,0,8,2B,B4,00,00,00,00,00,00,
9458746,108182FE,true,Tx,0,8,07,C1,00,00,00,00,00,00,
9460107,108182FE,true,Tx,0,8,08,C1,00,00,00,00,00,00,
9461558,108182FE,true,Tx,0,8,09,C1,00,00,00,00,00,00,
9462920,108182FE,true,Tx,0,8,0A,C1,00,00,00,00,00,00,
9463509,1081827E,true,Rx,0,8,2D,B4,00,00,00,00,00,00,
9463510,1081827E,true,Rx,0,8,2F,B4,00,00,00,00,00,00,
9464343,108182FE,true,Tx,0,8,0B,C1,00,00,00,00,00,00,
9465557,108182FE,true,Tx,0,8,0C,C1,00,00,00,00,00,00,
9466906,1081827E,true,Rx,0,8,20,B5,00,00,00,00,00,00,
9466958,108182FE,true,Tx,0,8,0D,C1,00,00,00,00,00,00,
9468231,108182FE,true,Tx,0,8,0E,C1,00,00,00,00,00,00,
9469253,1081827E,true,Rx,0,8,22,B5,00,00,00,00,00,00,
9471553,1081827E,true,Rx,0,8,24,B5,00,00,00,00,00,00,
9473850,1081827E,true,Rx,0,8,26,B5,00,00,00,00,00,00,
9476143,1081827E,true,Rx,0,8,29,B5,00,00,00,00,00,00,
9478512,1081827E,true,Rx,0,8,2B,B5,00,00,00,00,00,00,
9480796,1081827E,true,Rx,0,8,2C,B5,00,00,00,00,00,00,
9483136,1081827E,true,Rx,0,8,2E,B5,00,00,00,00,00,00,
9482850,108182FE,true,Tx,0,8,0F,C1,00,00,00,00,00,00,
9485511,1081827E,true,Rx,0,8,20,B6,00,00,00,00,00,00,
9487789,1081827E,true,Rx,0,8,22,B6,00,00,00,00,00,00,
9490075,1081827E,true,Rx,0,8,24,B6,00,00,00,00,00,00,
9492505,1081827E,true,Rx,0,8,26,B6,00,00,00,00,00,00,
9494740,1081827E,true,Rx,0,8,28,B6,00,00,00,00,00,00,
9497065,1081827E,true,Rx,0,8,2A,B6,00,00,00,00,00,00,
9499369,1081827E,true,Rx,0,8,2B,B6,00,00,00,00,00,00,
9499226,108182FE,true,Tx,0,8,00,C2,00,00,00,00,00,00,
9500670,108182FE,true,Tx,0,8,01,C2,00,00,00,00,00,00,
9501741,1081827E,true,Rx,0,8,2F,B6,00,00,00,00,00,00,
9501956,108182FE,true,Tx,0,8,02,C2,00,00,00,00,00,00,
9503170,108182FE,true,Tx,0,8,03,C2,00,00,00,00,00,00,
9504028,1081827E,true,Rx,0,8,20,B7,00,00,00,00,00,00,
9504807,108182FE,true,Tx,0,8,04,C2,00,00,00,00,00,00,
9506361,1081827E,true,Rx,0,8,21,B7,00,00,00,00,00,00,
9506531,108182FE,true,Tx,0,8,05,C2,00,00,00,00,00,00,
9508079,108182FE,true,Tx,0,8,06,C2,00,00,00,00,00,00,
9508685,1081827E,true,Rx,0,8,22,B7,00,00,00,00,00,00,
9509712,108182FE,true,Tx,0,8,07,C2,00,00,00,00,00,00,
9510972,1081827E,true,Rx,0,8,23,B7,00,00,00,00,00,00,
9511668,108182FE,true,Tx,0,8,08,C2,00,00,00,00,00,00,
9513328,1081827E,true,Rx,0,8,24,B7,00,00,00,00,00,00,
9513856,108182FE,true,Tx,0,8,09,C2,00,00,00,00,00,00,
9515613,1081827E,true,Rx,0,8,25,B7,00,00,00,00,00,00,
9515268,108182FE,true,Tx,0,8,0A,C2,00,00,00,00,00,00,
9516496,108182FE,true,Tx,0,8,0B,C2,00,00,00,00,00,00,
9517912,1081827E,true,Rx,0,8,26,B7,00,00,00,00,00,00,
9517625,108182FE,true,Tx,0,8,0C,C2,00,00,00,00,00,00,
9518945,108182FE,true,Tx,0,8,0D,C2,00,00,00,00,00,00,
9520249,1081827E,true,Rx,0,8,27,B7,00,00,00,00,00,00,
9520290,108182FE,true,Tx,0,8,0E,C2,00,00,00,00,00,00,
9521455,108182FE,true,Tx,0,8,0F,C2,00,00,00,00,00,00,
9522553,1081827E,true,Rx,0,8,28,B7,00,00,00,00,00,00,
9522546,108182FE,true,Tx,0,8,00,C3,00,00,00,00,00,00,
9523702,108182FE,true,Tx,0,8,01,C3,00,00,00,00,00,00,
9524854,1081827E,true,Rx,0,8,29,B7,00,00,00,00,00,00,
9524802,108182FE,true,Tx,0,8,02,C3,00,00,00,00,00,00,
9526022,108182FE,true,Tx,0,8,03,C3,00,00,00,00,00,00,
9527195,1081827E,true,Rx,0,8,2A,B7,00,00,00,00,00,00,
9527531,108182FE,true,Tx,0,8,04,C3,00,00,00,00,00,00,
9528849,108182FE,true,Tx,0,8,05,C3,00,00,00,00,00,00,
9529520,1081827E,true,Rx,0,8,2B,B7,00,00,00,00,00,00,
9530045,108182FE,true,Tx,0,8,06,C3,00,00,00,00,00,00,
9531161,108182FE,true,Tx,0,8,07,C3,00,00,00,00,00,00,
9531794,1081827E,true,Rx,0,8,2C,B7,00,00,00,00,00,00,
9532313,108182FE,true,Tx,0,8,08,C3,00,00,00,00,00,00,
9533397,108182FE,true,Tx,0,8,09,C3,00,00,00,00,00,00,
9534138,1081827E,true,Rx,0,8,2D,B7,00,00,00,00,00,00,
9534527,108182FE,true,Tx,0,8,0A,C3,00,00,00,00,00,00,
9535598,108182FE,true,Tx,0,8,0B,C3,00,00,00,00,00,00,
9536507,1081827E,true,Rx,0,8,2E,B7,00,00,00,00,00,00,
9536802,108182FE,true,Tx,0,8,0C,C3,00,00,00,00,00,00,
9537860,108182FE,true,Tx,0,8,0D,C3,00,00,00,00,00,00,
9538792,1081827E,true,Rx,0,8,2F,B7,00,00,00,00,00,00,
9539037,108182FE,true,Tx,0,8,0E,C3,00,00,00,00,00,00,
9540112,108182FE,true,Tx,0,8,0F,C3,00,00,00,00,00,00,
9541128,1081827E,true,Rx,0,8,20,B8,00,00,00,00,00,00,
9541260,108182FE,true,Tx,0,8,00,C4,00,00,00,00,00,00,
9542436,108182FE,true,Tx,0,8,01,C4,00,00,00,00,00,00,
9543646,108182FE,true,Tx,0,8,02,C4,00,00,00,00,00,00,
9544679,1081827E,true,Rx,0,8,21,B8,00,00,00,00,00,00,
9544680,1081827E,true,Rx,0,8,22,B8,00,00,00,00,00,00,
9544815,108182FE,true,Tx,0,8,03,C4,00,00,00,00,00,00,
9545928,108182FE,true,Tx,0,8,04,C4,00,00,00,00,00,00,
9547071,108182FE,true,Tx,0,8,05,C4,00,00,00,00,00,00,
9548144,1081827E,true,Rx,0,8,23,B8,00,00,00,00,00,00,
9548219,108182FE,true,Tx,0,8,06,C4,00,00,00,00,00,00,
9549327,108182FE,true,Tx,0,8,07,C4,00,00,00,00,00,00,
9550515,1081827E,true,Rx,0,8,24,B8,00,00,00,00,00,00,
9550472,108182FE,true,Tx,0,8,08,C4,00,00,00,00,00,00,
9551599,108182FE,true,Tx,0,8,09,C4,00,00,00,00,00,00,
9552793,1081827E,true,Rx,0,8,25,B8,00,00,00,00,00,00,
9552727,108182FE,true,Tx,0,8,0A,C4,00,00,00,00,00,00,
9553845,108182FE,true,Tx,0,8,0B,C4,00,00,00,00,00,00,
9555134,1081827E,true,Rx,0,8,26,B8,00,00,00,00,00,00,
9554987,108182FE,true,Tx,0,8,0C,C4,00,00,00,00,00,00,
9556077,108182FE,true,Tx,0,8,0D,C4,00,00,00,00,00,00,
9557521,1081827E,true,Rx,0,8,27,B8,00,00,00,00,00,00,
9557341,108182FE,true,Tx,0,8,0E,C4,00,00,00,00,00,00,
9558522,108182FE,true,Tx,0,8,0F,C4,00,00,00,00,00,00,
9559797,1081827E,true,Rx,0,8,28,B8,00,00,00,00,00,00,
9559629,108182FE,true,Tx,0,8,00,C5,00,00,00,00,00,00,
9561021,108182FE,true,Tx,0,8,01,C5,00,00,00,00,00,00,
9562458,108182FE,true,Tx,0,8,02,C5,00,00,00,00,00,00,
9563311,1081827E,true,Rx,0,8,29,B8,00,00,00,00,00,00,
9563312,1081827E,true,Rx,0,8,2A,B8,00,00,00,00,00,00,
9563704,108182FE,true,Tx,0,8,03,C5,00,00,00,00,00,00,
9564862,108182FE,true,Tx,0,8,04,C5,00,00,00,00,00,00,
9566040,108182FE,true,Tx,0,8,05,C5,00,00,00,00,00,00,
9566798,1081827E,true,Rx,0,8,2B,B8,00,00,00,00,00,00,
9567208,108182FE,true,Tx,0,8,06,C5,00,00,00,00,00,00,
9568360,108182FE,true,Tx,0,8,07,C5,00,00,00,00,00,00,
9569088,1081827E,true,Rx,0,8,2C,B8,00,00,00,00,00,00,
9569536,108182FE,true,Tx,0,8,08,C5,00,00,00,00,00,00,
9570700,108182FE,true,Tx,0,8,09,C5,00,00,00,00,00,00,
9571512,1081827E,true,Rx,0,8,2D,B8,00,00,00,00,00,00,
9571867,108182FE,true,Tx,0,8,0A,C5,00,00,00,00,00,00,
9573003,108182FE,true,Tx,0,8,0B,C5,00,00,00,00,00,00,
9574169,108182FE,true,Tx,0,8,0C,C5,00,00,00,00,00,00,
9574913,1081827E,true,Rx,0,8,2E,B8,00,00,00,00,00,00,
9574914,1081827E,true,Rx,0,8,20,B9,00,00,00,00,00,00,
9575314,108182FE,true,Tx,0,8,0D,C5,00,00,00,00,00,00,
9576431,108182FE,true,Tx,0,8,0E,C5,00,00,00,00,00,00,
9578372,1081827E,true,Rx,0,8,22,B9,00,00,00,00,00,00,
9578096,108182FE,true,Tx,0,8,0F,C5,00,00,00,00,00,00,
9579514,108182FE,true,Tx,0,8,00,C6,00,00,00,00,00,00,
9580688,1081827E,true,Rx,0,8,24,B9,00,00,00,00,00,00,
9580768,108182FE,true,Tx,0,8,01,C6,00,00,00,00,00,00,
9581967,108182FE,true,Tx,0,8,02,C6,00,00,00,00,00,00,
9583014,1081827E,true,Rx,0,8,26,B9,00,00,00,00,00,00,
9583188,108182FE,true,Tx,0,8,03,C6,00,00,00,00,00,00,
9584336,108182FE,true,Tx,0,8,04,C6,00,00,00,00,00,00,
9585311,1081827E,true,Rx,0,8,27,B9,00,00,00,00,00,00,
9585538,108182FE,true,Tx,0,8,05,C6,00,00,00,00,00,00,
9586679,108182FE,true,Tx,0,8,06,C6,00,00,00,00,00,00,
9587621,1081827E,true,Rx,0,8,29,B9,00,00,00,00,00,00,
9587810,108182FE,true,Tx,0,8,07,C6,00,00,00,00,00,00,
9588991,108182FE,true,Tx,0,8,08,C6,00,00,00,00,00,00,
9589950,1081827E,true,Rx,0,8,2B,B9,00,00,00,00,00,00,
9590182,108182FE,true,Tx,0,8,09,C6,00,00,00,00,00,00,
9591288,108182FE,true,Tx,0,8,0A,C6,00,00,00,00,00,00,
9592255,1081827E,true,Rx,0,8,2D,B9,00,00,00,00,00,00,
9592445,108182FE,true,Tx,0,8,0B,C6,00,00,00,00,00,00,
9593587,108182FE,true,Tx,0,8,0C,C6,00,00,00,00,00,00,
9594622,1081827E,true,Rx,0,8,2F,B9,00,00,00,00,00,00,
9595019,108182FE,true,Tx,0,8,0D,C6,00,00,00,00,00,00,
9596901,1081827E,true,Rx,0,8,21,BA,00,00,00,00,00,00,
9596417,108182FE,true,Tx,0,8,0E,C6,00,00,00,00,00,00,
9597593,108182FE,true,Tx,0,8,0F,C6,00,00,00,00,00,00,
9599256,1081827E,true,Rx,0,8,23,BA,00,00,00,00,00,00,
9598809,108182FE,true,Tx,0,8,00,C7,00,00,00,00,00,00,
9600061,108182FE,true,Tx,0,8,01,C7,00,00,00,00,00,00,
9601557,1081827E,true,Rx,0,8,25,BA,00,00,00,00,00,00,
9601196,108182FE,true,Tx,0,8,02,C7,00,00,00,00,00,00,
9602345,108182FE,true,Tx,0,8,03,C7,00,00,00,00,00,00,
9603855,1081827E,true,Rx,0,8,27,BA,00,00,00,00,00,00,
9603461,108182FE,true,Tx,0,8,04,C7,00,00,00,00,00,00,
9604580,108182FE,true,Tx,0,8,05,C7,00,00,00,00,00,00,
9606197,1081827E,true,Rx,0,8,29,BA,00,00,00,00,00,00,
9605706,108182FE,true,Tx,0,8,06,C7,00,00,00,00,00,00,
9606832,108182FE,true,Tx,0,8,07,C7,00,00,00,00,00,00,
9607935,108182FE,true,Tx,0,8,08,C7,00,00,00,00,00,00,
9608513,1081827E,true,Rx,0,8,2B,BA,00,00,00,00,00,00,
9609179,108182FE,true,Tx,0,8,09,C7,00,00,00,00,00,00,
9610798,1081827E,true,Rx,0,8,2D,BA,00,00,00,00,00,00,
9610282,108182FE,true,Tx,0,8,0A,C7,00,00,00,00,00,00,
9611759,108182FE,true,Tx,0,8,0B,C7,00,00,00,00,00,00,
9613186,108182FE,true,Tx,0,8,0C,C7,00,00,00,00,00,00,
9614438,108182FE,true,Tx,0,8,0D,C7,00,00,00,00,00,00,
9615518,1081827E,true,Rx,0,8,2E,BA,00,00,00,00,00,00,
9615519,1001117E,true,Rx,0,8,00,01,00,00,00,00,00,00,
9615520,1081827E,true,Rx,0,8,20,BB,00,00,00,00,00,00,
9615700,108182FE,true,Tx,0,8,0E,C7,00,00,00,00,00,00,
9616840,108182FE,true,Tx,0,8,0F,C7,00,00,00,00,00,00,
9617973,108182FE,true,Tx,0,8,00,C8,00,00,00,00,00,00,
9618908,1081827E,true,Rx,0,8,22,BB,00,00,00,00,00,00,
9619182,108182FE,true,Tx,0,8,01,C8,00,00,00,00,00,00,
9620306,108182FE,true,Tx,0,8,02,C8,00,00,00,00,00,00,
9621195,1081827E,true,Rx,0,8,24,BB,00,00,00,00,00,00,
9621461,108182FE,true,Tx,0,8,03,C8,00,00,00,00,00,00,
9622606,108182FE,true,Tx,0,8,04,C8,00,00,00,00,00,00,
9623558,1081827E,true,Rx,0,8,25,BB,00,00,00,00,00,00,
9623899,108182FE,true,Tx,0,8,05,C8,00,00,00,00,00,00,
9625056,108182FE,true,Tx,0,8,06,C8,00,00,00,00,00,00,
9625913,1081827E,true,Rx,0,8,27,BB,00,00,00,00,00,00,
9626244,108182FE,true,Tx,0,8,07,C8,00,00,00,00,00,00,
9627405,108182FE,true,Tx,0,8,08,C8,00,00,00,00,00,00,
9628191,1081827E,true,Rx,0,8,29,BB,00,00,00,00,00,00,
9629179,108182FE,true,Tx,0,8,09,C8,00,00,00,00,00,00,
9630525,1081827E,true,Rx,0,8,2B,BB,00,00,00,00,00,00,
9630641,108182FE,true,Tx,0,8,0A,C8,00,00,00,00,00,00,
9631914,108182FE,true,Tx,0,8,0B,C8,00,00,00,00,00,00,
9632787,1081827E,true,Rx,0,8,2C,BB,00,00,00,00,00,00,
9633278,108182FE,true,Tx,0,8,0C,C8,00,00,00,00,00,00,
9634516,108182FE,true,Tx,0,8,0D,C8,00,00,00,00,00,00,
9635150,1081827E,true,Rx,0,8,2E,BB,00,00,00,00,00,00,
9635812,108182FE,true,Tx,0,8,0E,C8,00,00,00,00,00,00,
9637521,1081827E,true,Rx,0,8,20,BC,00,00,00,00,00,00,
9637206,108182FE,true,Tx,0,8,0F,C8,00,00,00,00,00,00,
9638512,108182FE,true,Tx,0,8,00,C9,00,00,00,00,00,00,
9639786,1081827E,true,Rx,0,8,21,BC,00,00,00,00,00,00,
9639856,108182FE,true,Tx,0,8,01,C9,00,00,00,00,00,00,
9641207,108182FE,true,Tx,0,8,02,C9,00,00,00,00,00,00,
9642136,1081827E,true,Rx,0,8,23,BC,00,00,00,00,00,00,
9642572,108182FE,true,Tx,0,8,03,C9,00,00,00,00,00,00,
9643916,108182FE,true,Tx,0,8,04,C9,00,00,00,00,00,00,
9644516,1081827E,true,Rx,0,8,25,BC,00,00,00,00,00,00,
9645798,108182FE,true,Tx,0,8,05,C9,00,00,00,00,00,00,
9646795,1081827E,true,Rx,0,8,27,BC,00,00,00,00,00,00,
9647255,108182FE,true,Tx,0,8,06,C9,00,00,00,00,00,00,
9648568,108182FE,true,Tx,0,8,07,C9,00,00,00,00,00,00,
9649139,1081827E,true,Rx,0,8,29,BC,00,00,00,00,00,00,
9649905,108182FE,true,Tx,0,8,08,C9,00,00,00,00,00,00,
9651551,1081827E,true,Rx,0,8,2A,BC,00,00,00,00,00,00,
9651235,108182FE,true,Tx,0,8,09,C9,00,00,00,00,00,00,
9652445,108182FE,true,Tx,0,8,0A,C9,00,00,00,00,00,00,
9653797,1081827E,true,Rx,0,8,2C,BC,00,00,00,00,00,00,
9653740,108182FE,true,Tx,0,8,0B,C9,00,00,00,00,00,00,
9655022,108182FE,true,Tx,0,8,0C,C9,00,00,00,00,00,00,
9656080,1081827E,true,Rx,0,8,2E,BC,00,00,00,00,00,00,
9656408,108182FE,true,Tx,0,8,0D,C9,00,00,00,00,00,00,
9657621,108182FE,true,Tx,0,8,0E,C9,00,00,00,00,00,00,
9658512,1081827E,true,Rx,0,8,20,BD,00,00,00,00,00,00,
9658847,108182FE,true,Tx,0,8,0F,C9,00,00,00,00,00,00,
9659975,108182FE,true,Tx,0,8,00,CA,00,00,00,00,00,00,
9660743,1081827E,true,Rx,0,8,22,BD,00,00,00,00,00,00,
9661321,108182FE,true,Tx,0,8,01,CA,00,00,00,00,00,00,
9662475,108182FE,true,Tx,0,8,02,CA,00,00,00,00,00,00,
9664196,1081827E,true,Rx,0,8,24,BD,00,00,00,00,00,00,
9664197,1081827E,true,Rx,0,8,25,BD,00,00,00,00,00,00,
9663690,108182FE,true,Tx,0,8,03,CA,00,00,00,00,00,00,
9664799,108182FE,true,Tx,0,8,04,CA,00,00,00,00,00,00,
9665936,108182FE,true,Tx,0,8,05,CA,00,00,00,00,00,00,
9667063,108182FE,true,Tx,0,8,06,CA,00,00,00,00,00,00,
9667679,1081827E,true,Rx,0,8,27,BD,00,00,00,00,00,00,
9668227,108182FE,true,Tx,0,8,07,CA,00,00,00,00,00,00,
9670025,1081827E,true,Rx,0,8,29,BD,00,00,00,00,00,00,
9669565,108182FE,true,Tx,0,8,08,CA,00,00,00,00,00,00,
9670695,108182FE,true,Tx,0,8,09,CA,00,00,00,00,00,00,
9672320,1081827E,true,Rx,0,8,2B,BD,00,00,00,00,00,00,
9671868,108182FE,true,Tx,0,8,0A,CA,00,00,00,00,00,00,
9673000,108182FE,true,Tx,0,8,0B,CA,00,00,00,00,00,00,
9674684,1081827E,true,Rx,0,8,2D,BD,00,00,00,00,00,00,
9674211,108182FE,true,Tx,0,8,0C,CA,00,00,00,00,00,00,
9675307,108182FE,true,Tx,0,8,0D,CA,00,00,00,00,00,00,
9676974,1081827E,true,Rx,0,8,2F,BD,00,00,00,00,00,00,
9676488,108182FE,true,Tx,0,8,0E,CA,00,00,00,00,00,00,
9678052,108182FE,true,Tx,0,8,0F,CA,00,00,00,00,00,00,
9679357,1081827E,true,Rx,0,8,20,BE,00,00,00,00,00,00,
9679381,108182FE,true,Tx,0,8,00,CB,00,00,00,00,00,00,
9680632,108182FE,true,Tx,0,8,01,CB,00,00,00,00,00,00,
9681685,1081827E,true,Rx,0,8,22,BE,00,00,00,00,00,00,
9681847,108182FE,true,Tx,0,8,02,CB,00,00,00,00,00,00,
9682952,108182FE,true,Tx,0,8,03,CB,00,00,00,00,00,00,
9684027,1081827E,true,Rx,0,8,24,BE,00,00,00,00,00,00,
9684164,108182FE,true,Tx,0,8,04,CB,00,00,00,00,00,00,
9685351,108182FE,true,Tx,0,8,05,CB,00,00,00,00,00,00,
9686370,1081827E,true,Rx,0,8,26,BE,00,00,00,00,00,00,
9686582,108182FE,true,Tx,0,8,06,CB,00,00,00,00,00,00,
9687699,108182FE,true,Tx,0,8,07,CB,00,00,00,00,00,00,
9688738,1081827E,true,Rx,0,8,28,BE,00,00,00,00,00,00,
9688904,108182FE,true,Tx,0,8,08,CB,00,00,00,00,00,00,
9690014,108182FE,true,Tx,0,8,09,CB,00,00,00,00,00,00,
9691075,1081827E,true,Rx,0,8,2A,BE,00,00,00,00,00,00,
9691222,108182FE,true,Tx,0,8,0A,CB,00,00,00,00,00,00,
9692331,108182FE,true,Tx,0,8,0B,CB,00,00,00,00,00,00,
9693379,1081827E,true,Rx,0,8,2C,BE,00,00,00,00,00,00,
9693532,108182FE,true,Tx,0,8,0C,CB,00,00,00,00,00,00,
9694982,108182FE,true,Tx,0,8,0D,CB,00,00,00,00,00,00,
9695727,1081827E,true,Rx,0,8,2E,BE,00,00,00,00,00,00,
9696349,108182FE,true,Tx,0,8,0E,CB,00,00,00,00,00,00,
9698081,1081827E,true,Rx,0,8,20,BF,00,00,00,00,00,00,
9697553,108182FE,true,Tx,0,8,0F,CB,00,00,00,00,00,00,
9698708,108182FE,true,Tx,0,8,00,CC,00,00,00,00,00,00,
9699889,108182FE,true,Tx,0,8,01,CC,00,00,00,00,00,00,
9700512,1081827E,true,Rx,0,8,21,BF,00,00,00,00,00,00,
9701027,108182FE,true,Tx,0,8,02,CC,00,00,00,00,00,00,
9702742,1081827E,true,Rx,0,8,23,BF,00,00,00,00,00,00,
9702209,108182FE,true,Tx,0,8,03,CC,00,00,00,00,00,00,
9703413,108182FE,true,Tx,0,8,04,CC,00,00,00,00,00,00,
9705090,1081827E,true,Rx,0,8,25,BF,00,00,00,00,00,00,
9704577,108182FE,true,Tx,0,8,05,CC,00,00,00,00,00,00,
9705742,108182FE,true,Tx,0,8,06,CC,00,00,00,00,00,00,
9706943,108182FE,true,Tx,0,8,07,CC,00,00,00,00,00,00,
9707513,1081827E,true,Rx,0,8,27,BF,00,00,00,00,00,00,
9708223,108182FE,true,Tx,0,8,08,CC,00,00,00,00,00,00,
9709737,1081827E,true,Rx,0,8,29,BF,00,00,00,00,00,00,
9709630,108182FE,true,Tx,0,8,09,CC,00,00,00,00,00,00,
9710816,108182FE,true,Tx,0,8,0A,CC,00,00,00,00,00,00,
9712196,108182FE,true,Tx,0,8,0B,CC,00,00,00,00,00,00,
9713251,1081827E,true,Rx,0,8,2B,BF,00,00,00,00,00,00,
9713251,1081827E,true,Rx,0,8,2D,BF,00,00,00,00,00,00,
9713893,108182FE,true,Tx,0,8,0C,CC,00,00,00,00,00,00,
9715426,108182FE,true,Tx,0,8,0D,CC,00,00,00,00,00,00,
9716736,1081827E,true,Rx,0,8,2F,BF,00,00,00,00,00,00,
9716629,108182FE,true,Tx,0,8,0E,CC,00,00,00,00,00,00,
9717803,108182FE,true,Tx,0,8,0F,CC,00,00,00,00,00,00,
9719076,1081827E,true,Rx,0,8,21,C0,00,00,00,00,00,00,
9719044,108182FE,true,Tx,0,8,00,CD,00,00,00,00,00,00,
9721518,1081827E,true,Rx,0,8,23,C0,00,00,00,00,00,00,
9723796,1081827E,true,Rx,0,8,25,C0,00,00,00,00,00,00,
9726089,1081827E,true,Rx,0,8,27,C0,00,00,00,00,00,00,
9728514,1081827E,true,Rx,0,8,29,C0,00,00,00,00,00,00,
9731908,1081827E,true,Rx,0,8,2B,C0,00,00,00,00,00,00,
9731909,1081827E,true,Rx,0,8,2C,C0,00,00,00,00,00,00,
9731835,108182FE,true,Tx,0,8,01,CD,00,00,00,00,00,00,
9735517,1081827E,true,Rx,0,8,2E,C0,00,00,00,00,00,00,
9737797,1081827E,true,Rx,0,8,20,C1,00,00,00,00,00,00,
9740140,1081827E,true,Rx,0,8,22,C1,00,00,00,00,00,00,
9742515,1081827E,true,Rx,0,8,24,C1,00,00,00,00,00,00,
9744791,1081827E,true,Rx,0,8,27,C1,00,00,00,00,00,00,
9747148,1081827E,true,Rx,0,8,28,C1,00,00,00,00,00,00,
9746620,108182FE,true,Tx,0,8,02,CD,00,00,00,00,00,00,
9749510,1081827E,true,Rx,0,8,2A,C1,00,00,00,00,00,00,
9749189,108182FE,true,Tx,0,8,03,CD,00,00,00,00,00,00,
9750555,108182FE,true,Tx,0,8,04,CD,00,00,00,00,00,00,
9751793,1081827E,true,Rx,0,8,2B,C1,00,00,00,00,00,00,
9751849,108182FE,true,Tx,0,8,05,CD,00,00,00,00,00,00,
9753123,108182FE,true,Tx,0,8,06,CD,00,00,00,00,00,00,
9754138,1081827E,true,Rx,0,8,2D,C1,00,00,00,00,00,00,
9754355,108182FE,true,Tx,0,8,07,CD,00,00,00,00,00,00,
9755553,108182FE,true,Tx,0,8,08,CD,00,00,00,00,00,00,
9756553,1081827E,true,Rx,0,8,2F,C1,00,00,00,00,00,00,
9756794,108182FE,true,Tx,0,8,09,CD,00,00,00,00,00,00,
9758024,108182FE,true,Tx,0,8,0A,CD,00,00,00,00,00,00,
9759263,108182FE,true,Tx,0,8,0B,CD,00,00,00,00,00,00,
9759967,1081827E,true,Rx,0,8,20,C2,00,00,00,00,00,00,
9759968,1081827E,true,Rx,0,8,21,C2,00,00,00,00,00,00,
9760514,108182FE,true,Tx,0,8,0C,CD,00,00,00,00,00,00,
9762336,108182FE,true,Tx,0,8,0D,CD,00,00,00,00,00,00,
9763517,1081827E,true,Rx,0,8,22,C2,00,00,00,00,00,00,
9764328,108182FE,true,Tx,0,8,0E,CD,00,00,00,00,00,00,
9765740,1081827E,true,Rx,0,8,23,C2,00,00,00,00,00,00,
9765833,108182FE,true,Tx,0,8,0F,CD,00,00,00,00,00,00,
9767116,108182FE,true,Tx,0,8,00,CE,00,00,00,00,00,00,
9768073,1081827E,true,Rx,0,8,24,C2,00,00,00,00,00,00,
9768383,108182FE,true,Tx,0,8,01,CE,00,00,00,00,00,00,
9769656,108182FE,true,Tx,0,8,02,CE,00,00,00,00,00,00,
9770372,1081827E,true,Rx,0,8,25,C2,00,00,00,00,00,00,
9770901,108182FE,true,Tx,0,8,03,CE,00,00,00,00,00,00,
9772109,108182FE,true,Tx,0,8,04,CE,00,00,00,00,00,00,
9772682,1081827E,true,Rx,0,8,26,C2,00,00,00,00,00,00,
9773534,108182FE,true,Tx,0,8,05,CE,00,00,00,00,00,00,
9775032,1081827E,true,Rx,0,8,27,C2,00,00,00,00,00,00,
9774916,108182FE,true,Tx,0,8,06,CE,00,00,00,00,00,00,
9776083,108182FE,true,Tx,0,8,07,CE,00,00,00,00,00,00,
9777317,1081827E,true,Rx,0,8,28,C2,00,00,00,00,00,00,
9777252,108182FE,true,Tx,0,8,08,CE,00,00,00,00,00,00,
9778932,108182FE,true,Tx,0,8,09,CE,00,00,00,00,00,00,
9779677,1081827E,true,Rx,0,8,29,C2,00,00,00,00,00,00,
9780424,108182FE,true,Tx,0,8,0A,CE,00,00,00,00,00,00,
9781966,1081827E,true,Rx,0,8,2A,C2,00,00,00,00,00,00,
9781640,108182FE,true,Tx,0,8,0B,CE,00,00,00,00,00,00,
9782812,108182FE,true,Tx,0,8,0C,CE,00,00,00,00,00,00,
9784309,1081827E,true,Rx,0,8,2B,C2,00,00,00,00,00,00,
9784373,108182FE,true,Tx,0,8,0D,CE,00,00,00,00,00,00,
9785533,108182FE,true,Tx,0,8,0E,CE,00,00,00,00,00,00,
9786624,1081827E,true,Rx,0,8,2C,C2,00,00,00,00,00,00,
9786738,108182FE,true,Tx,0,8,0F,CE,00,00,00,00,00,00,
9787872,108182FE,true,Tx,0,8,00,CF,00,00,00,00,00,00,
9788965,1081827E,true,Rx,0,8,2D,C2,00,00,00,00,00,00,
9789134,108182FE,true,Tx,0,8,01,CF,00,00,00,00,00,00,
9790294,108182FE,true,Tx,0,8,02,CF,00,00,00,00,00,00,
9791305,1081827E,true,Rx,0,8,2E,C2,00,00,00,00,00,00,
9791573,108182FE,true,Tx,0,8,03,CF,00,00,00,00,00,00,
9792709,108182FE,true,Tx,0,8,04,CF,00,00,00,00,00,00,
9793632,1081827E,true,Rx,0,8,2F,C2,00,00,00,00,00,00,
9793837,108182FE,true,Tx,0,8,05,CF,00,00,00,00,00,00,
9795241,108182FE,true,Tx,0,8,06,CF,00,00,00,00,00,00,
9795916,1081827E,true,Rx,0,8,20,C3,00,00,00,00,00,00,
9796755,108182FE,true,Tx,0,8,07,CF,00,00,00,00,00,00,
9798253,1081827E,true,Rx,0,8,21,C3,00,00,00,00,00,00,
9798034,108182FE,true,Tx,0,8,08,CF,00,00,00,00,00,00,
9799198,108182FE,true,Tx,0,8,09,CF,00,00,00,00,00,00,
9800557,1081827E,true,Rx,0,8,22,C3,00,00,00,00,00,00,
9800454,108182FE,true,Tx,0,8,0A,CF,00,00,00,00,00,00,
9801654,108182FE,true,Tx,0,8,0B,CF,00,00,00,00,00,00,
9802855,1081827E,true,Rx,0,8,23,C3,00,00,00,00,00,00,
9802898,108182FE,true,Tx,0,8,0C,CF,00,00,00,00,00,00,
9804125,108182FE,true,Tx,0,8,0D,CF,00,00,00,00,00,00,
9805196,1081827E,true,Rx,0,8,24,C3,00,00,00,00,00,00,
9805546,108182FE,true,Tx,0,8,0E,CF,00,00,00,00,00,00,
9806866,108182FE,true,Tx,0,8,0F,CF,00,00,00,00,00,00,
9807513,1081827E,true,Rx,0,8,25,C3,00,00,00,00,00,00,
9808186,108182FE,true,Tx,0,8,00,D0,00,00,00,00,00,00,
9809859,1081827E,true,Rx,0,8,26,C3,00,00,00,00,00,00,
9809463,108182FE,true,Tx,0,8,01,D0,00,00,00,00,00,00,
9810591,108182FE,true,Tx,0,8,02,D0,00,00,00,00,00,00,
9812140,1081827E,true,Rx,0,8,27,C3,00,00,00,00,00,00,
9812450,108182FE,true,Tx,0,8,03,D0,00,00,00,00,00,00,
9813783,108182FE,true,Tx,0,8,04,D0,00,00,00,00,00,00,
9814593,1081827E,true,Rx,0,8,28,C3,00,00,00,00,00,00,
9815099,108182FE,true,Tx,0,8,05,D0,00,00,00,00,00,00,
9816794,1081827E,true,Rx,0,8,29,C3,00,00,00,00,00,00,
9816283,108182FE,true,Tx,0,8,06,D0,00,00,00,00,00,00,
9817437,108182FE,true,Tx,0,8,07,D0,00,00,00,00,00,00,
9819084,1081827E,true,Rx,0,8,2A,C3,00,00,00,00,00,00,
9818643,108182FE,true,Tx,0,8,08,D0,00,00,00,00,00,00,
9819832,108182FE,true,Tx,0,8,09,D0,00,00,00,00,00,00,
9821515,1081827E,true,Rx,0,8,2B,C3,00,00,00,00,00,00,
9821068,108182FE,true,Tx,0,8,0A,D0,00,00,00,00,00,00,
9822314,108182FE,true,Tx,0,8,0B,D0,00,00,00,00,00,00,
9823743,1081827E,true,Rx,0,8,2C,C3,00,00,00,00,00,00,
9823595,108182FE,true,Tx,0,8,0C,D0,00,00,00,00,00,00,
9824776,108182FE,true,Tx,0,8,0D,D0,00,00,00,00,00,00,
9826091,1081827E,true,Rx,0,8,2E,C3,00,00,00,00,00,00,
9826000,108182FE,true,Tx,0,8,0E,D0,00,00,00,00,00,00,
9827147,108182FE,true,Tx,0,8,0F,D0,00,00,00,00,00,00,
9828372,1081827E,true,Rx,0,8,20,C4,00,00,00,00,00,00,
9828426,108182FE,true,Tx,0,8,00,D1,00,00,00,00,00,00,
9829578,108182FE,true,Tx,0,8,01,D1,00,00,00,00,00,00,
9830738,1081827E,true,Rx,0,8,23,C4,00,00,00,00,00,00,
9830719,108182FE,true,Tx,0,8,02,D1,00,00,00,00,00,00,
9831829,108182FE,true,Tx,0,8,03,D1,00,00,00,00,00,00,
9833043,1081827E,true,Rx,0,8,24,C4,00,00,00,00,00,00,
9833015,108182FE,true,Tx,0,8,04,D1,00,00,00,00,00,00,
9834213,108182FE,true,Tx,0,8,05,D1,00,00,00,00,00,00,
9835375,1081827E,true,Rx,0,8,26,C4,00,00,00,00,00,00,
9835331,108182FE,true,Tx,0,8,06,D1,00,00,00,00,00,00,
9836442,108182FE,true,Tx,0,8,07,D1,00,00,00,00,00,00,
9837681,1081827E,true,Rx,0,8,28,C4,00,00,00,00,00,00,
9837547,108182FE,true,Tx,0,8,08,D1,00,00,00,00,00,00,
9838667,108182FE,true,Tx,0,8,09,D1,00,00,00,00,00,00,
9840019,1081827E,true,Rx,0,8,2A,C4,00,00,00,00,00,00,
9839849,108182FE,true,Tx,0,8,0A,D1,00,00,00,00,00,00,
9841013,108182FE,true,Tx,0,8,0B,D1,00,00,00,00,00,00,
9842320,1081827E,true,Rx,0,8,2C,C4,00,00,00,00,00,00,
9842141,108182FE,true,Tx,0,8,0C,D1,00,00,00,00,00,00,
9843257,108182FE,true,Tx,0,8,0D,D1,00,00,00,00,00,00,
9844683,1081827E,true,Rx,0,8,2E,C4,00,00,00,00,00,00,
9844711,108182FE,true,Tx,0,8,0E,D1,00,00,00,00,00,00,
9846029,108182FE,true,Tx,0,8,0F,D1,00,00,00,00,00,00,
9847021,1081827E,true,Rx,0,8,20,C5,00,00,00,00,00,00,
9847223,108182FE,true,Tx,0,8,00,D2,00,00,00,00,00,00,
9848399,108182FE,true,Tx,0,8,01,D2,00,00,00,00,00,00,
9849316,1081827E,true,Rx,0,8,23,C5,00,00,00,00,00,00,
9849565,108182FE,true,Tx,0,8,02,D2,00,00,00,00,00,00,
9850703,108182FE,true,Tx,0,8,03,D2,00,00,00,00,00,00,
9851624,1081827E,true,Rx,0,8,24,C5,00,00,00,00,00,00,
9851830,108182FE,true,Tx,0,8,04,D2,00,00,00,00,00,00,
9852949,108182FE,true,Tx,0,8,05,D2,00,00,00,00,00,00,
9853974,1081827E,true,Rx,0,8,26,C5,00,00,00,00,00,00,
9854091,108182FE,true,Tx,0,8,06,D2,00,00,00,00,00,00,
9855276,108182FE,true,Tx,0,8,07,D2,00,00,00,00,00,00,
9856259,1081827E,true,Rx,0,8,28,C5,00,00,00,00,00,00,
9856409,108182FE,true,Tx,0,8,08,D2,00,00,00,00,00,00,
9857554,108182FE,true,Tx,0,8,09,D2,00,00,00,00,00,00,
9858581,1081827E,true,Rx,0,8,2A,C5,00,00,00,00,00,00,
9858651,108182FE,true,Tx,0,8,0A,D2,00,00,00,00,00,00,
9859780,108182FE,true,Tx,0,8,0B,D2,00,00,00,00,00,00,
9860913,1081827E,true,Rx,0,8,2D,C5,00,00,00,00,00,00,
9861206,108182FE,true,Tx,0,8,0C,D2,00,00,00,00,00,00,
9862611,108182FE,true,Tx,0,8,0D,D2,00,00,00,00,00,00,
9863253,1081827E,true,Rx,0,8,2E,C5,00,00,00,00,00,00,
9863828,108182FE,true,Tx,0,8,0E,D2,00,00,00,00,00,00,
9865556,1081827E,true,Rx,0,8,2F,C5,00,00,00,00,00,00,
9864987,108182FE,true,Tx,0,8,0F,D2,00,00,00,00,00,00,
9866131,108182FE,true,Tx,0,8,00,D3,00,00,00,00,00,00,
9867303,108182FE,true,Tx,0,8,01,D3,00,00,00,00,00,00,
9868430,108182FE,true,Tx,0,8,02,D3,00,00,00,00,00,00,
9869027,1081827E,true,Rx,0,8,21,C6,00,00,00,00,00,00,
9869028,1081827E,true,Rx,0,8,23,C6,00,00,00,00,00,00,
9869570,108182FE,true,Tx,0,8,03,D3,00,00,00,00,00,00,
9870658,108182FE,true,Tx,0,8,04,D3,00,00,00,00,00,00,
9871813,108182FE,true,Tx,0,8,05,D3,00,00,00,00,00,00,
9872519,1081827E,true,Rx,0,8,25,C6,00,00,00,00,00,00,
9872946,108182FE,true,Tx,0,8,06,D3,00,00,00,00,00,00,
9874091,108182FE,true,Tx,0,8,07,D3,00,00,00,00,00,00,
9874859,1081827E,true,Rx,0,8,27,C6,00,00,00,00,00,00,
9875175,108182FE,true,Tx,0,8,08,D3,00,00,00,00,00,00,
9876306,108182FE,true,Tx,0,8,09,D3,00,00,00,00,00,00,
9877150,1081827E,true,Rx,0,8,29,C6,00,00,00,00,00,00,
9877606,108182FE,true,Tx,0,8,0A,D3,00,00,00,00,00,00,
9879553,1081827E,true,Rx,0,8,2B,C6,00,00,00,00,00,00,
9879017,108182FE,true,Tx,0,8,0B,D3,00,00,00,00,00,00,
9880196,108182FE,true,Tx,0,8,0C,D3,00,00,00,00,00,00,
9881801,1081827E,true,Rx,0,8,2D,C6,00,00,00,00,00,00,
9881363,108182FE,true,Tx,0,8,0D,D3,00,00,00,00,00,00,
9882555,108182FE,true,Tx,0,8,0E,D3,00,00,00,00,00,00,
9884087,1081827E,true,Rx,0,8,2E,C6,00,00,00,00,00,00,
9883693,108182FE,true,Tx,0,8,0F,D3,00,00,00,00,00,00,
9884803,108182FE,true,Tx,0,8,00,D4,00,00,00,00,00,00,
9886384,1081827E,true,Rx,0,8,20,C7,00,00,00,00,00,00,
9885937,108182FE,true,Tx,0,8,01,D4,00,00,00,00,00,00,
9887069,108182FE,true,Tx,0,8,02,D4,00,00,00,00,00,00,
9888744,1081827E,true,Rx,0,8,22,C7,00,00,00,00,00,00,
9888185,108182FE,true,Tx,0,8,03,D4,00,00,00,00,00,00,
9889330,108182FE,true,Tx,0,8,04,D4,00,00,00,00,00,00,
9891018,1081827E,true,Rx,0,8,24,C7,00,00,00,00,00,00,
9890534,108182FE,true,Tx,0,8,05,D4,00,00,00,00,00,00,
9891783,108182FE,true,Tx,0,8,06,D4,00,00,00,00,00,00,
9893381,1081827E,true,Rx,0,8,26,C7,00,00,00,00,00,00,
9892884,108182FE,true,Tx,0,8,07,D4,00,00,00,00,00,00,
9894026,108182FE,true,Tx,0,8,08,D4,00,00,00,00,00,00,
9895691,1081827E,true,Rx,0,8,29,C7,00,00,00,00,00,00,
9895420,108182FE,true,Tx,0,8,09,D4,00,00,00,00,00,00,
9896776,108182FE,true,Tx,0,8,0A,D4,00,00,00,00,00,00,
9897970,1081827E,true,Rx,0,8,2A,C7,00,00,00,00,00,00,
9897991,108182FE,true,Tx,0,8,0B,D4,00,00,00,00,00,00,
9899128,108182FE,true,Tx,0,8,0C,D4,00,00,00,00,00,00,
9900313,1081827E,true,Rx,0,8,2E,C7,00,00,00,00,00,00,
9900257,108182FE,true,Tx,0,8,0D,D4,00,00,00,00,00,00,
9901375,108182FE,true,Tx,0,8,0E,D4,00,00,00,00,00,00,
9902633,1081827E,true,Rx,0,8,2F,C7,00,00,00,00,00,00,
9902493,108182FE,true,Tx,0,8,0F,D4,00,00,00,00,00,00,
9903604,108182FE,true,Tx,0,8,00,D5,00,00,00,00,00,00,
9904975,1081827E,true,Rx,0,8,21,C8,00,00,00,00,00,00,
9904775,108182FE,true,Tx,0,8,01,D5,00,00,00,00,00,00,
9905954,108182FE,true,Tx,0,8,02,D5,00,00,00,00,00,00,
9907319,1081827E,true,Rx,0,8,23,C8,00,00,00,00,00,00,
9907084,108182FE,true,Tx,0,8,03,D5,00,00,00,00,00,00,
9908225,108182FE,true,Tx,0,8,04,D5,00,00,00,00,00,00,
9909631,1081827E,true,Rx,0,8,25,C8,00,00,00,00,00,00,
9909323,108182FE,true,Tx,0,8,05,D5,00,00,00,00,00,00,
9910449,108182FE,true,Tx,0,8,06,D5,00,00,00,00,00,00,
9911972,1081827E,true,Rx,0,8,27,C8,00,00,00,00,00,00,
9911855,108182FE,true,Tx,0,8,07,D5,00,00,00,00,00,00,
9913236,108182FE,true,Tx,0,8,08,D5,00,00,00,00,00,00,
9914309,1081827E,true,Rx,0,8,29,C8,00,00,00,00,00,00,
9914439,108182FE,true,Tx,0,8,09,D5,00,00,00,00,00,00,
9915586,108182FE,true,Tx,0,8,0A,D5,00,00,00,00,00,00,
9916624,1081827E,true,Rx,0,8,2A,C8,00,00,00,00,00,00,
9916714,108182FE,true,Tx,0,8,0B,D5,00,00,00,00,00,00,
9917845,108182FE,true,Tx,0,8,0C,D5,00,00,00,00,00,00,
9918982,1081827E,true,Rx,0,8,2C,C8,00,00,00,00,00,00,
9918946,108182FE,true,Tx,0,8,0D,D5,00,00,00,00,00,00,
9920102,108182FE,true,Tx,0,8,0E,D5,00,00,00,00,00,00,
9921315,1081827E,true,Rx,0,8,2D,C8,00,00,00,00,00,00,
9921320,108182FE,true,Tx,0,8,0F,D5,00,00,00,00,00,00,
9922512,108182FE,true,Tx,0,8,00,D6,00,00,00,00,00,00,
9923634,1081827E,true,Rx,0,8,2F,C8,00,00,00,00,00,00,
9923678,108182FE,true,Tx,0,8,01,D6,00,00,00,00,00,00,
9924818,108182FE,true,Tx,0,8,02,D6,00,00,00,00,00,00,
9925914,1081827E,true,Rx,0,8,21,C9,00,00,00,00,00,00,
9925936,108182FE,true,Tx,0,8,03,D6,00,00,00,00,00,00,
9927065,108182FE,true,Tx,0,8,04,D6,00,00,00,00,00,00,
9928525,108182FE,true,Tx,0,8,05,D6,00,00,00,00,00,00,
9929371,1081827E,true,Rx,0,8,23,C9,00,00,00,00,00,00,
9929371,1081827E,true,Rx,0,8,25,C9,00,00,00,00,00,00,
9929949,108182FE,true,Tx,0,8,06,D6,00,00,00,00,00,00,
9931168,108182FE,true,Tx,0,8,07,D6,00,00,00,00,00,00,
9932285,108182FE,true,Tx,0,8,08,D6,00,00,00,00,00,00,
9932854,1081827E,true,Rx,0,8,26,C9,00,00,00,00,00,00,
9933433,108182FE,true,Tx,0,8,09,D6,00,00,00,00,00,00,
9935197,1081827E,true,Rx,0,8,27,C9,00,00,00,00,00,00,
9934663,108182FE,true,Tx,0,8,0A,D6,00,00,00,00,00,00,
9935795,108182FE,true,Tx,0,8,0B,D6,00,00,00,00,00,00,
9936950,108182FE,true,Tx,0,8,0C,D6,00,00,00,00,00,00,
9937519,1081827E,true,Rx,0,8,29,C9,00,00,00,00,00,00,
9938193,108182FE,true,Tx,0,8,0D,D6,00,00,00,00,00,00,
9939854,1081827E,true,Rx,0,8,2B,C9,00,00,00,00,00,00,
9940407,108182FE,true,Tx,0,8,0E,D6,00,00,00,00,00,00,
9942143,1081827E,true,Rx,0,8,2D,C9,00,00,00,00,00,00,
9941655,108182FE,true,Tx,0,8,0F,D6,00,00,00,00,00,00,
9942743,108182FE,true,Tx,0,8,00,D7,00,00,00,00,00,00,
9943934,108182FE,true,Tx,0,8,01,D7,00,00,00,00,00,00,
9944518,1081827E,true,Rx,0,8,2F,C9,00,00,00,00,00,00,
9945144,108182FE,true,Tx,0,8,02,D7,00,00,00,00,00,00,
9946799,1081827E,true,Rx,0,8,21,CA,00,00,00,00,00,00,
9946462,108182FE,true,Tx,0,8,03,D7,00,00,00,00,00,00,
9947704,108182FE,true,Tx,0,8,04,D7,00,00,00,00,00,00,
9949072,1081827E,true,Rx,0,8,23,CA,00,00,00,00,00,00,
9948919,108182FE,true,Tx,0,8,05,D7,00,00,00,00,00,00,
9950081,108182FE,true,Tx,0,8,06,D7,00,00,00,00,00,00,
9951517,1081827E,true,Rx,0,8,24,CA,00,00,00,00,00,00,
9951302,108182FE,true,Tx,0,8,07,D7,00,00,00,00,00,00,
9952402,108182FE,true,Tx,0,8,08,D7,00,00,00,00,00,00,
9953740,1081827E,true,Rx,0,8,26,CA,00,00,00,00,00,00,
9953600,108182FE,true,Tx,0,8,09,D7,00,00,00,00,00,00,
9954712,108182FE,true,Tx,0,8,0A,D7,00,00,00,00,00,00,
9956088,1081827E,true,Rx,0,8,28,CA,00,00,00,00,00,00,
9956024,108182FE,true,Tx,0,8,0B,D7,00,00,00,00,00,00,
9957178,108182FE,true,Tx,0,8,0C,D7,00,00,00,00,00,00,
9958380,1081827E,true,Rx,0,8,2A,CA,00,00,00,00,00,00,
9958349,108182FE,true,Tx,0,8,0D,D7,00,00,00,00,00,00,
9959428,108182FE,true,Tx,0,8,0E,D7,00,00,00,00,00,00,
9960687,1081827E,true,Rx,0,8,2C,CA,00,00,00,00,00,00,
9960583,108182FE,true,Tx,0,8,0F,D7,00,00,00,00,00,00,
9961983,108182FE,true,Tx,0,8,00,D8,00,00,00,00,00,00,
9963014,1081827E,true,Rx,0,8,2E,CA,00,00,00,00,00,00,
9963400,108182FE,true,Tx,0,8,01,D8,00,00,00,00,00,00,
9964594,108182FE,true,Tx,0,8,02,D8,00,00,00,00,00,00,
9965316,1081827E,true,Rx,0,8,20,CB,00,00,00,00,00,00,
9965772,108182FE,true,Tx,0,8,03,D8,00,00,00,00,00,00,
9966898,108182FE,true,Tx,0,8,04,D8,00,00,00,00,00,00,
9967684,1081827E,true,Rx,0,8,22,CB,00,00,00,00,00,00,
9968061,108182FE,true,Tx,0,8,05,D8,00,00,00,00,00,00,
9969975,1081827E,true,Rx,0,8,24,CB,00,00,00,00,00,00,
9972263,1081827E,true,Rx,0,8,26,CB,00,00,00,00,00,00,
9974592,1081827E,true,Rx,0,8,28,CB,00,00,00,00,00,00,
9976917,1081827E,true,Rx,0,8,2A,CB,00,00,00,00,00,00,
9979191,1081827E,true,Rx,0,8,2C,CB,00,00,00,00,00,00,
9980767,108182FE,true,Tx,0,8,06,D8,00,00,00,00,00,00,
9981562,1081827E,true,Rx,0,8,2E,CB,00,00,00,00,00,00,
9983857,1081827E,true,Rx,0,8,2F,CB,00,00,00,00,00,00,
9986205,1081827E,true,Rx,0,8,21,CC,00,00,00,00,00,00,
9988519,1081827E,true,Rx,0,8,23,CC,00,00,00,00,00,00,
9990856,1081827E,true,Rx,0,8,25,CC,00,00,00,00,00,00,
9993211,1081827E,true,Rx,0,8,27,CC,00,00,00,00,00,00,
9995570,1081827E,true,Rx,0,8,29,CC,00,00,00,00,00,00,
9996902,108182FE,true,Tx,0,8,07,D8,00,00,00,00,00,00,
9997869,1081827E,true,Rx,0,8,2C,CC,00,00,00,00,00,00,
9999241,108182FE,true,Tx,0,8,08,D8,00,00,00,00,00,00,
10000192,1081827E,true,Rx,0,8,2D,CC,00,00,00,00,00,00,
10000421,108182FE,true,Tx,0,8,09,D8,00,00,00,00,00,00,
10001617,108182FE,true,Tx,0,8,0A,D8,00,00,00,00,00,00,
10002523,1081827E,true,Rx,0,8,2E,CC,00,00,00,00,00,00,
10002855,108182FE,true,Tx,0,8,0B,D8,00,00,00,00,00,00,
10004067,108182FE,true,Tx,0,8,0C,D8,00,00,00,00,00,00,
10005189,108182FE,true,Tx,0,8,0D,D8,00,00,00,00,00,00,
10005975,1081827E,true,Rx,0,8,20,CD,00,00,00,00,00,00,
10005976,1081827E,true,Rx,0,8,21,CD,00,00,00,00,00,00,
10006431,108182FE,true,Tx,0,8,0E,D8,00,00,00,00,00,00,
10007589,108182FE,true,Tx,0,8,0F,D8,00,00,00,00,00,00,
10008772,108182FE,true,Tx,0,8,00,D9,00,00,00,00,00,00,
10009517,1081827E,true,Rx,0,8,22,CD,00,00,00,00,00,00,
10009923,108182FE,true,Tx,0,8,01,D9,00,00,00,00,00,00,
10011467,108182FE,true,Tx,0,8,02,D9,00,00,00,00,00,00,
10013222,108182FE,true,Tx,0,8,03,D9,00,00,00,00,00,00,
10014143,1081827E,true,Rx,0,8,23,CD,00,00,00,00,00,00,
10014145,1001117E,true,Rx,0,8,00,01,00,00,00,00,00,00,
10014148,1081827E,true,Rx,0,8,24,CD,00,00,00,00,00,00,
10014784,108182FE,true,Tx,0,8,04,D9,00,00,00,00,00,00,
10015986,108182FE,true,Tx,0,8,05,D9,00,00,00,00,00,00,
10017559,1081827E,true,Rx,0,8,25,CD,00,00,00,00,00,00,
10017108,108182FE,true,Tx,0,8,06,D9,00,00,00,00,00,00,
10018240,108182FE,true,Tx,0,8,07,D9,00,00,00,00,00,00,
10019915,1081827E,true,Rx,0,8,26,CD,00,00,00,00,00,00,
10019362,108182FE,true,Tx,0,8,08,D9,00,00,00,00,00,00,
10020505,108182FE,true,Tx,0,8,09,D9,00,00,00,00,00,00,
10022202,1081827E,true,Rx,0,8,27,CD,00,00,00,00,00,00,
10021661,108182FE,true,Tx,0,8,0A,D9,00,00,00,00,00,00,
10022842,108182FE,true,Tx,0,8,0B,D9,00,00,00,00,00,00,
10024520,1081827E,true,Rx,0,8,28,CD,00,00,00,00,00,00,
10023999,108182FE,true,Tx,0,8,0C,D9,00,00,00,00,00,00,
10025119,108182FE,true,Tx,0,8,0D,D9,00,00,00,00,00,00,
10026807,1081827E,true,Rx,0,8,29,CD,00,00,00,00,00,00,
10026255,108182FE,true,Tx,0,8,0E,D9,00,00,00,00,00,00,
10027705,108182FE,true,Tx,0,8,0F,D9,00,00,00,00,00,00,
10029130,1081827E,true,Rx,0,8,2A,CD,00,00,00,00,00,00,
10029115,108182FE,true,Tx,0,8,00,DA,00,00,00,00,00,00,
10030281,108182FE,true,Tx,0,8,01,DA,00,00,00,00,00,00,
10031516,1081827E,true,Rx,0,8,2B,CD,00,00,00,00,00,00,
10031460,108182FE,true,Tx,0,8,02,DA,00,00,00,00,00,00,
10032597,108182FE,true,Tx,0,8,03,DA,00,00,00,00,00,00,
10033742,1081827E,true,Rx,0,8,2C,CD,00,00,00,00,00,00,
10033796,108182FE,true,Tx,0,8,04,DA,00,00,00,00,00,00,
10034991,108182FE,true,Tx,0,8,05,DA,00,00,00,00,00,00,
10036097,1081827E,true,Rx,0,8,2D,CD,00,00,00,00,00,00,
10036170,108182FE,true,Tx,0,8,06,DA,00,00,00,00,00,00,
10037310,108182FE,true,Tx,0,8,07,DA,00,00,00,00,00,00,
10038518,1081827E,true,Rx,0,8,2E,CD,00,00,00,00,00,00,
10038494,108182FE,true,Tx,0,8,08,DA,00,00,00,00,00,00,
10039655,108182FE,true,Tx,0,8,09,DA,00,00,00,00,00,00,
10040743,1081827E,true,Rx,0,8,2F,CD,00,00,00,00,00,00,
10040870,108182FE,true,Tx,0,8,0A,DA,00,00,00,00,00,00,
10042012,108182FE,true,Tx,0,8,0B,DA,00,00,00,00,00,00,
10043094,1081827E,true,Rx,0,8,20,CE,00,00,00,00,00,00,
10043166,108182FE,true,Tx,0,8,0C,DA,00,00,00,00,00,00,
10044925,108182FE,true,Tx,0,8,0D,DA,00,00,00,00,00,00,
10045507,1081827E,true,Rx,0,8,21,CE,00,00,00,00,00,00,
10046264,108182FE,true,Tx,0,8,0E,DA,00,00,00,00,00,00,
10047742,1081827E,true,Rx,0,8,22,CE,00,00,00,00,00,00,
10047559,108182FE,true,Tx,0,8,0F,DA,00,00,00,00,00,00,
10048751,108182FE,true,Tx,0,8,00,DB,00,00,00,00,00,00,
10050081,1081827E,true,Rx,0,8,23,CE,00,00,00,00,00,00,
10050030,108182FE,true,Tx,0,8,01,DB,00,00,00,00,00,00,
10051251,108182FE,true,Tx,0,8,02,DB,00,00,00,00,00,00,
10052390,1081827E,true,Rx,0,8,24,CE,00,00,00,00,00,00,
10052507,108182FE,true,Tx,0,8,03,DB,00,00,00,00,00,00,
10053646,108182FE,true,Tx,0,8,04,DB,00,00,00,00,00,00,
10054685,1081827E,true,Rx,0,8,25,CE,00,00,00,00,00,00,
10054904,108182FE,true,Tx,0,8,05,DB,00,00,00,00,00,00,
10056170,108182FE,true,Tx,0,8,06,DB,00,00,00,00,00,00,
10057033,1081827E,true,Rx,0,8,26,CE,00,00,00,00,00,00,
10057403,108182FE,true,Tx,0,8,07,DB,00,00,00,00,00,00,
10058535,108182FE,true,Tx,0,8,08,DB,00,00,00,00,00,00,
10059327,1081827E,true,Rx,0,8,27,CE,00,00,00,00,00,00,
10059721,108182FE,true,Tx,0,8,09,DB,00,00,00,00,00,00,
10061042,108182FE,true,Tx,0,8,0A,DB,00,00,00,00,00,00,
10061683,1081827E,true,Rx,0,8,28,CE,00,00,00,00,00,00,
10062482,108182FE,true,Tx,0,8,0B,DB,00,00,00,00,00,00,
10063972,1081827E,true,Rx,0,8,29,CE,00,00,00,00,00,00,
10063749,108182FE,true,Tx,0,8,0C,DB,00,00,00,00,00,00,
10064930,108182FE,true,Tx,0,8,0D,DB,00,00,00,00,00,00,
10066316,1081827E,true,Rx,0,8,2A,CE,00,00,00,00,00,00,
10066145,108182FE,true,Tx,0,8,0E,DB,00,00,00,00,00,00,
10067330,108182FE,true,Tx,0,8,0F,DB,00,00,00,00,00,00,
10068633,1081827E,true,Rx,0,8,2B,CE,00,00,00,00,00,00,
10068527,108182FE,true,Tx,0,8,00,DC,00,00,00,00,00,00,
10069689,108182FE,true,Tx,0,8,01,DC,00,00,00,00,00,00,
10070979,1081827E,true,Rx,0,8,2D,CE,00,00,00,00,00,00,
10070884,108182FE,true,Tx,0,8,02,DC,00,00,00,00,00,00,
10072075,108182FE,true,Tx,0,8,03,DC,00,00,00,00,00,00,
10073264,1081827E,true,Rx,0,8,2F,CE,00,00,00,00,00,00,
10073397,108182FE,true,Tx,0,8,04,DC,00,00,00,00,00,00,
10074620,108182FE,true,Tx,0,8,05,DC,00,00,00,00,00,00,
10075635,1081827E,true,Rx,0,8,21,CF,00,00,00,00,00,00,
10075805,108182FE,true,Tx,0,8,06,DC,00,00,00,00,00,00,
10076936,108182FE,true,Tx,0,8,07,DC,00,00,00,00,00,00,
10077917,1081827E,true,Rx,0,8,23,CF,00,00,00,00,00,00,
10078458,108182FE,true,Tx,0,8,08,DC,00,00,00,00,00,00,
10080255,1081827E,true,Rx,0,8,25,CF,00,00,00,00,00,00,
10079835,108182FE,true,Tx,0,8,09,DC,00,00,00,00,00,00,
10081044,108182FE,true,Tx,0,8,0A,DC,00,00,00,00,00,00,
10082577,1081827E,true,Rx,0,8,27,CF,00,00,00,00,00,00,
10082273,108182FE,true,Tx,0,8,0B,DC,00,00,00,00,00,00,
10083431,108182FE,true,Tx,0,8,0C,DC,00,00,00,00,00,00,
10084859,1081827E,true,Rx,0,8,28,CF,00,00,00,00,00,00,
10084619,108182FE,true,Tx,0,8,0D,DC,00,00,00,00,00,00,
10085766,108182FE,true,Tx,0,8,0E,DC,00,00,00,00,00,00,
10087200,1081827E,true,Rx,0,8,2A,CF,00,00,00,00,00,00,
10086940,108182FE,true,Tx,0,8,0F,DC,00,00,00,00,00,00,
10088106,108182FE,true,Tx,0,8,00,DD,00,00,00,00,00,00,
10089513,1081827E,true,Rx,0,8,2C,CF,00,00,00,00,00,00,
10089348,108182FE,true,Tx,0,8,01,DD,00,00,00,00,00,00,
10090526,108182FE,true,Tx,0,8,02,DD,00,00,00,00,00,00,
10091861,1081827E,true,Rx,0,8,2E,CF,00,00,00,00,00,00,
10091913,108182FE,true,Tx,0,8,03,DD,00,00,00,00,00,00,
10093050,108182FE,true,Tx,0,8,04,DD,00,00,00,00,00,00,
10094152,1081827E,true,Rx,0,8,20,D0,00,00,00,00,00,00,
10094474,108182FE,true,Tx,0,8,05,DD,00,00,00,00,00,00,
10095892,108182FE,true,Tx,0,8,06,DD,00,00,00,00,00,00,
10096560,1081827E,true,Rx,0,8,21,D0,00,00,00,00,00,00,
10097138,108182FE,true,Tx,0,8,07,DD,00,00,00,00,00,00,
10098397,108182FE,true,Tx,0,8,08,DD,00,00,00,00,00,00,
10099975,1081827E,true,Rx,0,8,23,D0,00,00,00,00,00,00,
10099976,1081827E,true,Rx,0,8,25,D0,00,00,00,00,00,00,
10099636,108182FE,true,Tx,0,8,09,DD,00,00,00,00,00,00,
10100772,108182FE,true,Tx,0,8,0A,DD,00,00,00,00,00,00,
10101930,108182FE,true,Tx,0,8,0B,DD,00,00,00,00,00,00,
10103526,1081827E,true,Rx,0,8,26,D0,00,00,00,00,00,00,
10103152,108182FE,true,Tx,0,8,0C,DD,00,00,00,00,00,00,
10104306,108182FE,true,Tx,0,8,0D,DD,00,00,00,00,00,00,
10105801,1081827E,true,Rx,0,8,28,D0,00,00,00,00,00,00,
10105586,108182FE,true,Tx,0,8,0E,DD,00,00,00,00,00,00,
10106806,108182FE,true,Tx,0,8,0F,DD,00,00,00,00,00,00,
10108152,1081827E,true,Rx,0,8,2A,D0,00,00,00,00,00,00,
10108025,108182FE,true,Tx,0,8,00,DE,00,00,00,00,00,00,
10109224,108182FE,true,Tx,0,8,01,DE,00,00,00,00,00,00,
10110519,1081827E,true,Rx,0,8,2C,D0,00,00,00,00,00,00,
10110419,108182FE,true,Tx,0,8,02,DE,00,00,00,00,00,00,
10111890,108182FE,true,Tx,0,8,03,DE,00,00,00,00,00,00,
10112789,1081827E,true,Rx,0,8,2E,D0,00,00,00,00,00,00,
10113302,108182FE,true,Tx,0,8,04,DE,00,00,00,00,00,00,
10114505,108182FE,true,Tx,0,8,05,DE,00,00,00,00,00,00,
10115087,1081827E,true,Rx,0,8,20,D1,00,00,00,00,00,00,
10115705,108182FE,true,Tx,0,8,06,DE,00,00,00,00,00,00,
10117518,1081827E,true,Rx,0,8,22,D1,00,00,00,00,00,00,
10117001,108182FE,true,Tx,0,8,07,DE,00,00,00,00,00,00,
10118177,108182FE,true,Tx,0,8,08,DE,00,00,00,00,00,00,
10119743,1081827E,true,Rx,0,8,24,D1,00,00,00,00,00,00,
10119422,108182FE,true,Tx,0,8,09,DE,00,00,00,00,00,00,
10120698,108182FE,true,Tx,0,8,0A,DE,00,00,00,00,00,00,
10122089,1081827E,true,Rx,0,8,26,D1,00,00,00,00,00,00,
10121906,108182FE,true,Tx,0,8,0B,DE,00,00,00,00,00,00,
10123100,108182FE,true,Tx,0,8,0C,DE,00,00,00,00,00,00,
10124382,1081827E,true,Rx,0,8,28,D1,00,00,00,00,00,00,
10124356,108182FE,true,Tx,0,8,0D,DE,00,00,00,00,00,00,
10125533,108182FE,true,Tx,0,8,0E,DE,00,00,00,00,00,00,
10126686,1081827E,true,Rx,0,8,2A,D1,00,00,00,00,00,00,
10126823,108182FE,true,Tx,0,8,0F,DE,00,00,00,00,00,00,
10128256,108182FE,true,Tx,0,8,00,DF,00,00,00,00,00,00,
10129022,1081827E,true,Rx,0,8,2C,D1,00,00,00,00,00,00,
10129641,108182FE,true,Tx,0,8,01,DF,00,00,00,00,00,00,
10131318,1081827E,true,Rx,0,8,2E,D1,00,00,00,00,00,00,
10131035,108182FE,true,Tx,0,8,02,DF,00,00,00,00,00,00,
10132332,108182FE,true,Tx,0,8,03,DF,00,00,00,00,00,00,
10133680,1081827E,true,Rx,0,8,20,D2,00,00,00,00,00,00,
10133672,108182FE,true,Tx,0,8,04,DF,00,00,00,00,00,00,
10134960,108182FE,true,Tx,0,8,05,DF,00,00,00,00,00,00,
10135974,1081827E,true,Rx,0,8,22,D2,00,00,00,00,00,00,
10136343,108182FE,true,Tx,0,8,06,DF,00,00,00,00,00,00,
10137669,108182FE,true,Tx,0,8,07,DF,00,00,00,00,00,00,
10138278,1081827E,true,Rx,0,8,24,D2,00,00,00,00,00,00,
10139024,108182FE,true,Tx,0,8,08,DF,00,00,00,00,00,00,
10140472,108182FE,true,Tx,0,8,09,DF,00,00,00,00,00,00,
10141738,1081827E,true,Rx,0,8,26,D2,00,00,00,00,00,00,
10141739,1081827E,true,Rx,0,8,28,D2,00,00,00,00,00,00,
10141845,108182FE,true,Tx,0,8,0A,DF,00,00,00,00,00,00,
10143211,108182FE,true,Tx,0,8,0B,DF,00,00,00,00,00,00,
10145207,1081827E,true,Rx,0,8,2A,D2,00,00,00,00,00,00,
10144837,108182FE,true,Tx,0,8,0C,DF,00,00,00,00,00,00,
10146443,108182FE,true,Tx,0,8,0D,DF,00,00,00,00,00,00,
10147586,1081827E,true,Rx,0,8,2C,D2,00,00,00,00,00,00,
10147886,108182FE,true,Tx,0,8,0E,DF,00,00,00,00,00,00,
10149225,108182FE,true,Tx,0,8,0F,DF,00,00,00,00,00,00,
10149857,1081827E,true,Rx,0,8,2D,D2,00,00,00,00,00,00,
10150549,108182FE,true,Tx,0,8,00,E0,00,00,00,00,00,00,
10152205,1081827E,true,Rx,0,8,2F,D2,00,00,00,00,00,00,
10151855,108182FE,true,Tx,0,8,01,E0,00,00,00,00,00,00,
10153057,108182FE,true,Tx,0,8,02,E0,00,00,00,00,00,00,
10154527,1081827E,true,Rx,0,8,22,D3,00,00,00,00,00,00,
10154390,108182FE,true,Tx,0,8,03,E0,00,00,00,00,00,00,
10155659,108182FE,true,Tx,0,8,04,E0,00,00,00,00,00,00,
10156804,1081827E,true,Rx,0,8,23,D3,00,00,00,00,00,00,
10157499,108182FE,true,Tx,0,8,05,E0,00,00,00,00,00,00,
10159151,1081827E,true,Rx,0,8,26,D3,00,00,00,00,00,00,
10158672,108182FE,true,Tx,0,8,06,E0,00,00,00,00,00,00,
10159854,108182FE,true,Tx,0,8,07,E0,00,00,00,00,00,00,
10161533,1081827E,true,Rx,0,8,28,D3,00,00,00,00,00,00,
10161363,108182FE,true,Tx,0,8,08,E0,00,00,00,00,00,00,
10162980,108182FE,true,Tx,0,8,09,E0,00,00,00,00,00,00,
10164364,108182FE,true,Tx,0,8,0A,E0,00,00,00,00,00,00,
10164914,1081827E,true,Rx,0,8,2A,D3,00,00,00,00,00,00,
10164915,1081827E,true,Rx,0,8,2B,D3,00,00,00,00,00,00,
10165851,108182FE,true,Tx,0,8,0B,E0,00,00,00,00,00,00,
10167032,108182FE,true,Tx,0,8,0C,E0,00,00,00,00,00,00,
10168519,1081827E,true,Rx,0,8,2D,D3,00,00,00,00,00,00,
10168232,108182FE,true,Tx,0,8,0D,E0,00,00,00,00,00,00,
10169354,108182FE,true,Tx,0,8,0E,E0,00,00,00,00,00,00,
10170750,1081827E,true,Rx,0,8,2F,D3,00,00,00,00,00,00,
10170527,108182FE,true,Tx,0,8,0F,E0,00,00,00,00,00,00,
10171692,108182FE,true,Tx,0,8,00,E1,00,00,00,00,00,00,
10173089,1081827E,true,Rx,0,8,21,D4,00,00,00,00,00,00,
10172873,108182FE,true,Tx,0,8,01,E1,00,00,00,00,00,00,
10174200,108182FE,true,Tx,0,8,02,E1,00,00,00,00,00,00,
10175519,1081827E,true,Rx,0,8,23,D4,00,00,00,00,00,00,
10175491,108182FE,true,Tx,0,8,03,E1,00,00,00,00,00,00,
10176677,108182FE,true,Tx,0,8,04,E1,00,00,00,00,00,00,
10177744,1081827E,true,Rx,0,8,25,D4,00,00,00,00,00,00,
10178093,108182FE,true,Tx,0,8,05,E1,00,00,00,00,00,00,
10180028,1081827E,true,Rx,0,8,27,D4,00,00,00,00,00,00,
10179724,108182FE,true,Tx,0,8,06,E1,00,00,00,00,00,00,
10181032,108182FE,true,Tx,0,8,07,E1,00,00,00,00,00,00,
10182167,108182FE,true,Tx,0,8,08,E1,00,00,00,00,00,00,
10183563,1081827E,true,Rx,0,8,29,D4,00,00,00,00,00,00,
10183372,108182FE,true,Tx,0,8,09,E1,00,00,00,00,00,00,
10184482,108182FE,true,Tx,0,8,0A,E1,00,00,00,00,00,00,
10185916,1081827E,true,Rx,0,8,2B,D4,00,00,00,00,00,00,
10185583,108182FE,true,Tx,0,8,0B,E1,00,00,00,00,00,00,
10186681,108182FE,true,Tx,0,8,0C,E1,00,00,00,00,00,00,
10188210,1081827E,true,Rx,0,8,2D,D4,00,00,00,00,00,00,
10187758,108182FE,true,Tx,0,8,0D,E1,00,00,00,00,00,00,
10188884,108182FE,true,Tx,0,8,0E,E1,00,00,00,00,00,00,
10190509,1081827E,true,Rx,0,8,2F,D4,00,00,00,00,00,00,
10189991,108182FE,true,Tx,0,8,0F,E1,00,00,00,00,00,00,
10191128,108182FE,true,Tx,0,8,00,E2,00,00,00,00,00,00,
10192863,1081827E,true,Rx,0,8,21,D5,00,00,00,00,00,00,
10192301,108182FE,true,Tx,0,8,01,E2,00,00,00,00,00,00,
10193403,108182FE,true,Tx,0,8,02,E2,00,00,00,00,00,00,
10195148,1081827E,true,Rx,0,8,23,D5,00,00,00,00,00,00,
10194793,108182FE,true,Tx,0,8,03,E2,00,00,00,00,00,00,
10196213,108182FE,true,Tx,0,8,04,E2,00,00,00,00,00,00,
10197531,1081827E,true,Rx,0,8,25,D5,00,00,00,00,00,00,
10197477,108182FE,true,Tx,0,8,05,E2,00,00,00,00,00,00,
10198744,108182FE,true,Tx,0,8,06,E2,00,00,00,00,00,00,
10199805,1081827E,true,Rx,0,8,27,D5,00,00,00,00,00,00,
10199940,108182FE,true,Tx,0,8,07,E2,00,00,00,00,00,00,
10201057,108182FE,true,Tx,0,8,08,E2,00,00,00,00,00,00,
10202146,1081827E,true,Rx,0,8,29,D5,00,00,00,00,00,00,
10202213,108182FE,true,Tx,0,8,09,E2,00,00,00,00,00,00,
10203293,108182FE,true,Tx,0,8,0A,E2,00,00,00,00,00,00,
10204519,1081827E,true,Rx,0,8,2B,D5,00,00,00,00,00,00,
10204442,108182FE,true,Tx,0,8,0B,E2,00,00,00,00,00,00,
10205543,108182FE,true,Tx,0,8,0C,E2,00,00,00,00,00,00,
10206744,1081827E,true,Rx,0,8,2D,D5,00,00,00,00,00,00,
10206683,108182FE,true,Tx,0,8,0D,E2,00,00,00,00,00,00,
10207785,108182FE,true,Tx,0,8,0E,E2,00,00,00,00,00,00,
10209094,1081827E,true,Rx,0,8,2F,D5,00,00,00,00,00,00,
10208949,108182FE,true,Tx,0,8,0F,E2,00,00,00,00,00,00,
10210053,108182FE,true,Tx,0,8,00,E3,00,00,00,00,00,00,
10211382,1081827E,true,Rx,0,8,21,D6,00,00,00,00,00,00,
10211209,108182FE,true,Tx,0,8,01,E3,00,00,00,00,00,00,
10212429,108182FE,true,Tx,0,8,02,E3,00,00,00,00,00,00,
10213743,1081827E,true,Rx,0,8,23,D6,00,00,00,00,00,00,
10213600,108182FE,true,Tx,0,8,03,E3,00,00,00,00,00,00,
10214673,108182FE,true,Tx,0,8,04,E3,00,00,00,00,00,00,
10216030,1081827E,true,Rx,0,8,26,D6,00,00,00,00,00,00,
10215805,108182FE,true,Tx,0,8,05,E3,00,00,00,00,00,00,
10216949,108182FE,true,Tx,0,8,06,E3,00,00,00,00,00,00,
10218377,1081827E,true,Rx,0,8,27,D6,00,00,00,00,00,00,
10218175,108182FE,true,Tx,0,8,07,E3,00,00,00,00,00,00,
10220690,1081827E,true,Rx,0,8,28,D6,00,00,00,00,00,00,
10223031,1081827E,true,Rx,0,8,2A,D6,00,00,00,00,00,00,
10225325,1081827E,true,Rx,0,8,2D,D6,00,00,00,00,00,00,
10227633,1081827E,true,Rx,0,8,2E,D6,00,00,00,00,00,00,
10229959,1081827E,true,Rx,0,8,2F,D6,00,00,00,00,00,00,
10230845,108182FE,true,Tx,0,8,08,E3,00,00,00,00,00,00,
10232315,1081827E,true,Rx,0,8,22,D7,00,00,00,00,00,00,
10234634,1081827E,true,Rx,0,8,23,D7,00,00,00,00,00,00,
10236918,1081827E,true,Rx,0,8,25,D7,00,00,00,00,00,00,
10239206,1081827E,true,Rx,0,8,27,D7,00,00,00,00,00,00,
10241562,1081827E,true,Rx,0,8,29,D7,00,00,00,00,00,00,
10243865,1081827E,true,Rx,0,8,2B,D7,00,00,00,00,00,00,
10246211,1081827E,true,Rx,0,8,2D,D7,00,00,00,00,00,00,
10246235,108182FE,true,Tx,0,8,09,E3,00,00,00,00,00,00,
10248563,1081827E,true,Rx,0,8,2F,D7,00,00,00,00,00,00,
10248502,108182FE,true,Tx,0,8,0A,E3,00,00,00,00,00,00,
10250864,1081827E,true,Rx,0,8,21,D8,00,00,00,00,00,00,
10250457,108182FE,true,Tx,0,8,0B,E3,00,00,00,00,00,00,
10251782,108182FE,true,Tx,0,8,0C,E3,00,00,00,00,00,00,
10253202,1081827E,true,Rx,0,8,23,D8,00,00,00,00,00,00,
10253048,108182FE,true,Tx,0,8,0D,E3,00,00,00,00,00,00,
10254285,108182FE,true,Tx,0,8,0E,E3,00,00,00,00,00,00,
10255525,1081827E,true,Rx,0,8,25,D8,00,00,00,00,00,00,
10255584,108182FE,true,Tx,0,8,0F,E3,00,00,00,00,00,00,
10256799,108182FE,true,Tx,0,8,00,E4,00,00,00,00,00,00,
10257866,1081827E,true,Rx,0,8,26,D8,00,00,00,00,00,00,
10258073,108182FE,true,Tx,0,8,01,E4,00,00,00,00,00,00,
10259257,108182FE,true,Tx,0,8,02,E4,00,00,00,00,00,00,
10260153,1081827E,true,Rx,0,8,27,D8,00,00,00,00,00,00,
10260516,108182FE,true,Tx,0,8,03,E4,00,00,00,00,00,00,
10262563,1081827E,true,Rx,0,8,28,D8,00,00,00,00,00,00,
10263058,108182FE,true,Tx,0,8,04,E4,00,00,00,00,00,00,
10264800,1081827E,true,Rx,0,8,29,D8,00,00,00,00,00,00,
10265248,108182FE,true,Tx,0,8,05,E4,00,00,00,00,00,00,
10267131,1081827E,true,Rx,0,8,2A,D8,00,00,00,00,00,00,
10266898,108182FE,true,Tx,0,8,06,E4,00,00,00,00,00,00,
10268171,108182FE,true,Tx,0,8,07,E4,00,00,00,00,00,00,
10269523,1081827E,true,Rx,0,8,2B,D8,00,00,00,00,00,00,
10269456,108182FE,true,Tx,0,8,08,E4,00,00,00,00,00,00,
10270759,108182FE,true,Tx,0,8,09,E4,00,00,00,00,00,00,
10271802,1081827E,true,Rx,0,8,2C,D8,00,00,00,00,00,00,
10272042,108182FE,true,Tx,0,8,0A,E4,00,00,00,00,00,00,
10273189,108182FE,true,Tx,0,8,0B,E4,00,00,00,00,00,00,
10274152,1081827E,true,Rx,0,8,2D,D8,00,00,00,00,00,00,
10274379,108182FE,true,Tx,0,8,0C,E4,00,00,00,00,00,00,
10275520,108182FE,true,Tx,0,8,0D,E4,00,00,00,00,00,00,
10276521,1081827E,true,Rx,0,8,2E,D8,00,00,00,00,00,00,
10276703,108182FE,true,Tx,0,8,0E,E4,00,00,00,00,00,00,
10278035,108182FE,true,Tx,0,8,0F,E4,00,00,00,00,00,00,
10278803,1081827E,true,Rx,0,8,2F,D8,00,00,00,00,00,00,
10279370,108182FE,true,Tx,0,8,00,E5,00,00,00,00,00,00,
10281096,1081827E,true,Rx,0,8,20,D9,00,00,00,00,00,00,
10280585,108182FE,true,Tx,0,8,01,E5,00,00,00,00,00,00,
10281755,108182FE,true,Tx,0,8,02,E5,00,00,00,00,00,00,
10282898,108182FE,true,Tx,0,8,03,E5,00,00,00,00,00,00,
10283516,1081827E,true,Rx,0,8,21,D9,00,00,00,00,00,00,
10284208,108182FE,true,Tx,0,8,04,E5,00,00,00,00,00,00,
10285746,1081827E,true,Rx,0,8,22,D9,00,00,00,00,00,00,
10285595,108182FE,true,Tx,0,8,05,E5,00,00,00,00,00,00,
10286790,108182FE,true,Tx,0,8,06,E5,00,00,00,00,00,00,
10288086,1081827E,true,Rx,0,8,23,D9,00,00,00,00,00,00,
10287975,108182FE,true,Tx,0,8,07,E5,00,00,00,00,00,00,
10289139,108182FE,true,Tx,0,8,08,E5,00,00,00,00,00,00,
10290377,1081827E,true,Rx,0,8,24,D9,00,00,00,00,00,00,
10290342,108182FE,true,Tx,0,8,09,E5,00,00,00,00,00,00,
10291542,108182FE,true,Tx,0,8,0A,E5,00,00,00,00,00,00,
10292693,1081827E,true,Rx,0,8,25,D9,00,00,00,00,00,00,
10292642,108182FE,true,Tx,0,8,0B,E5,00,00,00,00,00,00,
10293778,108182FE,true,Tx,0,8,0C,E5,00,00,00,00,00,00,
10295031,1081827E,true,Rx,0,8,26,D9,00,00,00,00,00,00,
10295294,108182FE,true,Tx,0,8,0D,E5,00,00,00,00,00,00,
10296636,108182FE,true,Tx,0,8,0E,E5,00,00,00,00,00,00,
10297331,1081827E,true,Rx,0,8,27,D9,00,00,00,00,00,00,
10297845,108182FE,true,Tx,0,8,0F,E5,00,00,00,00,00,00,
10299025,108182FE,true,Tx,0,8,00,E6,00,00,00,00,00,00,
10299638,1081827E,true,Rx,0,8,28,D9,00,00,00,00,00,00,
10300298,108182FE,true,Tx,0,8,01,E6,00,00,00,00,00,00,
10301400,108182FE,true,Tx,0,8,02,E6,00,00,00,00,00,00,
10301974,1081827E,true,Rx,0,8,29,D9,00,00,00,00,00,00,
10302522,108182FE,true,Tx,0,8,03,E6,00,00,00,00,00,00,
10303672,108182FE,true,Tx,0,8,04,E6,00,00,00,00,00,00,
10304264,1081827E,true,Rx,0,8,2A,D9,00,00,00,00,00,00,
10304828,108182FE,true,Tx,0,8,05,E6,00,00,00,00,00,00,
10305928,108182FE,true,Tx,0,8,06,E6,00,00,00,00,00,00,
10306635,1081827E,true,Rx,0,8,2B,D9,00,00,00,00,00,00,
10307127,108182FE,true,Tx,0,8,07,E6,00,00,00,00,00,00,
10308277,108182FE,true,Tx,0,8,08,E6,00,00,00,00,00,00,
10308918,1081827E,true,Rx,0,8,2C,D9,00,00,00,00,00,00,
10309403,108182FE,true,Tx,0,8,09,E6,00,00,00,00,00,00,
10310521,108182FE,true,Tx,0,8,0A,E6,00,00,00,00,00,00,
10311268,1081827E,true,Rx,0,8,2D,D9,00,00,00,00,00,00,
10312391,108182FE,true,Tx,0,8,0B,E6,00,00,00,00,00,00,
10313588,1081827E,true,Rx,0,8,2F,D9,00,00,00,00,00,00,
10313621,108182FE,true,Tx,0,8,0C,E6,00,00,00,00,00,00,
10314918,108182FE,true,Tx,0,8,0D,E6,00,00,00,00,00,00,
10315924,1081827E,true,Rx,0,8,20,DA,00,00,00,00,00,00,
10316281,108182FE,true,Tx,0,8,0E,E6,00,00,00,00,00,00,
10317571,108182FE,true,Tx,0,8,0F,E6,00,00,00,00,00,00,
10318207,1081827E,true,Rx,0,8,22,DA,00,00,00,00,00,00,
10318815,108182FE,true,Tx,0,8,00,E7,00,00,00,00,00,00,
10320562,1081827E,true,Rx,0,8,24,DA,00,00,00,00,00,00,
10319995,108182FE,true,Tx,0,8,01,E7,00,00,00,00,00,00,
10321164,108182FE,true,Tx,0,8,02,E7,00,00,00,00,00,00,
10322861,1081827E,true,Rx,0,8,26,DA,00,00,00,00,00,00,
10322329,108182FE,true,Tx,0,8,03,E7,00,00,00,00,00,00,
10323484,108182FE,true,Tx,0,8,04,E7,00,00,00,00,00,00,
10325156,1081827E,true,Rx,0,8,28,DA,00,00,00,00,00,00,
10324668,108182FE,true,Tx,0,8,05,E7,00,00,00,00,00,00,
10325929,108182FE,true,Tx,0,8,06,E7,00,00,00,00,00,00,
10327525,1081827E,true,Rx,0,8,2A,DA,00,00,00,00,00,00,
10327118,108182FE,true,Tx,0,8,07,E7,00,00,00,00,00,00,
10328483,108182FE,true,Tx,0,8,08,E7,00,00,00,00,00,00,
10329861,1081827E,true,Rx,0,8,2C,DA,00,00,00,00,00,00,
10330242,108182FE,true,Tx,0,8,09,E7,00,00,00,00,00,00,
10331410,108182FE,true,Tx,0,8,0A,E7,00,00,00,00,00,00,
10332153,1081827E,true,Rx,0,8,2D,DA,00,00,00,00,00,00,
10332588,108182FE,true,Tx,0,8,0B,E7,00,00,00,00,00,00,
10333678,108182FE,true,Tx,0,8,0C,E7,00,00,00,00,00,00,
10334612,1081827E,true,Rx,0,8,2F,DA,00,00,00,00,00,00,
10334864,108182FE,true,Tx,0,8,0D,E7,00,00,00,00,00,00,
10335982,108182FE,true,Tx,0,8,0E,E7,00,00,00,00,00,00,
10336802,1081827E,true,Rx,0,8,21,DB,00,00,00,00,00,00,
10337212,108182FE,true,Tx,0,8,0F,E7,00,00,00,00,00,00,
10338322,108182FE,true,Tx,0,8,00,E8,00,00,00,00,00,00,
10339095,1081827E,true,Rx,0,8,23,DB,00,00,00,00,00,00,
10339555,108182FE,true,Tx,0,8,01,E8,00,00,00,00,00,00,
10340693,108182FE,true,Tx,0,8,02,E8,00,00,00,00,00,00,
10341423,1081827E,true,Rx,0,8,25,DB,00,00,00,00,00,00,
10341987,108182FE,true,Tx,0,8,03,E8,00,00,00,00,00,00,
10343183,108182FE,true,Tx,0,8,04,E8,00,00,00,00,00,00,
10343752,1081827E,true,Rx,0,8,27,DB,00,00,00,00,00,00,
10344310,108182FE,true,Tx,0,8,05,E8,00,00,00,00,00,00,
10346034,1081827E,true,Rx,0,8,29,DB,00,00,00,00,00,00,
10345831,108182FE,true,Tx,0,8,06,E8,00,00,00,00,00,00,
10347182,108182FE,true,Tx,0,8,07,E8,00,00,00,00,00,00,
10348370,1081827E,true,Rx,0,8,2A,DB,00,00,00,00,00,00,
10348466,108182FE,true,Tx,0,8,08,E8,00,00,00,00,00,00,
10349582,108182FE,true,Tx,0,8,09,E8,00,00,00,00,00,00,
10350750,1081827E,true,Rx,0,8,2C,DB,00,00,00,00,00,00,
10350760,108182FE,true,Tx,0,8,0A,E8,00,00,00,00,00,00,
10351872,108182FE,true,Tx,0,8,0B,E8,00,00,00,00,00,00,
10353034,1081827E,true,Rx,0,8,2E,DB,00,00,00,00,00,00,
10353062,108182FE,true,Tx,0,8,0C,E8,00,00,00,00,00,00,
10354144,108182FE,true,Tx,0,8,0D,E8,00,00,00,00,00,00,
10355383,1081827E,true,Rx,0,8,20,DC,00,00,00,00,00,00,
10355346,108182FE,true,Tx,0,8,0E,E8,00,00,00,00,00,00,
10356480,108182FE,true,Tx,0,8,0F,E8,00,00,00,00,00,00,
10357691,1081827E,true,Rx,0,8,22,DC,00,00,00,00,00,00,
10357738,108182FE,true,Tx,0,8,00,E9,00,00,00,00,00,00,
10358854,108182FE,true,Tx,0,8,01,E9,00,00,00,00,00,00,
10360035,1081827E,true,Rx,0,8,24,DC,00,00,00,00,00,00,
10360042,108182FE,true,Tx,0,8,02,E9,00,00,00,00,00,00,
10361134,108182FE,true,Tx,0,8,03,E9,00,00,00,00,00,00,
10362326,1081827E,true,Rx,0,8,26,DC,00,00,00,00,00,00,
10362578,108182FE,true,Tx,0,8,04,E9,00,00,00,00,00,00,
10364625,1081827E,true,Rx,0,8,28,DC,00,00,00,00,00,00,
10364172,108182FE,true,Tx,0,8,05,E9,00,00,00,00,00,00,
10365344,108182FE,true,Tx,0,8,06,E9,00,00,00,00,00,00,
10366973,1081827E,true,Rx,0,8,29,DC,00,00,00,00,00,00,
10366543,108182FE,true,Tx,0,8,07,E9,00,00,00,00,00,00,
10367683,108182FE,true,Tx,0,8,08,E9,00,00,00,00,00,00,
10369327,1081827E,true,Rx,0,8,2B,DC,00,00,00,00,00,00,
10368834,108182FE,true,Tx,0,8,09,E9,00,00,00,00,00,00,
10369967,108182FE,true,Tx,0,8,0A,E9,00,00,00,00,00,00,
10371637,1081827E,true,Rx,0,8,2D,DC,00,00,00,00,00,00,
10371099,108182FE,true,Tx,0,8,0B,E9,00,00,00,00,00,00,
10372173,108182FE,true,Tx,0,8,0C,E9,00,00,00,00,00,00,
10373355,108182FE,true,Tx,0,8,0D,E9,00,00,00,00,00,00,
10373976,1081827E,true,Rx,0,8,2F,DC,00,00,00,00,00,00,
10374542,108182FE,true,Tx,0,8,0E,E9,00,00,00,00,00,00,
10375696,108182FE,true,Tx,0,8,0F,E9,00,00,00,00,00,00,
10376269,1081827E,true,Rx,0,8,21,DD,00,00,00,00,00,00,
10376830,108182FE,true,Tx,0,8,00,EA,00,00,00,00,00,00,
10378037,108182FE,true,Tx,0,8,01,EA,00,00,00,00,00,00,
10379746,1081827E,true,Rx,0,8,23,DD,00,00,00,00,00,00,
10379747,1081827E,true,Rx,0,8,25,DD,00,00,00,00,00,00,
10379352,108182FE,true,Tx,0,8,02,EA,00,00,00,00,00,00,
10380588,108182FE,true,Tx,0,8,03,EA,00,00,00,00,00,00,
10382083,1081827E,true,Rx,0,8,26,DD,00,00,00,00,00,00,
10381921,108182FE,true,Tx,0,8,04,EA,00,00,00,00,00,00,
10383159,108182FE,true,Tx,0,8,05,EA,00,00,00,00,00,00,
10384381,1081827E,true,Rx,0,8,29,DD,00,00,00,00,00,00,
10384545,108182FE,true,Tx,0,8,06,EA,00,00,00,00,00,00,
10385849,108182FE,true,Tx,0,8,07,EA,00,00,00,00,00,00,
10386688,1081827E,true,Rx,0,8,2A,DD,00,00,00,00,00,00,
10387264,108182FE,true,Tx,0,8,08,EA,00,00,00,00,00,00,
10388981,1081827E,true,Rx,0,8,2C,DD,00,00,00,00,00,00,
10388594,108182FE,true,Tx,0,8,09,EA,00,00,00,00,00,00,
10389792,108182FE,true,Tx,0,8,0A,EA,00,00,00,00,00,00,
10391315,1081827E,true,Rx,0,8,2E,DD,00,00,00,00,00,00,
10391055,108182FE,true,Tx,0,8,0B,EA,00,00,00,00,00,00,
10392231,108182FE,true,Tx,0,8,0C,EA,00,00,00,00,00,00,
10393629,1081827E,true,Rx,0,8,20,DE,00,00,00,00,00,00,
10393470,108182FE,true,Tx,0,8,0D,EA,00,00,00,00,00,00,
10394626,108182FE,true,Tx,0,8,0E,EA,00,00,00,00,00,00,
10395971,1081827E,true,Rx,0,8,22,DE,00,00,00,00,00,00,
10396163,108182FE,true,Tx,0,8,0F,EA,00,00,00,00,00,00,
10397624,108182FE,true,Tx,0,8,00,EB,00,00,00,00,00,00,
10398315,1081827E,true,Rx,0,8,24,DE,00,00,00,00,00,00,
10398988,108182FE,true,Tx,0,8,01,EB,00,00,00,00,00,00,
10400635,1081827E,true,Rx,0,8,25,DE,00,00,00,00,00,00,
10400174,108182FE,true,Tx,0,8,02,EB,00,00,00,00,00,00,
10401310,108182FE,true,Tx,0,8,03,EB,00,00,00,00,00,00,
10402919,1081827E,true,Rx,0,8,27,DE,00,00,00,00,00,00,
10402527,108182FE,true,Tx,0,8,04,EB,00,00,00,00,00,00,
10403802,108182FE,true,Tx,0,8,05,EB,00,00,00,00,00,00,
10405261,1081827E,true,Rx,0,8,29,DE,00,00,00,00,00,00,
10404947,108182FE,true,Tx,0,8,06,EB,00,00,00,00,00,00,
10406127,108182FE,true,Tx,0,8,07,EB,00,00,00,00,00,00,
10407287,108182FE,true,Tx,0,8,08,EB,00,00,00,00,00,00,
10408464,108182FE,true,Tx,0,8,09,EB,00,00,00,00,00,00,
10409928,1081827E,true,Rx,0,8,2B,DE,00,00,00,00,00,00,
10409929,1001117E,true,Rx,0,8,00,01,00,00,00,00,00,00,
10409930,1081827E,true,Rx,0,8,2D,DE,00,00,00,00,00,00,
10409610,108182FE,true,Tx,0,8,0A,EB,00,00,00,00,00,00,
10410738,108182FE,true,Tx,0,8,0B,EB,00,00,00,00,00,00,
10412045,108182FE,true,Tx,0,8,0C,EB,00,00,00,00,00,00,
10413523,1081827E,true,Rx,0,8,2F,DE,00,00,00,00,00,00,
10413565,108182FE,true,Tx,0,8,0D,EB,00,00,00,00,00,00,
10414760,108182FE,true,Tx,0,8,0E,EB,00,00,00,00,00,00,
10415802,1081827E,true,Rx,0,8,21,DF,00,00,00,00,00,00,
10416007,108182FE,true,Tx,0,8,0F,EB,00,00,00,00,00,00,
10417153,108182FE,true,Tx,0,8,00,EC,00,00,00,00,00,00,
10418098,1081827E,true,Rx,0,8,22,DF,00,00,00,00,00,00,
10418352,108182FE,true,Tx,0,8,01,EC,00,00,00,00,00,00,
10419567,108182FE,true,Tx,0,8,02,EC,00,00,00,00,00,00,
10420524,1081827E,true,Rx,0,8,24,DF,00,00,00,00,00,00,
10420823,108182FE,true,Tx,0,8,03,EC,00,00,00,00,00,00,
10421983,108182FE,true,Tx,0,8,04,EC,00,00,00,00,00,00,
10422810,1081827E,true,Rx,0,8,26,DF,00,00,00,00,00,00,
10423099,108182FE,true,Tx,0,8,05,EC,00,00,00,00,00,00,
10424258,108182FE,true,Tx,0,8,06,EC,00,00,00,00,00,00,
10425153,1081827E,true,Rx,0,8,27,DF,00,00,00,00,00,00,
10425402,108182FE,true,Tx,0,8,07,EC,00,00,00,00,00,00,
10426532,108182FE,true,Tx,0,8,08,EC,00,00,00,00,00,00,
10427672,108182FE,true,Tx,0,8,09,EC,00,00,00,00,00,00,
10428635,1081827E,true,Rx,0,8,2A,DF,00,00,00,00,00,00,
10428637,1081827E,true,Rx,0,8,2B,DF,00,00,00,00,00,00,
10429147,108182FE,true,Tx,0,8,0A,EC,00,00,00,00,00,00,
10430503,108182FE,true,Tx,0,8,0B,EC,00,00,00,00,00,00,
10432149,1081827E,true,Rx,0,8,2C,DF,00,00,00,00,00,00,
10431706,108182FE,true,Tx,0,8,0C,EC,00,00,00,00,00,00,
10432859,108182FE,true,Tx,0,8,0D,EC,00,00,00,00,00,00,
10434561,1081827E,true,Rx,0,8,2E,DF,00,00,00,00,00,00,
10434096,108182FE,true,Tx,0,8,0E,EC,00,00,00,00,00,00,
10435232,108182FE,true,Tx,0,8,0F,EC,00,00,00,00,00,00,
10436863,1081827E,true,Rx,0,8,2F,DF,00,00,00,00,00,00,
10436400,108182FE,true,Tx,0,8,00,ED,00,00,00,00,00,00,
10437525,108182FE,true,Tx,0,8,01,ED,00,00,00,00,00,00,
10439155,1081827E,true,Rx,0,8,21,E0,00,00,00,00,00,00,
10438702,108182FE,true,Tx,0,8,02,ED,00,00,00,00,00,00,
10439855,108182FE,true,Tx,0,8,03,ED,00,00,00,00,00,00,
10441576,1081827E,true,Rx,0,8,23,E0,00,00,00,00,00,00,
10441194,108182FE,true,Tx,0,8,04,ED,00,00,00,00,00,00,
10442297,108182FE,true,Tx,0,8,05,ED,00,00,00,00,00,00,
10443868,1081827E,true,Rx,0,8,25,E0,00,00,00,00,00,00,
10443461,108182FE,true,Tx,0,8,06,ED,00,00,00,00,00,00,
10444575,108182FE,true,Tx,0,8,07,ED,00,00,00,00,00,00,
10446152,1081827E,true,Rx,0,8,26,E0,00,00,00,00,00,00,
10446090,108182FE,true,Tx,0,8,08,ED,00,00,00,00,00,00,
10447561,108182FE,true,Tx,0,8,09,ED,00,00,00,00,00,00,
10448532,1081827E,true,Rx,0,8,28,E0,00,00,00,00,00,00,
10448896,108182FE,true,Tx,0,8,0A,ED,00,00,00,00,00,00,
10450107,108182FE,true,Tx,0,8,0B,ED,00,00,00,00,00,00,
10450858,1081827E,true,Rx,0,8,2A,E0,00,00,00,00,00,00,
10451335,108182FE,true,Tx,0,8,0C,ED,00,00,00,00,00,00,
10452490,108182FE,true,Tx,0,8,0D,ED,00,00,00,00,00,00,
10453207,1081827E,true,Rx,0,8,2B,E0,00,00,00,00,00,00,
10453659,108182FE,true,Tx,0,8,0E,ED,00,00,00,00,00,00,
10454768,108182FE,true,Tx,0,8,0F,ED,00,00,00,00,00,00,
10455524,1081827E,true,Rx,0,8,2D,E0,00,00,00,00,00,00,
10455909,108182FE,true,Tx,0,8,00,EE,00,00,00,00,00,00,
10457107,108182FE,true,Tx,0,8,01,EE,00,00,00,00,00,00,
10457862,1081827E,true,Rx,0,8,2F,E0,00,00,00,00,00,00,
10458729,108182FE,true,Tx,0,8,02,EE,00,00,00,00,00,00,
10460216,1081827E,true,Rx,0,8,21,E1,00,00,00,00,00,00,
10460863,108182FE,true,Tx,0,8,03,EE,00,00,00,00,00,00,
10462540,1081827E,true,Rx,0,8,23,E1,00,00,00,00,00,00,
10463239,108182FE,true,Tx,0,8,04,EE,00,00,00,00,00,00,
10464815,1081827E,true,Rx,0,8,25,E1,00,00,00,00,00,00,
10464652,108182FE,true,Tx,0,8,05,EE,00,00,00,00,00,00,
10465778,108182FE,true,Tx,0,8,06,EE,00,00,00,00,00,00,
10467148,1081827E,true,Rx,0,8,26,E1,00,00,00,00,00,00,
10466970,108182FE,true,Tx,0,8,07,EE,00,00,00,00,00,00,
10468066,108182FE,true,Tx,0,8,08,EE,00,00,00,00,00,00,
10469526,1081827E,true,Rx,0,8,27,E1,00,00,00,00,00,00,
10471807,1081827E,true,Rx,0,8,29,E1,00,00,00,00,00,00,
10474156,1081827E,true,Rx,0,8,2B,E1,00,00,00,00,00,00,
10476524,1081827E,true,Rx,0,8,2D,E1,00,00,00,00,00,00,
10478806,1081827E,true,Rx,0,8,2F,E1,00,00,00,00,00,00,
10481152,1081827E,true,Rx,0,8,21,E2,00,00,00,00,00,00,
10480627,108182FE,true,Tx,0,8,09,EE,00,00,00,00,00,00,
10483535,1081827E,true,Rx,0,8,23,E2,00,00,00,00,00,00,
10485806,1081827E,true,Rx,0,8,25,E2,00,00,00,00,00,00,
10488093,1081827E,true,Rx,0,8,27,E2,00,00,00,00,00,00,
10490429,1081827E,true,Rx,0,8,29,E2,00,00,00,00,00,00,
10493922,1081827E,true,Rx,0,8,2B,E2,00,00,00,00,00,00,
10493923,1081827E,true,Rx,0,8,2D,E2,00,00,00,00,00,00,
10494152,108182FE,true,Tx,0,8,0A,EE,00,00,00,00,00,00,
10496225,108182FE,true,Tx,0,8,0B,EE,00,00,00,00,00,00,
10497527,1081827E,true,Rx,0,8,2F,E2,00,00,00,00,00,00,
10498248,108182FE,true,Tx,0,8,0C,EE,00,00,00,00,00,00,
10500127,108182FE,true,Tx,0,8,0D,EE,00,00,00,00,00,00,
10500915,1081827E,true,Rx,0,8,21,E3,00,00,00,00,00,00,
10500916,1081827E,true,Rx,0,8,23,E3,00,00,00,00,00,00,
10501325,108182FE,true,Tx,0,8,0E,EE,00,00,00,00,00,00,
10502512,108182FE,true,Tx,0,8,0F,EE,00,00,00,00,00,00,
10503742,108182FE,true,Tx,0,8,00,EF,00,00,00,00,00,00,
10504381,1081827E,true,Rx,0,8,25,E3,00,00,00,00,00,00,
10505084,108182FE,true,Tx,0,8,01,EF,00,00,00,00,00,00,
10506748,1081827E,true,Rx,0,8,27,E3,00,00,00,00,00,00,
10506272,108182FE,true,Tx,0,8,02,EF,00,00,00,00,00,00,
10507444,108182FE,true,Tx,0,8,03,EF,00,00,00,00,00,00,
10509037,1081827E,true,Rx,0,8,28,E3,00,00,00,00,00,00,
10508683,108182FE,true,Tx,0,8,04,EF,00,00,00,00,00,00,
10510026,108182FE,true,Tx,0,8,05,EF,00,00,00,00,00,00,
10511389,1081827E,true,Rx,0,8,29,E3,00,00,00,00,00,00,
10511425,108182FE,true,Tx,0,8,06,EF,00,00,00,00,00,00,
10513113,108182FE,true,Tx,0,8,07,EF,00,00,00,00,00,00,
10513685,1081827E,true,Rx,0,8,2A,E3,00,00,00,00,00,00,
10514937,108182FE,true,Tx,0,8,08,EF,00,00,00,00,00,00,
10516047,1081827E,true,Rx,0,8,2B,E3,00,00,00,00,00,00,
10517229,108182FE,true,Tx,0,8,09,EF,00,00,00,00,00,00,
10518309,1081827E,true,Rx,0,8,2C,E3,00,00,00,00,00,00,
10518571,108182FE,true,Tx,0,8,0A,EF,00,00,00,00,00,00,
10519776,108182FE,true,Tx,0,8,0B,EF,00,00,00,00,00,00,
10520628,1081827E,true,Rx,0,8,2D,E3,00,00,00,00,00,00,
10521088,108182FE,true,Tx,0,8,0C,EF,00,00,00,00,00,00,
10522302,108182FE,true,Tx,0,8,0D,EF,00,00,00,00,00,00,
10522981,1081827E,true,Rx,0,8,2E,E3,00,00,00,00,00,00,
10523416,108182FE,true,Tx,0,8,0E,EF,00,00,00,00,00,00,
10524566,108182FE,true,Tx,0,8,0F,EF,00,00,00,00,00,00,
10525331,1081827E,true,Rx,0,8,2F,E3,00,00,00,00,00,00,
10525663,108182FE,true,Tx,0,8,00,F0,00,00,00,00,00,00,
10526814,108182FE,true,Tx,0,8,01,F0,00,00,00,00,00,00,
10527638,1081827E,true,Rx,0,8,20,E4,00,00,00,00,00,00,
10527895,108182FE,true,Tx,0,8,02,F0,00,00,00,00,00,00,
10529331,108182FE,true,Tx,0,8,03,F0,00,00,00,00,00,00,
10529977,1081827E,true,Rx,0,8,21,E4,00,00,00,00,00,00,
10530866,108182FE,true,Tx,0,8,04,F0,00,00,00,00,00,00,
10532261,1081827E,true,Rx,0,8,22,E4,00,00,00,00,00,00,
10532071,108182FE,true,Tx,0,8,05,F0,00,00,00,00,00,00,
10533227,108182FE,true,Tx,0,8,06,F0,00,00,00,00,00,00,
10534633,1081827E,true,Rx,0,8,23,E4,00,00,00,00,00,00,
10534365,108182FE,true,Tx,0,8,07,F0,00,00,00,00,00,00,
10535506,108182FE,true,Tx,0,8,08,F0,00,00,00,00,00,00,
10536972,1081827E,true,Rx,0,8,24,E4,00,00,00,00,00,00,
10536751,108182FE,true,Tx,0,8,09,F0,00,00,00,00,00,00,
10537949,108182FE,true,Tx,0,8,0A,F0,00,00,00,00,00,00,
10539269,1081827E,true,Rx,0,8,25,E4,00,00,00,00,00,00,
10539119,108182FE,true,Tx,0,8,0B,F0,00,00,00,00,00,00,
10540239,108182FE,true,Tx,0,8,0C,F0,00,00,00,00,00,00,
10541634,1081827E,true,Rx,0,8,26,E4,00,00,00,00,00,00,
10541378,108182FE,true,Tx,0,8,0D,F0,00,00,00,00,00,00,
10542487,108182FE,true,Tx,0,8,0E,F0,00,00,00,00,00,00,
10543983,1081827E,true,Rx,0,8,27,E4,00,00,00,00,00,00,
10543618,108182FE,true,Tx,0,8,0F,F0,00,00,00,00,00,00,
10544739,108182FE,true,Tx,0,8,00,F1,00,00,00,00,00,00,
10546260,1081827E,true,Rx,0,8,28,E4,00,00,00,00,00,00,
10545995,108182FE,true,Tx,0,8,01,F1,00,00,00,00,00,00,
10547332,108182FE,true,Tx,0,8,02,F1,00,00,00,00,00,00,
10548632,1081827E,true,Rx,0,8,29,E4,00,00,00,00,00,00,
10548502,108182FE,true,Tx,0,8,03,F1,00,00,00,00,00,00,
10549757,108182FE,true,Tx,0,8,04,F1,00,00,00,00,00,00,
10550927,1081827E,true,Rx,0,8,2A,E4,00,00,00,00,00,00,
10550929,108182FE,true,Tx,0,8,05,F1,00,00,00,00,00,00,
10552076,108182FE,true,Tx,0,8,06,F1,00,00,00,00,00,00,
10553264,1081827E,true,Rx,0,8,2B,E4,00,00,00,00,00,00,
10553371,108182FE,true,Tx,0,8,07,F1,00,00,00,00,00,00,
10554563,108182FE,true,Tx,0,8,08,F1,00,00,00,00,00,00,
10555639,1081827E,true,Rx,0,8,2C,E4,00,00,00,00,00,00,
10555690,108182FE,true,Tx,0,8,09,F1,00,00,00,00,00,00,
10556805,108182FE,true,Tx,0,8,0A,F1,00,00,00,00,00,00,
10557921,1081827E,true,Rx,0,8,2D,E4,00,00,00,00,00,00,
10557921,108182FE,true,Tx,0,8,0B,F1,00,00,00,00,00,00,
10559047,108182FE,true,Tx,0,8,0C,F1,00,00,00,00,00,00,
10560271,1081827E,true,Rx,0,8,2E,E4,00,00,00,00,00,00,
10560161,108182FE,true,Tx,0,8,0D,F1,00,00,00,00,00,00,
10561278,108182FE,true,Tx,0,8,0E,F1,00,00,00,00,00,00,
10562584,1081827E,true,Rx,0,8,2F,E4,00,00,00,00,00,00,
10562733,108182FE,true,Tx,0,8,0F,F1,00,00,00,00,00,00,
10564127,108182FE,true,Tx,0,8,00,F2,00,00,00,00,00,00,
10564913,1081827E,true,Rx,0,8,20,E5,00,00,00,00,00,00,
10565386,108182FE,true,Tx,0,8,01,F2,00,00,00,00,00,00,
10566517,108182FE,true,Tx,0,8,02,F2,00,00,00,00,00,00,
10567264,1081827E,true,Rx,0,8,21,E5,00,00,00,00,00,00,
10567666,108182FE,true,Tx,0,8,03,F2,00,00,00,00,00,00,
10568738,108182FE,true,Tx,0,8,04,F2,00,00,00,00,00,00,
10569905,108182FE,true,Tx,0,8,05,F2,00,00,00,00,00,00,
10570749,1081827E,true,Rx,0,8,22,E5,00,00,00,00,00,00,
10570750,1081827E,true,Rx,0,8,23,E5,00,00,00,00,00,00,
10570988,108182FE,true,Tx,0,8,06,F2,00,00,00,00,00,00,
10572111,108182FE,true,Tx,0,8,07,F2,00,00,00,00,00,00,
10573184,108182FE,true,Tx,0,8,08,F2,00,00,00,00,00,00,
10574213,1081827E,true,Rx,0,8,25,E5,00,00,00,00,00,00,
10574309,108182FE,true,Tx,0,8,09,F2,00,00,00,00,00,00,
10575395,108182FE,true,Tx,0,8,0A,F2,00,00,00,00,00,00,
10576580,1081827E,true,Rx,0,8,27,E5,00,00,00,00,00,00,
10576584,108182FE,true,Tx,0,8,0B,F2,00,00,00,00,00,00,
10577679,108182FE,true,Tx,0,8,0C,F2,00,00,00,00,00,00,
10578864,1081827E,true,Rx,0,8,29,E5,00,00,00,00,00,00,
10579126,108182FE,true,Tx,0,8,0D,F2,00,00,00,00,00,00,
10580555,108182FE,true,Tx,0,8,0E,F2,00,00,00,00,00,00,
10581204,1081827E,true,Rx,0,8,2B,E5,00,00,00,00,00,00,
10581789,108182FE,true,Tx,0,8,0F,F2,00,00,00,00,00,00,
10582935,108182FE,true,Tx,0,8,00,F3,00,00,00,00,00,00,
10583525,1081827E,true,Rx,0,8,2D,E5,00,00,00,00,00,00,
10584104,108182FE,true,Tx,0,8,01,F3,00,00,00,00,00,00,
10585227,108182FE,true,Tx,0,8,02,F3,00,00,00,00,00,00,
10585807,1081827E,true,Rx,0,8,2F,E5,00,00,00,00,00,00,
10586398,108182FE,true,Tx,0,8,03,F3,00,00,00,00,00,00,
10588154,1081827E,true,Rx,0,8,21,E6,00,00,00,00,00,00,
10587750,108182FE,true,Tx,0,8,04,F3,00,00,00,00,00,00,
10589023,108182FE,true,Tx,0,8,05,F3,00,00,00,00,00,00,
10590416,108182FE,true,Tx,0,8,06,F3,00,00,00,00,00,00,
10591634,1081827E,true,Rx,0,8,22,E6,00,00,00,00,00,00,
10591635,1081827E,true,Rx,0,8,24,E6,00,00,00,00,00,00,
10591734,108182FE,true,Tx,0,8,07,F3,00,00,00,00,00,00,
10592874,108182FE,true,Tx,0,8,08,F3,00,00,00,00,00,00,
10593981,108182FE,true,Tx,0,8,09,F3,00,00,00,00,00,00,
10595155,1081827E,true,Rx,0,8,27,E6,00,00,00,00,00,00,
10595147,108182FE,true,Tx,0,8,0A,F3,00,00,00,00,00,00,
10596593,108182FE,true,Tx,0,8,0B,F3,00,00,00,00,00,00,
10597516,1081827E,true,Rx,0,8,28,E6,00,00,00,00,00,00,
10598100,108182FE,true,Tx,0,8,0C,F3,00,00,00,00,00,00,
10599807,1081827E,true,Rx,0,8,2B,E6,00,00,00,00,00,00,
10599318,108182FE,true,Tx,0,8,0D,F3,00,00,00,00,00,00,
10600569,108182FE,true,Tx,0,8,0E,F3,00,00,00,00,00,00,
10602095,1081827E,true,Rx,0,8,2C,E6,00,00,00,00,00,00,
10601696,108182FE,true,Tx,0,8,0F,F3,00,00,00,00,00,00,
10602828,108182FE,true,Tx,0,8,00,F4,00,00,00,00,00,00,
10604525,1081827E,true,Rx,0,8,2E,E6,00,00,00,00,00,00,
10604053,108182FE,true,Tx,0,8,01,F4,00,00,00,00,00,00,
10605244,108182FE,true,Tx,0,8,02,F4,00,00,00,00,00,00,
10606749,1081827E,true,Rx,0,8,2F,E6,00,00,00,00,00,00,
10606430,108182FE,true,Tx,0,8,03,F4,00,00,00,00,00,00,
10607598,108182FE,true,Tx,0,8,04,F4,00,00,00,00,00,00,
10609093,1081827E,true,Rx,0,8,21,E7,00,00,00,00,00,00,
10608751,108182FE,true,Tx,0,8,05,F4,00,00,00,00,00,00,
10609903,108182FE,true,Tx,0,8,06,F4,00,00,00,00,00,00,
10611389,1081827E,true,Rx,0,8,23,E7,00,00,00,00,00,00,
10611173,108182FE,true,Tx,0,8,07,F4,00,00,00,00,00,00,
10612685,108182FE,true,Tx,0,8,08,F4,00,00,00,00,00,00,
10613744,1081827E,true,Rx,0,8,25,E7,00,00,00,00,00,00,
10614093,108182FE,true,Tx,0,8,09,F4,00,00,00,00,00,00,
10615328,108182FE,true,Tx,0,8,0A,F4,00,00,00,00,00,00,
10616035,1081827E,true,Rx,0,8,27,E7,00,00,00,00,00,00,
10616560,108182FE,true,Tx,0,8,0B,F4,00,00,00,00,00,00,
10617704,108182FE,true,Tx,0,8,0C,F4,00,00,00,00,00,00,
10618381,1081827E,true,Rx,0,8,29,E7,00,00,00,00,00,00,
10618888,108182FE,true,Tx,0,8,0D,F4,00,00,00,00,00,00,
10620062,108182FE,true,Tx,0,8,0E,F4,00,00,00,00,00,00,
10620691,1081827E,true,Rx,0,8,2B,E7,00,00,00,00,00,00,
10621241,108182FE,true,Tx,0,8,0F,F4,00,00,00,00,00,00,
10623033,1081827E,true,Rx,0,8,2D,E7,00,00,00,00,00,00,
10622486,108182FE,true,Tx,0,8,00,F5,00,00,00,00,00,00,
10623716,108182FE,true,Tx,0,8,01,F5,00,00,00,00,00,00,
10625381,1081827E,true,Rx,0,8,2F,E7,00,00,00,00,00,00,
10624881,108182FE,true,Tx,0,8,02,F5,00,00,00,00,00,00,
10626149,108182FE,true,Tx,0,8,03,F5,00,00,00,00,00,00,
10627698,1081827E,true,Rx,0,8,21,E8,00,00,00,00,00,00,
10627558,108182FE,true,Tx,0,8,04,F5,00,00,00,00,00,00,
10629124,108182FE,true,Tx,0,8,05,F5,00,00,00,00,00,00,
10630033,1081827E,true,Rx,0,8,23,E8,00,00,00,00,00,00,
10630763,108182FE,true,Tx,0,8,06,F5,00,00,00,00,00,00,
10632383,1081827E,true,Rx,0,8,24,E8,00,00,00,00,00,00,
10632148,108182FE,true,Tx,0,8,07,F5,00,00,00,00,00,00,
10633434,108182FE,true,Tx,0,8,08,F5,00,00,00,00,00,00,
10634693,1081827E,true,Rx,0,8,26,E8,00,00,00,00,00,00,
10634754,108182FE,true,Tx,0,8,09,F5,00,00,00,00,00,00,
10636126,108182FE,true,Tx,0,8,0A,F5,00,00,00,00,00,00,
10637038,1081827E,true,Rx,0,8,28,E8,00,00,00,00,00,00,
10637605,108182FE,true,Tx,0,8,0B,F5,00,00,00,00,00,00,
10639385,1081827E,true,Rx,0,8,2A,E8,00,00,00,00,00,00,
10639050,108182FE,true,Tx,0,8,0C,F5,00,00,00,00,00,00,
10640442,108182FE,true,Tx,0,8,0D,F5,00,00,00,00,00,00,
10641687,1081827E,true,Rx,0,8,2C,E8,00,00,00,00,00,00,
10641868,108182FE,true,Tx,0,8,0E,F5,00,00,00,00,00,00,
10643237,108182FE,true,Tx,0,8,0F,F5,00,00,00,00,00,00,
10643985,1081827E,true,Rx,0,8,2E,E8,00,00,00,00,00,00,
10644635,108182FE,true,Tx,0,8,00,F6,00,00,00,00,00,00,
10646322,1081827E,true,Rx,0,8,20,E9,00,00,00,00,00,00,
10646221,108182FE,true,Tx,0,8,01,F6,00,00,00,00,00,00,
10647537,108182FE,true,Tx,0,8,02,F6,00,00,00,00,00,00,
10648632,1081827E,true,Rx,0,8,22,E9,00,00,00,00,00,00,
10648936,108182FE,true,Tx,0,8,03,F6,00,00,00,00,00,00,
10650264,108182FE,true,Tx,0,8,04,F6,00,00,00,00,00,00,
10650975,1081827E,true,Rx,0,8,24,E9,00,00,00,00,00,00,
10651581,108182FE,true,Tx,0,8,05,F6,00,00,00,00,00,00,
10653275,1081827E,true,Rx,0,8,25,E9,00,00,00,00,00,00,
10652709,108182FE,true,Tx,0,8,06,F6,00,00,00,00,00,00,
10653900,108182FE,true,Tx,0,8,07,F6,00,00,00,00,00,00,
10655636,1081827E,true,Rx,0,8,27,E9,00,00,00,00,00,00,
10655235,108182FE,true,Tx,0,8,08,F6,00,00,00,00,00,00,
10656523,108182FE,true,Tx,0,8,09,F6,00,00,00,00,00,00,
10657922,1081827E,true,Rx,0,8,29,E9,00,00,00,00,00,00,
10657807,108182FE,true,Tx,0,8,0A,F6,00,00,00,00,00,00,
10658996,108182FE,true,Tx,0,8,0B,F6,00,00,00,00,00,00,
10660272,1081827E,true,Rx,0,8,2B,E9,00,00,00,00,00,00,
10660204,108182FE,true,Tx,0,8,0C,F6,00,00,00,00,00,00,
10661328,108182FE,true,Tx,0,8,0D,F6,00,00,00,00,00,00,
10662568,1081827E,true,Rx,0,8,2D,E9,00,00,00,00,00,00,
10662814,108182FE,true,Tx,0,8,0E,F6,00,00,00,00,00,00,
10664205,108182FE,true,Tx,0,8,0F,F6,00,00,00,00,00,00,
10664915,1081827E,true,Rx,0,8,2F,E9,00,00,00,00,00,00,
10665465,108182FE,true,Tx,0,8,00,F7,00,00,00,00,00,00,
10667214,1081827E,true,Rx,0,8,22,EA,00,00,00,00,00,00,
10666689,108182FE,true,Tx,0,8,01,F7,00,00,00,00,00,00,
10667863,108182FE,true,Tx,0,8,02,F7,00,00,00,00,00,00,
10669527,1081827E,true,Rx,0,8,24,EA,00,00,00,00,00,00,
10669210,108182FE,true,Tx,0,8,03,F7,00,00,00,00,00,00,
10670461,108182FE,true,Tx,0,8,04,F7,00,00,00,00,00,00,
10671870,1081827E,true,Rx,0,8,26,EA,00,00,00,00,00,00,
10671651,108182FE,true,Tx,0,8,05,F7,00,00,00,00,00,00,
10672920,108182FE,true,Tx,0,8,06,F7,00,00,00,00,00,00,
10674216,1081827E,true,Rx,0,8,28,EA,00,00,00,00,00,00,
10674077,108182FE,true,Tx,0,8,07,F7,00,00,00,00,00,00,
10675261,108182FE,true,Tx,0,8,08,F7,00,00,00,00,00,00,
10676527,1081827E,true,Rx,0,8,29,EA,00,00,00,00,00,00,
10676393,108182FE,true,Tx,0,8,09,F7,00,00,00,00,00,00,
10677563,108182FE,true,Tx,0,8,0A,F7,00,00,00,00,00,00,
10678867,1081827E,true,Rx,0,8,2B,EA,00,00,00,00,00,00,
10679185,108182FE,true,Tx,0,8,0B,F7,00,00,00,00,00,00,
10680481,108182FE,true,Tx,0,8,0C,F7,00,00,00,00,00,00,
10681157,1081827E,true,Rx,0,8,2D,EA,00,00,00,00,00,00,
10681891,108182FE,true,Tx,0,8,0D,F7,00,00,00,00,00,00,
10683575,1081827E,true,Rx,0,8,2F,EA,00,00,00,00,00,00,
10683138,108182FE,true,Tx,0,8,0E,F7,00,00,00,00,00,00,
10684336,108182FE,true,Tx,0,8,0F,F7,00,00,00,00,00,00,
10685865,1081827E,true,Rx,0,8,21,EB,00,00,00,00,00,00,
10685620,108182FE,true,Tx,0,8,00,F8,00,00,00,00,00,00,
10686858,108182FE,true,Tx,0,8,01,F8,00,00,00,00,00,00,
10688150,1081827E,true,Rx,0,8,22,EB,00,00,00,00,00,00,
10688082,108182FE,true,Tx,0,8,02,F8,00,00,00,00,00,00,
10689247,108182FE,true,Tx,0,8,03,F8,00,00,00,00,00,00,
10690517,1081827E,true,Rx,0,8,24,EB,00,00,00,00,00,00,
10690649,108182FE,true,Tx,0,8,04,F8,00,00,00,00,00,00,
10691795,108182FE,true,Tx,0,8,05,F8,00,00,00,00,00,00,
10692759,1081827E,true,Rx,0,8,26,EB,00,00,00,00,00,00,
10693053,108182FE,true,Tx,0,8,06,F8,00,00,00,00,00,00,
10694471,108182FE,true,Tx,0,8,07,F8,00,00,00,00,00,00,
10695083,1081827E,true,Rx,0,8,2A,EB,00,00,00,00,00,00,
10696161,108182FE,true,Tx,0,8,08,F8,00,00,00,00,00,00,
10697526,1081827E,true,Rx,0,8,2B,EB,00,00,00,00,00,00,
10697426,108182FE,true,Tx,0,8,09,F8,00,00,00,00,00,00,
10698591,108182FE,true,Tx,0,8,0A,F8,00,00,00,00,00,00,
10699744,1081827E,true,Rx,0,8,2D,EB,00,00,00,00,00,00,
10699852,108182FE,true,Tx,0,8,0B,F8,00,00,00,00,00,00,
10701016,108182FE,true,Tx,0,8,0C,F8,00,00,00,00,00,00,
10702094,1081827E,true,Rx,0,8,2F,EB,00,00,00,00,00,00,
10702218,108182FE,true,Tx,0,8,0D,F8,00,00,00,00,00,00,
10703351,108182FE,true,Tx,0,8,0E,F8,00,00,00,00,00,00,
10704526,1081827E,true,Rx,0,8,21,EC,00,00,00,00,00,00,
10704593,108182FE,true,Tx,0,8,0F,F8,00,00,00,00,00,00,
10705773,108182FE,true,Tx,0,8,00,F9,00,00,00,00,00,00,
10706747,1081827E,true,Rx,0,8,23,EC,00,00,00,00,00,00,
10707168,108182FE,true,Tx,0,8,01,F9,00,00,00,00,00,00,
10708409,108182FE,true,Tx,0,8,02,F9,00,00,00,00,00,00,
10709097,1081827E,true,Rx,0,8,25,EC,00,00,00,00,00,00,
10709804,108182FE,true,Tx,0,8,03,F9,00,00,00,00,00,00,
10711527,1081827E,true,Rx,0,8,27,EC,00,00,00,00,00,00,
10711032,108182FE,true,Tx,0,8,04,F9,00,00,00,00,00,00,
10712480,108182FE,true,Tx,0,8,05,F9,00,00,00,00,00,00,
10713759,1081827E,true,Rx,0,8,2A,EC,00,00,00,00,00,00,
10715344,108182FE,true,Tx,0,8,06,F9,00,00,00,00,00,00,
10716085,1081827E,true,Rx,0,8,2B,EC,00,00,00,00,00,00,
10716902,108182FE,true,Tx,0,8,07,F9,00,00,00,00,00,00,
10718524,1081827E,true,Rx,0,8,2C,EC,00,00,00,00,00,00,
10718080,108182FE,true,Tx,0,8,08,F9,00,00,00,00,00,00,
10720697,1081827E,true,Rx,0,8,2E,EC,00,00,00,00,00,00,
10723037,1081827E,true,Rx,0,8,20,ED,00,00,00,00,00,00,
10725389,1081827E,true,Rx,0,8,22,ED,00,00,00,00,00,00,
10727698,1081827E,true,Rx,0,8,24,ED,00,00,00,00,00,00,
10729982,1081827E,true,Rx,0,8,26,ED,00,00,00,00,00,00,
10731401,108182FE,true,Tx,0,8,09,F9,00,00,00,00,00,00,
10732331,1081827E,true,Rx,0,8,28,ED,00,00,00,00,00,00,
10734638,1081827E,true,Rx,0,8,2A,ED,00,00,00,00,00,00,
10736983,1081827E,true,Rx,0,8,2C,ED,00,00,00,00,00,00,
10739270,1081827E,true,Rx,0,8,2E,ED,00,00,00,00,00,00,
10741631,1081827E,true,Rx,0,8,20,EE,00,00,00,00,00,00,
10743928,1081827E,true,Rx,0,8,22,EE,00,00,00,00,00,00,
10746218,1081827E,true,Rx,0,8,23,EE,00,00,00,00,00,00,
10747891,108182FE,true,Tx,0,8,0A,F9,00,00,00,00,00,00,
10748570,1081827E,true,Rx,0,8,24,EE,00,00,00,00,00,00,
10749867,108182FE,true,Tx,0,8,0B,F9,00,00,00,00,00,00,
10750913,1081827E,true,Rx,0,8,25,EE,00,00,00,00,00,00,
10751125,108182FE,true,Tx,0,8,0C,F9,00,00,00,00,00,00,
10752353,108182FE,true,Tx,0,8,0D,F9,00,00,00,00,00,00,
10753518,108182FE,true,Tx,0,8,0E,F9,00,00,00,00,00,00,
10754385,1081827E,true,Rx,0,8,27,EE,00,00,00,00,00,00,
10754386,1081827E,true,Rx,0,8,29,EE,00,00,00,00,00,00,
10754705,108182FE,true,Tx,0,8,0F,F9,00,00,00,00,00,00,
10755910,108182FE,true,Tx,0,8,00,FA,00,00,00,00,00,00,
10757161,108182FE,true,Tx,0,8,01,FA,00,00,00,00,00,00,
10757865,1081827E,true,Rx,0,8,2A,EE,00,00,00,00,00,00,
10758332,108182FE,true,Tx,0,8,02,FA,00,00,00,00,00,00,
10759497,108182FE,true,Tx,0,8,03,FA,00,00,00,00,00,00,
10760215,1081827E,true,Rx,0,8,2B,EE,00,00,00,00,00,00,
10760688,108182FE,true,Tx,0,8,04,FA,00,00,00,00,00,00,
10762542,1081827E,true,Rx,0,8,2C,EE,00,00,00,00,00,00,
10762257,108182FE,true,Tx,0,8,05,FA,00,00,00,00,00,00,
10764005,108182FE,true,Tx,0,8,06,FA,00,00,00,00,00,00,
10764884,1081827E,true,Rx,0,8,2D,EE,00,00,00,00,00,00,
10766105,108182FE,true,Tx,0,8,07,FA,00,00,00,00,00,00,
10767199,1081827E,true,Rx,0,8,2E,EE,00,00,00,00,00,00,
10767509,108182FE,true,Tx,0,8,08,FA,00,00,00,00,00,00,
10768826,108182FE,true,Tx,0,8,09,FA,00,00,00,00,00,00,
10769528,1081827E,true,Rx,0,8,2F,EE,00,00,00,00,00,00,
10770069,108182FE,true,Tx,0,8,0A,FA,00,00,00,00,00,00,
10771181,108182FE,true,Tx,0,8,0B,FA,00,00,00,00,00,00,
10771810,1081827E,true,Rx,0,8,20,EF,00,00,00,00,00,00,
10772377,108182FE,true,Tx,0,8,0C,FA,00,00,00,00,00,00,
10773540,108182FE,true,Tx,0,8,0D,FA,00,00,00,00,00,00,
10774156,1081827E,true,Rx,0,8,21,EF,00,00,00,00,00,00,
10774761,108182FE,true,Tx,0,8,0E,FA,00,00,00,00,00,00,
10776529,1081827E,true,Rx,0,8,22,EF,00,00,00,00,00,00,
10776958,108182FE,true,Tx,0,8,0F,FA,00,00,00,00,00,00,
10778753,1081827E,true,Rx,0,8,23,EF,00,00,00,00,00,00,
10779277,108182FE,true,Tx,0,8,00,FB,00,00,00,00,00,00,
10781093,1081827E,true,Rx,0,8,24,EF,00,00,00,00,00,00,
10781377,108182FE,true,Tx,0,8,01,FB,00,00,00,00,00,00,
10782500,108182FE,true,Tx,0,8,02,FB,00,00,00,00,00,00,
10783526,1081827E,true,Rx,0,8,25,EF,00,00,00,00,00,00,
10783660,108182FE,true,Tx,0,8,03,FB,00,00,00,00,00,00,
10784813,108182FE,true,Tx,0,8,04,FB,00,00,00,00,00,00,
10785757,1081827E,true,Rx,0,8,26,EF,00,00,00,00,00,00,
10785917,108182FE,true,Tx,0,8,05,FB,00,00,00,00,00,00,
10787052,108182FE,true,Tx,0,8,06,FB,00,00,00,00,00,00,
10788042,1081827E,true,Rx,0,8,27,EF,00,00,00,00,00,00,
10788237,108182FE,true,Tx,0,8,07,FB,00,00,00,00,00,00,
10789413,108182FE,true,Tx,0,8,08,FB,00,00,00,00,00,00,
10790381,1081827E,true,Rx,0,8,28,EF,00,00,00,00,00,00,
10790542,108182FE,true,Tx,0,8,09,FB,00,00,00,00,00,00,
10791677,108182FE,true,Tx,0,8,0A,FB,00,00,00,00,00,00,
10792693,1081827E,true,Rx,0,8,29,EF,00,00,00,00,00,00,
10792875,108182FE,true,Tx,0,8,0B,FB,00,00,00,00,00,00,
10793971,108182FE,true,Tx,0,8,0C,FB,00,00,00,00,00,00,
10794989,1081827E,true,Rx,0,8,2A,EF,00,00,00,00,00,00,
10795128,108182FE,true,Tx,0,8,0D,FB,00,00,00,00,00,00,
10796620,108182FE,true,Tx,0,8,0E,FB,00,00,00,00,00,00,
10797955,108182FE,true,Tx,0,8,0F,FB,00,00,00,00,00,00,
10799637,1081827E,true,Rx,0,8,2B,EF,00,00,00,00,00,00,
10799638,1001117E,true,Rx,0,8,00,01,00,00,00,00,00,00,
10799638,1081827E,true,Rx,0,8,2C,EF,00,00,00,00,00,00,
10799163,108182FE,true,Tx,0,8,00,FC,00,00,00,00,00,00,
10800312,108182FE,true,Tx,0,8,01,FC,00,00,00,00,00,00,
10801480,108182FE,true,Tx,0,8,02,FC,00,00,00,00,00,00,
10802588,108182FE,true,Tx,0,8,03,FC,00,00,00,00,00,00,
10803157,1081827E,true,Rx,0,8,2D,EF,00,00,00,00,00,00,
10803719,108182FE,true,Tx,0,8,04,FC,00,00,00,00,00,00,
10804894,108182FE,true,Tx,0,8,05,FC,00,00,00,00,00,00,
10805527,1081827E,true,Rx,0,8,2E,EF,00,00,00,00,00,00,
10806018,108182FE,true,Tx,0,8,06,FC,00,00,00,00,00,00,
10807173,108182FE,true,Tx,0,8,07,FC,00,00,00,00,00,00,
10807810,1081827E,true,Rx,0,8,2F,EF,00,00,00,00,00,00,
10808261,108182FE,true,Tx,0,8,08,FC,00,00,00,00,00,00,
10809401,108182FE,true,Tx,0,8,09,FC,00,00,00,00,00,00,
10810498,108182FE,true,Tx,0,8,0A,FC,00,00,00,00,00,00,
10811333,1081827E,true,Rx,0,8,20,F0,00,00,00,00,00,00,
10811333,1081827E,true,Rx,0,8,21,F0,00,00,00,00,00,00,
10811649,108182FE,true,Tx,0,8,0B,FC,00,00,00,00,00,00,
10813153,108182FE,true,Tx,0,8,0C,FC,00,00,00,00,00,00,
10814515,108182FE,true,Tx,0,8,0D,FC,00,00,00,00,00,00,
10815984,1081827E,true,Rx,0,8,22,F0,00,00,00,00,00,00,
10815985,1081827E,true,Rx,0,8,24,F0,00,00,00,00,00,00,
10815745,108182FE,true,Tx,0,8,0E,FC,00,00,00,00,00,00,
10816910,108182FE,true,Tx,0,8,0F,FC,00,00,00,00,00,00,
10818032,108182FE,true,Tx,0,8,00,FD,00,00,00,00,00,00,
10819530,1081827E,true,Rx,0,8,25,F0,00,00,00,00,00,00,
10819213,108182FE,true,Tx,0,8,01,FD,00,00,00,00,00,00,
10820305,108182FE,true,Tx,0,8,02,FD,00,00,00,00,00,00,
10821872,1081827E,true,Rx,0,8,27,F0,00,00,00,00,00,00,
10821455,108182FE,true,Tx,0,8,03,FD,00,00,00,00,00,00,
10822554,108182FE,true,Tx,0,8,04,FD,00,00,00,00,00,00,
10824220,1081827E,true,Rx,0,8,29,F0,00,00,00,00,00,00,
10823770,108182FE,true,Tx,0,8,05,FD,00,00,00,00,00,00,
10824857,108182FE,true,Tx,0,8,06,FD,00,00,00,00,00,00,
10826529,1081827E,true,Rx,0,8,2B,F0,00,00,00,00,00,00,
10826020,108182FE,true,Tx,0,8,07,FD,00,00,00,00,00,00,
10827102,108182FE,true,Tx,0,8,08,FD,00,00,00,00,00,00,
10828870,1081827E,true,Rx,0,8,2D,F0,00,00,00,00,00,00,
10828320,108182FE,true,Tx,0,8,09,FD,00,00,00,00,00,00,
10829740,108182FE,true,Tx,0,8,0A,FD,00,00,00,00,00,00,
10831255,1081827E,true,Rx,0,8,2F,F0,00,00,00,00,00,00,
10831264,108182FE,true,Tx,0,8,0B,FD,00,00,00,00,00,00,
10832460,108182FE,true,Tx,0,8,0C,FD,00,00,00,00,00,00,
10833567,1081827E,true,Rx,0,8,21,F1,00,00,00,00,00,00,
10833634,108182FE,true,Tx,0,8,0D,FD,00,00,00,00,00,00,
10834756,108182FE,true,Tx,0,8,0E,FD,00,00,00,00,00,00,
10835925,1081827E,true,Rx,0,8,23,F1,00,00,00,00,00,00,
10835917,108182FE,true,Tx,0,8,0F,FD,00,00,00,00,00,00,
10837049,108182FE,true,Tx,0,8,00,FE,00,00,00,00,00,00,
10838217,1081827E,true,Rx,0,8,25,F1,00,00,00,00,00,00,
10838212,108182FE,true,Tx,0,8,01,FE,00,00,00,00,00,00,
10839357,108182FE,true,Tx,0,8,02,FE,00,00,00,00,00,00,
10840532,108182FE,true,Tx,0,8,03,FE,00,00,00,00,00,00,
10841691,1081827E,true,Rx,0,8,27,F1,00,00,00,00,00,00,
10841669,108182FE,true,Tx,0,8,04,FE,00,00,00,00,00,00,
10844053,1081827E,true,Rx,0,8,29,F1,00,00,00,00,00,00,
10843947,108182FE,true,Tx,0,8,05,FE,00,00,00,00,00,00,
10846393,1081827E,true,Rx,0,8,2B,F1,00,00,00,00,00,00,
10846562,108182FE,true,Tx,0,8,06,FE,00,00,00,00,00,00,
10848741,1081827E,true,Rx,0,8,2D,F1,00,00,00,00,00,00,
10848789,108182FE,true,Tx,0,8,07,FE,00,00,00,00,00,00,
10849987,108182FE,true,Tx,0,8,08,FE,00,00,00,00,00,00,
10851038,1081827E,true,Rx,0,8,2F,F1,00,00,00,00,00,00,
10851251,108182FE,true,Tx,0,8,09,FE,00,00,00,00,00,00,
10852449,108182FE,true,Tx,0,8,0A,FE,00,00,00,00,00,00,
10853384,1081827E,true,Rx,0,8,21,F2,00,00,00,00,00,00,
10853666,108182FE,true,Tx,0,8,0B,FE,00,00,00,00,00,00,
10854858,108182FE,true,Tx,0,8,0C,FE,00,00,00,00,00,00,
10855695,1081827E,true,Rx,0,8,23,F2,00,00,00,00,00,00,
10856120,108182FE,true,Tx,0,8,0D,FE,00,00,00,00,00,00,
10857345,108182FE,true,Tx,0,8,0E,FE,00,00,00,00,00,00,
10858053,1081827E,true,Rx,0,8,26,F2,00,00,00,00,00,00,
10858559,108182FE,true,Tx,0,8,0F,FE,00,00,00,00,00,00,
10859711,108182FE,true,Tx,0,8,00,FF,00,00,00,00,00,00,
10860389,1081827E,true,Rx,0,8,27,F2,00,00,00,00,00,00,
10860883,108182FE,true,Tx,0,8,01,FF,00,00,00,00,00,00,
10862751,1081827E,true,Rx,0,8,29,F2,00,00,00,00,00,00,
10862224,108182FE,true,Tx,0,8,02,FF,00,00,00,00,00,00,
10863382,108182FE,true,Tx,0,8,03,FF,00,00,00,00,00,00,
10865038,1081827E,true,Rx,0,8,2B,F2,00,00,00,00,00,00,
10864603,108182FE,true,Tx,0,8,04,FF,00,00,00,00,00,00,
10865736,108182FE,true,Tx,0,8,05,FF,00,00,00,00,00,00,
10867389,1081827E,true,Rx,0,8,2D,F2,00,00,00,00,00,00,
10866882,108182FE,true,Tx,0,8,06,FF,00,00,00,00,00,00,
10868002,108182FE,true,Tx,0,8,07,FF,00,00,00,00,00,00,
10869700,1081827E,true,Rx,0,8,2F,F2,00,00,00,00,00,00,
10869175,108182FE,true,Tx,0,8,08,FF,00,00,00,00,00,00,
10870276,108182FE,true,Tx,0,8,09,FF,00,00,00,00,00,00,
10872042,1081827E,true,Rx,0,8,21,F3,00,00,00,00,00,00,
10871539,108182FE,true,Tx,0,8,0A,FF,00,00,00,00,00,00,
10872675,108182FE,true,Tx,0,8,0B,FF,00,00,00,00,00,00,
10874333,1081827E,true,Rx,0,8,22,F3,00,00,00,00,00,00,
10873843,108182FE,true,Tx,0,8,0C,FF,00,00,00,00,00,00,
10875764,108182FE,true,Tx,0,8,0D,FF,00,00,00,00,00,00,
10876645,1081827E,true,Rx,0,8,24,F3,00,00,00,00,00,00,
10877991,108182FE,true,Tx,0,8,0E,FF,00,00,00,00,00,00,
10878985,1081827E,true,Rx,0,8,27,F3,00,00,00,00,00,00,
10880696,108182FE,true,Tx,0,8,0F,FF,00,00,00,00,00,00,
10881276,1081827E,true,Rx,0,8,28,F3,00,00,00,00,00,00,
10882033,108182FE,true,Tx,0,8,00,00,00,00,00,00,00,00,
10883637,1081827E,true,Rx,0,8,2A,F3,00,00,00,00,00,00,
10883284,108182FE,true,Tx,0,8,01,00,00,00,00,00,00,00,
10884463,108182FE,true,Tx,0,8,02,00,00,00,00,00,00,00,
10885984,1081827E,true,Rx,0,8,2C,F3,00,00,00,00,00,00,
10885667,108182FE,true,Tx,0,8,03,00,00,00,00,00,00,00,
10886819,108182FE,true,Tx,0,8,04,00,00,00,00,00,00,00,
10888331,1081827E,true,Rx,0,8,2D,F3,00,00,00,00,00,00,
10888044,108182FE,true,Tx,0,8,05,00,00,00,00,00,00,00,
10889189,108182FE,true,Tx,0,8,06,00,00,00,00,00,00,00,
10890647,1081827E,true,Rx,0,8,2F,F3,00,00,00,00,00,00,
10890389,108182FE,true,Tx,0,8,07,00,00,00,00,00,00,00,
10891555,108182FE,true,Tx,0,8,08,00,00,00,00,00,00,00,
10892991,1081827E,true,Rx,0,8,21,F4,00,00,00,00,00,00,
10892735,108182FE,true,Tx,0,8,09,00,00,00,00,00,00,00,
10893917,108182FE,true,Tx,0,8,0A,00,00,00,00,00,00,00,
10895332,1081827E,true,Rx,0,8,23,F4,00,00,00,00,00,00,
10895153,108182FE,true,Tx,0,8,0B,00,00,00,00,00,00,00,
10896671,108182FE,true,Tx,0,8,0C,00,00,00,00,00,00,00,
10897695,1081827E,true,Rx,0,8,25,F4,00,00,00,00,00,00,
10897961,108182FE,true,Tx,0,8,0D,00,00,00,00,00,00,00,
10899075,108182FE,true,Tx,0,8,0E,00,00,00,00,00,00,00,
10899989,1081827E,true,Rx,0,8,27,F4,00,00,00,00,00,00,
10900247,108182FE,true,Tx,0,8,0F,00,00,00,00,00,00,00,
10901334,108182FE,true,Tx,0,8,00,01,00,00,00,00,00,00,
10902389,1081827E,true,Rx,0,8,29,F4,00,00,00,00,00,00,
10902510,108182FE,true,Tx,0,8,01,01,00,00,00,00,00,00,
10903599,108182FE,true,Tx,0,8,02,01,00,00,00,00,00,00,
10904701,1081827E,true,Rx,0,8,2B,F4,00,00,00,00,00,00,
10904764,108182FE,true,Tx,0,8,03,01,00,00,00,00,00,00,
10905906,108182FE,true,Tx,0,8,04,01,00,00,00,00,00,00,
10907041,1081827E,true,Rx,0,8,2D,F4,00,00,00,00,00,00,
10907062,108182FE,true,Tx,0,8,05,01,00,00,00,00,00,00,
10908200,108182FE,true,Tx,0,8,06,01,00,00,00,00,00,00,
10909338,1081827E,true,Rx,0,8,2E,F4,00,00,00,00,00,00,
10909332,108182FE,true,Tx,0,8,07,01,00,00,00,00,00,00,
10910470,108182FE,true,Tx,0,8,08,01,00,00,00,00,00,00,
10911700,1081827E,true,Rx,0,8,20,F5,00,00,00,00,00,00,
10911588,108182FE,true,Tx,0,8,09,01,00,00,00,00,00,00,
10913042,108182FE,true,Tx,0,8,0A,01,00,00,00,00,00,00,
10914047,1081827E,true,Rx,0,8,22,F5,00,00,00,00,00,00,
10914379,108182FE,true,Tx,0,8,0B,01,00,00,00,00,00,00,
10915625,108182FE,true,Tx,0,8,0C,01,00,00,00,00,00,00,
10916328,1081827E,true,Rx,0,8,24,F5,00,00,00,00,00,00,
10916830,108182FE,true,Tx,0,8,0D,01,00,00,00,00,00,00,
10917990,108182FE,true,Tx,0,8,0E,01,00,00,00,00,00,00,
10918639,1081827E,true,Rx,0,8,26,F5,00,00,00,00,00,00,
10919146,108182FE,true,Tx,0,8,0F,01,00,00,00,00,00,00,
10920265,108182FE,true,Tx,0,8,00,02,00,00,00,00,00,00,
10920988,1081827E,true,Rx,0,8,27,F5,00,00,00,00,00,00,
10921461,108182FE,true,Tx,0,8,01,02,00,00,00,00,00,00,
10922590,108182FE,true,Tx,0,8,02,02,00,00,00,00,00,00,
10923271,1081827E,true,Rx,0,8,29,F5,00,00,00,00,00,00,
10923841,108182FE,true,Tx,0,8,03,02,00,00,00,00,00,00,
10925043,108182FE,true,Tx,0,8,04,02,00,00,00,00,00,00,
10925638,1081827E,true,Rx,0,8,2B,F5,00,00,00,00,00,00,
10926157,108182FE,true,Tx,0,8,05,02,00,00,00,00,00,00,
10927327,108182FE,true,Tx,0,8,06,02,00,00,00,00,00,00,
10927930,1081827E,true,Rx,0,8,2C,F5,00,00,00,00,00,00,
10928755,108182FE,true,Tx,0,8,07,02,00,00,00,00,00,00,
10930278,1081827E,true,Rx,0,8,2E,F5,00,00,00,00,00,00,
10930325,108182FE,true,Tx,0,8,08,02,00,00,00,00,00,00,
10931598,108182FE,true,Tx,0,8,09,02,00,00,00,00,00,00,
10932634,1081827E,true,Rx,0,8,20,F6,00,00,00,00,00,00,
10932918,108182FE,true,Tx,0,8,0A,02,00,00,00,00,00,00,
10934070,108182FE,true,Tx,0,8,0B,02,00,00,00,00,00,00,
10934921,1081827E,true,Rx,0,8,21,F6,00,00,00,00,00,00,
10935263,108182FE,true,Tx,0,8,0C,02,00,00,00,00,00,00,
10936382,108182FE,true,Tx,0,8,0D,02,00,00,00,00,00,00,
10937266,1081827E,true,Rx,0,8,23,F6,00,00,00,00,00,00,
10937610,108182FE,true,Tx,0,8,0E,02,00,00,00,00,00,00,
10938713,108182FE,true,Tx,0,8,0F,02,00,00,00,00,00,00,
10939572,1081827E,true,Rx,0,8,25,F6,00,00,00,00,00,00,
10939899,108182FE,true,Tx,0,8,00,03,00,00,00,00,00,00,
10941066,108182FE,true,Tx,0,8,01,03,00,00,00,00,00,00,
10943036,1081827E,true,Rx,0,8,26,F6,00,00,00,00,00,00,
10943037,1081827E,true,Rx,0,8,28,F6,00,00,00,00,00,00,
10942541,108182FE,true,Tx,0,8,02,03,00,00,00,00,00,00,
10943730,108182FE,true,Tx,0,8,03,03,00,00,00,00,00,00,
10945392,1081827E,true,Rx,0,8,2A,F6,00,00,00,00,00,00,
10944875,108182FE,true,Tx,0,8,04,03,00,00,00,00,00,00,
10946319,108182FE,true,Tx,0,8,05,03,00,00,00,00,00,00,
10947696,1081827E,true,Rx,0,8,2C,F6,00,00,00,00,00,00,
10947713,108182FE,true,Tx,0,8,06,03,00,00,00,00,00,00,
10948909,108182FE,true,Tx,0,8,07,03,00,00,00,00,00,00,
10950039,1081827E,true,Rx,0,8,2E,F6,00,00,00,00,00,00,
10950052,108182FE,true,Tx,0,8,08,03,00,00,00,00,00,00,
10951255,108182FE,true,Tx,0,8,09,03,00,00,00,00,00,00,
10952337,1081827E,true,Rx,0,8,20,F7,00,00,00,00,00,00,
10952370,108182FE,true,Tx,0,8,0A,03,00,00,00,00,00,00,
10953502,108182FE,true,Tx,0,8,0B,03,00,00,00,00,00,00,
10954705,1081827E,true,Rx,0,8,21,F7,00,00,00,00,00,00,
10954658,108182FE,true,Tx,0,8,0C,03,00,00,00,00,00,00,
10955810,108182FE,true,Tx,0,8,0D,03,00,00,00,00,00,00,
10957041,1081827E,true,Rx,0,8,23,F7,00,00,00,00,00,00,
10956935,108182FE,true,Tx,0,8,0E,03,00,00,00,00,00,00,
10958075,108182FE,true,Tx,0,8,0F,03,00,00,00,00,00,00,
10959324,1081827E,true,Rx,0,8,25,F7,00,00,00,00,00,00,
10959199,108182FE,true,Tx,0,8,00,04,00,00,00,00,00,00,
10960505,108182FE,true,Tx,0,8,01,04,00,00,00,00,00,00,
10961696,1081827E,true,Rx,0,8,27,F7,00,00,00,00,00,00,
10961927,108182FE,true,Tx,0,8,02,04,00,00,00,00,00,00,
10963984,1081827E,true,Rx,0,8,29,F7,00,00,00,00,00,00,
10963946,108182FE,true,Tx,0,8,03,04,00,00,00,00,00,00,
10965253,108182FE,true,Tx,0,8,04,04,00,00,00,00,00,00,
10966319,1081827E,true,Rx,0,8,2B,F7,00,00,00,00,00,00,
10966529,108182FE,true,Tx,0,8,05,04,00,00,00,00,00,00,
10967714,108182FE,true,Tx,0,8,06,04,00,00,00,00,00,00,
10968647,1081827E,true,Rx,0,8,2D,F7,00,00,00,00,00,00,
10968867,108182FE,true,Tx,0,8,07,04,00,00,00,00,00,00,
10970985,1081827E,true,Rx,0,8,2E,F7,00,00,00,00,00,00,
10973317,1081827E,true,Rx,0,8,20,F8,00,00,00,00,00,00,
10975701,1081827E,true,Rx,0,8,22,F8,00,00,00,00,00,00,
10978055,1081827E,true,Rx,0,8,24,F8,00,00,00,00,00,00,
10980373,1081827E,true,Rx,0,8,26,F8,00,00,00,00,00,00,
10981104,108182FE,true,Tx,0,8,08,04,00,00,00,00,00,00,
10982696,1081827E,true,Rx,0,8,27,F8,00,00,00,00,00,00,
10985038,1081827E,true,Rx,0,8,29,F8,00,00,00,00,00,00,
10987372,1081827E,true,Rx,0,8,2B,F8,00,00,00,00,00,00,
10989744,1081827E,true,Rx,0,8,2D,F8,00,00,00,00,00,00,
10992099,1081827E,true,Rx,0,8,2F,F8,00,00,00,00,00,00,
10994376,1081827E,true,Rx,0,8,21,F9,00,00,00,00,00,00,
10996703,1081827E,true,Rx,0,8,23,F9,00,00,00,00,00,00,
10999031,1081827E,true,Rx,0,8,24,F9,00,00,00,00,00,00,
10999878,108182FE,true,Tx,0,8,09,04,00,00,00,00,00,00,
11001373,1081827E,true,Rx,0,8,26,F9,00,00,00,00,00,00,
11001565,108182FE,true,Tx,0,8,0A,04,00,00,00,00,00,00,
11002876,108182FE,true,Tx,0,8,0B,04,00,00,00,00,00,00,
11003699,1081827E,true,Rx,0,8,27,F9,00,00,00,00,00,00,
11004161,108182FE,true,Tx,0,8,0C,04,00,00,00,00,00,00,
11005440,108182FE,true,Tx,0,8,0D,04,00,00,00,00,00,00,
11006056,1081827E,true,Rx,0,8,28,F9,00,00,00,00,00,00,
11006776,108182FE,true,Tx,0,8,0E,04,00,00,00,00,00,00,
11008376,1081827E,true,Rx,0,8,29,F9,00,00,00,00,00,00,
11008255,108182FE,true,Tx,0,8,0F,04,00,00,00,00,00,00,
11009512,108182FE,true,Tx,0,8,00,05,00,00,00,00,00,00,
11010705,1081827E,true,Rx,0,8,2A,F9,00,00,00,00,00,00,
11010658,108182FE,true,Tx,0,8,01,05,00,00,00,00,00,00,
11012037,108182FE,true,Tx,0,8,02,05,00,00,00,00,00,00,
11013047,1081827E,true,Rx,0,8,2B,F9,00,00,00,00,00,00,
11013862,108182FE,true,Tx,0,8,03,05,00,00,00,00,00,00,
11015376,1081827E,true,Rx,0,8,2C,F9,00,00,00,00,00,00,
11016053,108182FE,true,Tx,0,8,04,05,00,00,00,00,00,00,
11017688,1081827E,true,Rx,0,8,2D,F9,00,00,00,00,00,00,
11017305,108182FE,true,Tx,0,8,05,05,00,00,00,00,00,00,
11018501,108182FE,true,Tx,0,8,06,05,00,00,00,00,00,00,
11020048,1081827E,true,Rx,0,8,2E,F9,00,00,00,00,00,00,
11019662,108182FE,true,Tx,0,8,07,05,00,00,00,00,00,00,
11020837,108182FE,true,Tx,0,8,08,05,00,00,00,00,00,00,
11022374,1081827E,true,Rx,0,8,2F,F9,00,00,00,00,00,00,
11021990,108182FE,true,Tx,0,8,09,05,00,00,00,00,00,00,
11023190,108182FE,true,Tx,0,8,0A,05,00,00,00,00,00,00,
11024698,1081827E,true,Rx,0,8,20,FA,00,00,00,00,00,00,
11024407,108182FE,true,Tx,0,8,0B,05,00,00,00,00,00,00,
11025567,108182FE,true,Tx,0,8,0C,05,00,00,00,00,00,00,
11027050,1081827E,true,Rx,0,8,21,FA,00,00,00,00,00,00,
11026702,108182FE,true,Tx,0,8,0D,05,00,00,00,00,00,00,
11027840,108182FE,true,Tx,0,8,0E,05,00,00,00,00,00,00,
11029392,1081827E,true,Rx,0,8,22,FA,00,00,00,00,00,00,
11029169,108182FE,true,Tx,0,8,0F,05,00,00,00,00,00,00,
11030394,108182FE,true,Tx,0,8,00,06,00,00,00,00,00,00,
11031696,1081827E,true,Rx,0,8,23,FA,00,00,00,00,00,00,
11031616,108182FE,true,Tx,0,8,01,06,00,00,00,00,00,00,
11032846,108182FE,true,Tx,0,8,02,06,00,00,00,00,00,00,
11034045,1081827E,true,Rx,0,8,24,FA,00,00,00,00,00,00,
11034028,108182FE,true,Tx,0,8,03,06,00,00,00,00,00,00,
11035171,108182FE,true,Tx,0,8,04,06,00,00,00,00,00,00,
11036375,1081827E,true,Rx,0,8,25,FA,00,00,00,00,00,00,
11036374,108182FE,true,Tx,0,8,05,06,00,00,00,00,00,00,
11037530,108182FE,true,Tx,0,8,06,06,00,00,00,00,00,00,
11038701,1081827E,true,Rx,0,8,26,FA,00,00,00,00,00,00,
11038796,108182FE,true,Tx,0,8,07,06,00,00,00,00,00,00,
11040016,108182FE,true,Tx,0,8,08,06,00,00,00,00,00,00,
11041037,1081827E,true,Rx,0,8,27,FA,00,00,00,00,00,00,
11041234,108182FE,true,Tx,0,8,09,06,00,00,00,00,00,00,
11042542,108182FE,true,Tx,0,8,0A,06,00,00,00,00,00,00,
11043374,1081827E,true,Rx,0,8,28,FA,00,00,00,00,00,00,
11043765,108182FE,true,Tx,0,8,0B,06,00,00,00,00,00,00,
11045188,108182FE,true,Tx,0,8,0C,06,00,00,00,00,00,00,
11046901,1081827E,true,Rx,0,8,29,FA,00,00,00,00,00,00,
11046902,1081827E,true,Rx,0,8,2A,FA,00,00,00,00,00,00,
11046945,108182FE,true,Tx,0,8,0D,06,00,00,00,00,00,00,
11048177,108182FE,true,Tx,0,8,0E,06,00,00,00,00,00,00,
11049370,108182FE,true,Tx,0,8,0F,06,00,00,00,00,00,00,
11050377,1081827E,true,Rx,0,8,2B,FA,00,00,00,00,00,00,
11050592,108182FE,true,Tx,0,8,00,07,00,00,00,00,00,00,
11051828,108182FE,true,Tx,0,8,01,07,00,00,00,00,00,00,
11052703,1081827E,true,Rx,0,8,2C,FA,00,00,00,00,00,00,
11053061,108182FE,true,Tx,0,8,02,07,00,00,00,00,00,00,
11054250,108182FE,true,Tx,0,8,03,07,00,00,00,00,00,00,
11055041,1081827E,true,Rx,0,8,2D,FA,00,00,00,00,00,00,
11055460,108182FE,true,Tx,0,8,04,07,00,00,00,00,00,00,
11057375,1081827E,true,Rx,0,8,2E,FA,00,00,00,00,00,00,
11056868,108182FE,true,Tx,0,8,05,07,00,00,00,00,00,00,
11058450,108182FE,true,Tx,0,8,06,07,00,00,00,00,00,00,
11059704,1081827E,true,Rx,0,8,2F,FA,00,00,00,00,00,00,
11059772,108182FE,true,Tx,0,8,07,07,00,00,00,00,00,00,
11060960,108182FE,true,Tx,0,8,08,07,00,00,00,00,00,00,
11063214,1081827E,true,Rx,0,8,20,FB,00,00,00,00,00,00,
11063215,1081827E,true,Rx,0,8,21,FB,00,00,00,00,00,00,
11062646,108182FE,true,Tx,0,8,09,07,00,00,00,00,00,00,
11063979,108182FE,true,Tx,0,8,0A,07,00,00,00,00,00,00,
11065165,108182FE,true,Tx,0,8,0B,07,00,00,00,00,00,00,
11066692,1081827E,true,Rx,0,8,22,FB,00,00,00,00,00,00,
11066411,108182FE,true,Tx,0,8,0C,07,00,00,00,00,00,00,
11067548,108182FE,true,Tx,0,8,0D,07,00,00,00,00,00,00,
11069045,1081827E,true,Rx,0,8,23,FB,00,00,00,00,00,00,
11068685,108182FE,true,Tx,0,8,0E,07,00,00,00,00,00,00,
11069808,108182FE,true,Tx,0,8,0F,07,00,00,00,00,00,00,
11071387,1081827E,true,Rx,0,8,24,FB,00,00,00,00,00,00,
11070942,108182FE,true,Tx,0,8,00,08,00,00,00,00,00,00,
11072159,108182FE,true,Tx,0,8,01,08,00,00,00,00,00,00,
11073293,108182FE,true,Tx,0,8,02,08,00,00,00,00,00,00,
11074871,1081827E,true,Rx,0,8,25,FB,00,00,00,00,00,00,
11074873,1081827E,true,Rx,0,8,27,FB,00,00,00,00,00,00,
11074426,108182FE,true,Tx,0,8,03,08,00,00,00,00,00,00,
11075587,108182FE,true,Tx,0,8,04,08,00,00,00,00,00,00,
11076794,108182FE,true,Tx,0,8,05,08,00,00,00,00,00,00,
11078381,1081827E,true,Rx,0,8,29,FB,00,00,00,00,00,00,
11078018,108182FE,true,Tx,0,8,06,08,00,00,00,00,00,00,
11079484,108182FE,true,Tx,0,8,07,08,00,00,00,00,00,00,
11080891,108182FE,true,Tx,0,8,08,08,00,00,00,00,00,00,
11081871,1081827E,true,Rx,0,8,2B,FB,00,00,00,00,00,00,
11081872,1081827E,true,Rx,0,8,2D,FB,00,00,00,00,00,00,
11082162,108182FE,true,Tx,0,8,09,08,00,00,00,00,00,00,
11083352,108182FE,true,Tx,0,8,0A,08,00,00,00,00,00,00,
11084530,108182FE,true,Tx,0,8,0B,08,00,00,00,00,00,00,
11085673,108182FE,true,Tx,0,8,0C,08,00,00,00,00,00,00,
11086572,1081827E,true,Rx,0,8,20,FC,00,00,00,00,00,00,
11086837,108182FE,true,Tx,0,8,0D,08,00,00,00,00,00,00,
11088002,108182FE,true,Tx,0,8,0E,08,00,00,00,00,00,00,
11088931,1081827E,true,Rx,0,8,21,FC,00,00,00,00,00,00,
11089237,108182FE,true,Tx,0,8,0F,08,00,00,00,00,00,00,
11090458,108182FE,true,Tx,0,8,00,09,00,00,00,00,00,00,
11091267,1081827E,true,Rx,0,8,23,FC,00,00,00,00,00,00,
11091713,108182FE,true,Tx,0,8,01,09,00,00,00,00,00,00,
11092895,108182FE,true,Tx,0,8,02,09,00,00,00,00,00,00,
11093631,1081827E,true,Rx,0,8,25,FC,00,00,00,00,00,00,
11094072,108182FE,true,Tx,0,8,03,09,00,00,00,00,00,00,
11095926,1081827E,true,Rx,0,8,27,FC,00,00,00,00,00,00,
11095406,108182FE,true,Tx,0,8,04,09,00,00,00,00,00,00,
11096874,108182FE,true,Tx,0,8,05,09,00,00,00,00,00,00,
11098330,1081827E,true,Rx,0,8,2B,FC,00,00,00,00,00,00,
11098159,108182FE,true,Tx,0,8,06,09,00,00,00,00,00,00,
11099336,108182FE,true,Tx,0,8,07,09,00,00,00,00,00,00,
11100648,1081827E,true,Rx,0,8,2C,FC,00,00,00,00,00,00,
11100535,108182FE,true,Tx,0,8,08,09,00,00,00,00,00,00,
11101678,108182FE,true,Tx,0,8,09,09,00,00,00,00,00,00,
11102991,1081827E,true,Rx,0,8,2E,FC,00,00,00,00,00,00,
11102839,108182FE,true,Tx,0,8,0A,09,00,00,00,00,00,00,
11103987,108182FE,true,Tx,0,8,0B,09,00,00,00,00,00,00,
11105329,1081827E,true,Rx,0,8,2F,FC,00,00,00,00,00,00,
11105187,108182FE,true,Tx,0,8,0C,09,00,00,00,00,00,00,
11106328,108182FE,true,Tx,0,8,0D,09,00,00,00,00,00,00,
11107649,1081827E,true,Rx,0,8,21,FD,00,00,00,00,00,00,
11107497,108182FE,true,Tx,0,8,0E,09,00,00,00,00,00,00,
11108695,108182FE,true,Tx,0,8,0F,09,00,00,00,00,00,00,
11109929,1081827E,true,Rx,0,8,23,FD,00,00,00,00,00,00,
11109937,108182FE,true,Tx,0,8,00,0A,00,00,00,00,00,00,
11111137,108182FE,true,Tx,0,8,01,0A,00,00,00,00,00,00,
11112289,1081827E,true,Rx,0,8,25,FD,00,00,00,00,00,00,
11112439,108182FE,true,Tx,0,8,02,0A,00,00,00,00,00,00,
11113639,108182FE,true,Tx,0,8,03,0A,00,00,00,00,00,00,
11114642,1081827E,true,Rx,0,8,27,FD,00,00,00,00,00,00,
11114836,108182FE,true,Tx,0,8,04,0A,00,00,00,00,00,00,
11116027,108182FE,true,Tx,0,8,05,0A,00,00,00,00,00,00,
11116993,1081827E,true,Rx,0,8,29,FD,00,00,00,00,00,00,
11117233,108182FE,true,Tx,0,8,06,0A,00,00,00,00,00,00,
11118403,108182FE,true,Tx,0,8,07,0A,00,00,00,00,00,00,
11119341,1081827E,true,Rx,0,8,2B,FD,00,00,00,00,00,00,
11119656,108182FE,true,Tx,0,8,08,0A,00,00,00,00,00,00,
11120906,108182FE,true,Tx,0,8,09,0A,00,00,00,00,00,00,
11121696,1081827E,true,Rx,0,8,2D,FD,00,00,00,00,00,00,
11122467,108182FE,true,Tx,0,8,0A,0A,00,00,00,00,00,00,
11123992,1081827E,true,Rx,0,8,2F,FD,00,00,00,00,00,00,
11123674,108182FE,true,Tx,0,8,0B,0A,00,00,00,00,00,00,
11124890,108182FE,true,Tx,0,8,0C,0A,00,00,00,00,00,00,
11126337,1081827E,true,Rx,0,8,21,FE,00,00,00,00,00,00,
11126224,108182FE,true,Tx,0,8,0D,0A,00,00,00,00,00,00,
11127684,108182FE,true,Tx,0,8,0E,0A,00,00,00,00,00,00,
11129230,108182FE,true,Tx,0,8,0F,0A,00,00,00,00,00,00,
11129876,1081827E,true,Rx,0,8,22,FE,00,00,00,00,00,00,
11129876,1081827E,true,Rx,0,8,24,FE,00,00,00,00,00,00,
11130885,108182FE,true,Tx,0,8,00,0B,00,00,00,00,00,00,
11132213,1081827E,true,Rx,0,8,25,FE,00,00,00,00,00,00,
11132408,108182FE,true,Tx,0,8,01,0B,00,00,00,00,00,00,
11133720,108182FE,true,Tx,0,8,02,0B,00,00,00,00,00,00,
11134586,1081827E,true,Rx,0,8,26,FE,00,00,00,00,00,00,
11135109,108182FE,true,Tx,0,8,03,0B,00,00,00,00,00,00,
11136925,1081827E,true,Rx,0,8,27,FE,00,00,00,00,00,00,
11136466,108182FE,true,Tx,0,8,04,0B,00,00,00,00,00,00,
11137803,108182FE,true,Tx,0,8,05,0B,00,00,00,00,00,00,
11139221,1081827E,true,Rx,0,8,29,FE,00,00,00,00,00,00,
11139183,108182FE,true,Tx,0,8,06,0B,00,00,00,00,00,00,
11140480,108182FE,true,Tx,0,8,07,0B,00,00,00,00,00,00,
11141607,1081827E,true,Rx,0,8,2B,FE,00,00,00,00,00,00,
11141785,108182FE,true,Tx,0,8,08,0B,00,00,00,00,00,00,
11143154,108182FE,true,Tx,0,8,09,0B,00,00,00,00,00,00,
11143930,1081827E,true,Rx,0,8,2D,FE,00,00,00,00,00,00,
11144505,108182FE,true,Tx,0,8,0A,0B,00,00,00,00,00,00,
11146235,1081827E,true,Rx,0,8,2F,FE,00,00,00,00,00,00,
11146364,108182FE,true,Tx,0,8,0B,0B,00,00,00,00,00,00,
11147782,108182FE,true,Tx,0,8,0C,0B,00,00,00,00,00,00,
11148575,1081827E,true,Rx,0,8,20,FF,00,00,00,00,00,00,
11149192,108182FE,true,Tx,0,8,0D,0B,00,00,00,00,00,00,
11150927,1081827E,true,Rx,0,8,22,FF,00,00,00,00,00,00,
11150583,108182FE,true,Tx,0,8,0E,0B,00,00,00,00,00,00,
11151872,108182FE,true,Tx,0,8,0F,0B,00,00,00,00,00,00,
11153275,1081827E,true,Rx,0,8,24,FF,00,00,00,00,00,00,
11153176,108182FE,true,Tx,0,8,00,0C,00,00,00,00,00,00,
11154438,108182FE,true,Tx,0,8,01,0C,00,00,00,00,00,00,
11155575,1081827E,true,Rx,0,8,26,FF,00,00,00,00,00,00,
11155768,108182FE,true,Tx,0,8,02,0C,00,00,00,00,00,00,
11157059,108182FE,true,Tx,0,8,03,0C,00,00,00,00,00,00,
11157932,1081827E,true,Rx,0,8,28,FF,00,00,00,00,00,00,
11158458,108182FE,true,Tx,0,8,04,0C,00,00,00,00,00,00,
11159656,108182FE,true,Tx,0,8,05,0C,00,00,00,00,00,00,
11160226,1081827E,true,Rx,0,8,2A,FF,00,00,00,00,00,00,
11160912,108182FE,true,Tx,0,8,06,0C,00,00,00,00,00,00,
11162576,1081827E,true,Rx,0,8,2C,FF,00,00,00,00,00,00,
11162149,108182FE,true,Tx,0,8,07,0C,00,00,00,00,00,00,
11163666,108182FE,true,Tx,0,8,08,0C,00,00,00,00,00,00,
11164923,1081827E,true,Rx,0,8,2E,FF,00,00,00,00,00,00,
11165061,108182FE,true,Tx,0,8,09,0C,00,00,00,00,00,00,
11166208,108182FE,true,Tx,0,8,0A,0C,00,00,00,00,00,00,
11167280,1081827E,true,Rx,0,8,2F,FF,00,00,00,00,00,00,
11167479,108182FE,true,Tx,0,8,0B,0C,00,00,00,00,00,00,
11168641,108182FE,true,Tx,0,8,0C,0C,00,00,00,00,00,00,
11169577,1081827E,true,Rx,0,8,20,00,00,00,00,00,00,00,
11169843,108182FE,true,Tx,0,8,0D,0C,00,00,00,00,00,00,
11170959,108182FE,true,Tx,0,8,0E,0C,00,00,00,00,00,00,
11171987,1081827E,true,Rx,0,8,21,00,00,00,00,00,00,00,
11172187,108182FE,true,Tx,0,8,0F,0C,00,00,00,00,00,00,
11173362,108182FE,true,Tx,0,8,00,0D,00,00,00,00,00,00,
11174336,1081827E,true,Rx,0,8,23,00,00,00,00,00,00,00,
11174631,108182FE,true,Tx,0,8,01,0D,00,00,00,00,00,00,
11175772,108182FE,true,Tx,0,8,02,0D,00,00,00,00,00,00,
11176639,1081827E,true,Rx,0,8,25,00,00,00,00,00,00,00,
11176960,108182FE,true,Tx,0,8,03,0D,00,00,00,00,00,00,
11178102,108182FE,true,Tx,0,8,04,0D,00,00,00,00,00,00,
11178981,1081827E,true,Rx,0,8,27,00,00,00,00,00,00,00,
11179579,108182FE,true,Tx,0,8,05,0D,00,00,00,00,00,00,
11181330,1081827E,true,Rx,0,8,29,00,00,00,00,00,00,00,
11180956,108182FE,true,Tx,0,8,06,0D,00,00,00,00,00,00,
11182165,108182FE,true,Tx,0,8,07,0D,00,00,00,00,00,00,
11183645,1081827E,true,Rx,0,8,2B,00,00,00,00,00,00,00,
11183365,108182FE,true,Tx,0,8,08,0D,00,00,00,00,00,00,
11184513,108182FE,true,Tx,0,8,09,0D,00,00,00,00,00,00,
11185672,108182FE,true,Tx,0,8,0A,0D,00,00,00,00,00,00,
11186880,108182FE,true,Tx,0,8,0B,0D,00,00,00,00,00,00,
11188331,1081827E,true,Rx,0,8,2D,00,00,00,00,00,00,00,
11188332,1001117E,true,Rx,0,8,00,01,00,00,00,00,00,00,
11188333,1081827E,true,Rx,0,8,2F,00,00,00,00,00,00,00,
11188081,108182FE,true,Tx,0,8,0C,0D,00,00,00,00,00,00,
11189248,108182FE,true,Tx,0,8,0D,0D,00,00,00,00,00,00,
11190419,108182FE,true,Tx,0,8,0E,0D,00,00,00,00,00,00,
11191807,1081827E,true,Rx,0,8,21,01,00,00,00,00,00,00,
11191613,108182FE,true,Tx,0,8,0F,0D,00,00,00,00,00,00,
11192784,108182FE,true,Tx,0,8,00,0E,00,00,00,00,00,00,
11194168,1081827E,true,Rx,0,8,23,01,00,00,00,00,00,00,
11193990,108182FE,true,Tx,0,8,01,0E,00,00,00,00,00,00,
11195155,108182FE,true,Tx,0,8,02,0E,00,00,00,00,00,00,
11196535,1081827E,true,Rx,0,8,25,01,00,00,00,00,00,00,
11196648,108182FE,true,Tx,0,8,03,0E,00,00,00,00,00,00,
11198086,108182FE,true,Tx,0,8,04,0E,00,00,00,00,00,00,
11198808,1081827E,true,Rx,0,8,27,01,00,00,00,00,00,00,
11199325,108182FE,true,Tx,0,8,05,0E,00,00,00,00,00,00,
11200547,108182FE,true,Tx,0,8,06,0E,00,00,00,00,00,00,
11201153,1081827E,true,Rx,0,8,29,01,00,00,00,00,00,00,
11201786,108182FE,true,Tx,0,8,07,0E,00,00,00,00,00,00,
11203537,1081827E,true,Rx,0,8,2B,01,00,00,00,00,00,00,
11203019,108182FE,true,Tx,0,8,08,0E,00,00,00,00,00,00,
11204130,108182FE,true,Tx,0,8,09,0E,00,00,00,00,00,00,
11205809,1081827E,true,Rx,0,8,2D,01,00,00,00,00,00,00,
11205461,108182FE,true,Tx,0,8,0A,0E,00,00,00,00,00,00,
11206819,108182FE,true,Tx,0,8,0B,0E,00,00,00,00,00,00,
11208162,1081827E,true,Rx,0,8,2F,01,00,00,00,00,00,00,
11208272,108182FE,true,Tx,0,8,0C,0E,00,00,00,00,00,00,
11209464,108182FE,true,Tx,0,8,0D,0E,00,00,00,00,00,00,
11210536,1081827E,true,Rx,0,8,21,02,00,00,00,00,00,00,
11210688,108182FE,true,Tx,0,8,0E,0E,00,00,00,00,00,00,
11211874,108182FE,true,Tx,0,8,0F,0E,00,00,00,00,00,00,
11212808,1081827E,true,Rx,0,8,23,02,00,00,00,00,00,00,
11213371,108182FE,true,Tx,0,8,00,0F,00,00,00,00,00,00,
11215160,1081827E,true,Rx,0,8,24,02,00,00,00,00,00,00,
11214638,108182FE,true,Tx,0,8,01,0F,00,00,00,00,00,00,
11215799,108182FE,true,Tx,0,8,02,0F,00,00,00,00,00,00,
11217532,1081827E,true,Rx,0,8,27,02,00,00,00,00,00,00,
11217061,108182FE,true,Tx,0,8,03,0F,00,00,00,00,00,00,
11218499,108182FE,true,Tx,0,8,04,0F,00,00,00,00,00,00,
11219809,1081827E,true,Rx,0,8,28,02,00,00,00,00,00,00,
11222164,1081827E,true,Rx,0,8,2A,02,00,00,00,00,00,00,
11224538,1081827E,true,Rx,0,8,2C,02,00,00,00,00,00,00,
11227986,1081827E,true,Rx,0,8,2E,02,00,00,00,00,00,00,
11227987,1081827E,true,Rx,0,8,20,03,00,00,00,00,00,00,
11231569,1081827E,true,Rx,0,8,22,03,00,00,00,00,00,00,
11232593,108182FE,true,Tx,0,8,05,0F,00,00,00,00,00,00,
11233813,1081827E,true,Rx,0,8,24,03,00,00,00,00,00,00,
11236172,1081827E,true,Rx,0,8,26,03,00,00,00,00,00,00,
11238539,1081827E,true,Rx,0,8,28,03,00,00,00,00,00,00,
11240809,1081827E,true,Rx,0,8,2A,03,00,00,00,00,00,00,
11243156,1081827E,true,Rx,0,8,2C,03,00,00,00,00,00,00,
11245535,1081827E,true,Rx,0,8,2E,03,00,00,00,00,00,00,
11247137,108182FE,true,Tx,0,8,06,0F,00,00,00,00,00,00,
11247828,1081827E,true,Rx,0,8,20,04,00,00,00,00,00,00,
11250170,1081827E,true,Rx,0,8,22,04,00,00,00,00,00,00,
11252557,1081827E,true,Rx,0,8,23,04,00,00,00,00,00,00,
11254866,1081827E,true,Rx,0,8,25,04,00,00,00,00,00,00,
11257216,1081827E,true,Rx,0,8,27,04,00,00,00,00,00,00,
11259535,1081827E,true,Rx,0,8,28,04,00,00,00,00,00,00,
11261874,1081827E,true,Rx,0,8,29,04,00,00,00,00,00,00,
11261433,108182FE,true,Tx,0,8,07,0F,00,00,00,00,00,00,
11263669,108182FE,true,Tx,0,8,08,0F,00,00,00,00,00,00,
11264229,1081827E,true,Rx,0,8,2A,04,00,00,00,00,00,00,
11265753,108182FE,true,Tx,0,8,09,0F,00,00,00,00,00,00,
11266577,1081827E,true,Rx,0,8,2B,04,00,00,00,00,00,00,
11268212,108182FE,true,Tx,0,8,0A,0F,00,00,00,00,00,00,
11268931,1081827E,true,Rx,0,8,2C,04,00,00,00,00,00,00,
11269481,108182FE,true,Tx,0,8,0B,0F,00,00,00,00,00,00,
11271275,1081827E,true,Rx,0,8,2D,04,00,00,00,00,00,00,
11270722,108182FE,true,Tx,0,8,0C,0F,00,00,00,00,00,00,
11271830,108182FE,true,Tx,0,8,0D,0F,00,00,00,00,00,00,
11273007,108182FE,true,Tx,0,8,0E,0F,00,00,00,00,00,00,
11273576,1081827E,true,Rx,0,8,2E,04,00,00,00,00,00,00,
11274281,108182FE,true,Tx,0,8,0F,0F,00,00,00,00,00,00,
11275933,1081827E,true,Rx,0,8,2F,04,00,00,00,00,00,00,
11275400,108182FE,true,Tx,0,8,00,10,00,00,00,00,00,00,
11276489,108182FE,true,Tx,0,8,01,10,00,00,00,00,00,00,
11277609,108182FE,true,Tx,0,8,02,10,00,00,00,00,00,00,
11278281,1081827E,true,Rx,0,8,20,05,00,00,00,00,00,00,
11278992,108182FE,true,Tx,0,8,03,10,00,00,00,00,00,00,
11280578,1081827E,true,Rx,0,8,21,05,00,00,00,00,00,00,
11280777,108182FE,true,Tx,0,8,04,10,00,00,00,00,00,00,
11282914,1081827E,true,Rx,0,8,22,05,00,00,00,00,00,00,
11282779,108182FE,true,Tx,0,8,05,10,00,00,00,00,00,00,
11284020,108182FE,true,Tx,0,8,06,10,00,00,00,00,00,00,
11285273,1081827E,true,Rx,0,8,23,05,00,00,00,00,00,00,
11285188,108182FE,true,Tx,0,8,07,10,00,00,00,00,00,00,
11286333,108182FE,true,Tx,0,8,08,10,00,00,00,00,00,00,
11287577,1081827E,true,Rx,0,8,24,05,00,00,00,00,00,00,
11287502,108182FE,true,Tx,0,8,09,10,00,00,00,00,00,00,
11288631,108182FE,true,Tx,0,8,0A,10,00,00,00,00,00,00,
11289924,1081827E,true,Rx,0,8,25,05,00,00,00,00,00,00,
11289749,108182FE,true,Tx,0,8,0B,10,00,00,00,00,00,00,
11290869,108182FE,true,Tx,0,8,0C,10,00,00,00,00,00,00,
11292284,1081827E,true,Rx,0,8,26,05,00,00,00,00,00,00,
11292035,108182FE,true,Tx,0,8,0D,10,00,00,00,00,00,00,
11293201,108182FE,true,Tx,0,8,0E,10,00,00,00,00,00,00,
11294577,1081827E,true,Rx,0,8,27,05,00,00,00,00,00,00,
11294365,108182FE,true,Tx,0,8,0F,10,00,00,00,00,00,00,
11295651,108182FE,true,Tx,0,8,00,11,00,00,00,00,00,00,
11296924,1081827E,true,Rx,0,8,28,05,00,00,00,00,00,00,
11296822,108182FE,true,Tx,0,8,01,11,00,00,00,00,00,00,
11297957,108182FE,true,Tx,0,8,02,11,00,00,00,00,00,00,
11299271,1081827E,true,Rx,0,8,29,05,00,00,00,00,00,00,
11299086,108182FE,true,Tx,0,8,03,11,00,00,00,00,00,00,
11300214,108182FE,true,Tx,0,8,04,11,00,00,00,00,00,00,
11301578,1081827E,true,Rx,0,8,2A,05,00,00,00,00,00,00,
11301341,108182FE,true,Tx,0,8,05,11,00,00,00,00,00,00,
11302469,108182FE,true,Tx,0,8,06,11,00,00,00,00,00,00,
11303875,1081827E,true,Rx,0,8,2B,05,00,00,00,00,00,00,
11303589,108182FE,true,Tx,0,8,07,11,00,00,00,00,00,00,
11304698,108182FE,true,Tx,0,8,08,11,00,00,00,00,00,00,
11306224,1081827E,true,Rx,0,8,2C,05,00,00,00,00,00,00,
11305821,108182FE,true,Tx,0,8,09,11,00,00,00,00,00,00,
11306931,108182FE,true,Tx,0,8,0A,11,00,00,00,00,00,00,
11308576,1081827E,true,Rx,0,8,2D,05,00,00,00,00,00,00,
11308034,108182FE,true,Tx,0,8,0B,11,00,00,00,00,00,00,
11309158,108182FE,true,Tx,0,8,0C,11,00,00,00,00,00,00,
11310878,1081827E,true,Rx,0,8,2E,05,00,00,00,00,00,00,
11310346,108182FE,true,Tx,0,8,0D,11,00,00,00,00,00,00,
11311469,108182FE,true,Tx,0,8,0E,11,00,00,00,00,00,00,
11313211,1081827E,true,Rx,0,8,2F,05,00,00,00,00,00,00,
11313218,108182FE,true,Tx,0,8,0F,11,00,00,00,00,00,00,
11314547,108182FE,true,Tx,0,8,00,12,00,00,00,00,00,00,
11315585,1081827E,true,Rx,0,8,20,06,00,00,00,00,00,00,
11315756,108182FE,true,Tx,0,8,01,12,00,00,00,00,00,00,
11316921,108182FE,true,Tx,0,8,02,12,00,00,00,00,00,00,
11317927,1081827E,true,Rx,0,8,21,06,00,00,00,00,00,00,
11318110,108182FE,true,Tx,0,8,03,12,00,00,00,00,00,00,
11319261,108182FE,true,Tx,0,8,04,12,00,00,00,00,00,00,
11320263,1081827E,true,Rx,0,8,22,06,00,00,00,00,00,00,
11320383,108182FE,true,Tx,0,8,05,12,00,00,00,00,00,00,
11321491,108182FE,true,Tx,0,8,06,12,00,00,00,00,00,00,
11322577,1081827E,true,Rx,0,8,23,06,00,00,00,00,00,00,
11322618,108182FE,true,Tx,0,8,07,12,00,00,00,00,00,00,
11323742,108182FE,true,Tx,0,8,08,12,00,00,00,00,00,00,
11324935,1081827E,true,Rx,0,8,25,06,00,00,00,00,00,00,
11324854,108182FE,true,Tx,0,8,09,12,00,00,00,00,00,00,
11325969,108182FE,true,Tx,0,8,0A,12,00,00,00,00,00,00,
11327270,1081827E,true,Rx,0,8,27,06,00,00,00,00,00,00,
11327103,108182FE,true,Tx,0,8,0B,12,00,00,00,00,00,00,
11328207,108182FE,true,Tx,0,8,0C,12,00,00,00,00,00,00,
11329576,1081827E,true,Rx,0,8,29,06,00,00,00,00,00,00,
11329686,108182FE,true,Tx,0,8,0D,12,00,00,00,00,00,00,
11330975,108182FE,true,Tx,0,8,0E,12,00,00,00,00,00,00,
11331930,1081827E,true,Rx,0,8,2B,06,00,00,00,00,00,00,
11332255,108182FE,true,Tx,0,8,0F,12,00,00,00,00,00,00,
11333412,108182FE,true,Tx,0,8,00,13,00,00,00,00,00,00,
11334208,1081827E,true,Rx,0,8,2D,06,00,00,00,00,00,00,
11334676,108182FE,true,Tx,0,8,01,13,00,00,00,00,00,00,
11335798,108182FE,true,Tx,0,8,02,13,00,00,00,00,00,00,
11336579,1081827E,true,Rx,0,8,2E,06,00,00,00,00,00,00,
11337016,108182FE,true,Tx,0,8,03,13,00,00,00,00,00,00,
11338185,108182FE,true,Tx,0,8,04,13,00,00,00,00,00,00,
11338931,1081827E,true,Rx,0,8,20,07,00,00,00,00,00,00,
11339335,108182FE,true,Tx,0,8,05,13,00,00,00,00,00,00,
11340482,108182FE,true,Tx,0,8,06,13,00,00,00,00,00,00,
11341217,1081827E,true,Rx,0,8,22,07,00,00,00,00,00,00,
11341632,108182FE,true,Tx,0,8,07,13,00,00,00,00,00,00,
11342753,108182FE,true,Tx,0,8,08,13,00,00,00,00,00,00,
11343577,1081827E,true,Rx,0,8,24,07,00,00,00,00,00,00,
11343911,108182FE,true,Tx,0,8,09,13,00,00,00,00,00,00,
11345155,108182FE,true,Tx,0,8,0A,13,00,00,00,00,00,00,
11345935,1081827E,true,Rx,0,8,25,07,00,00,00,00,00,00,
11346622,108182FE,true,Tx,0,8,0B,13,00,00,00,00,00,00,
11348220,1081827E,true,Rx,0,8,27,07,00,00,00,00,00,00,
11347978,108182FE,true,Tx,0,8,0C,13,00,00,00,00,00,00,
11349223,108182FE,true,Tx,0,8,0D,13,00,00,00,00,00,00,
11350578,1081827E,true,Rx,0,8,29,07,00,00,00,00,00,00,
11350490,108182FE,true,Tx,0,8,0E,13,00,00,00,00,00,00,
11351655,108182FE,true,Tx,0,8,0F,13,00,00,00,00,00,00,
11352935,1081827E,true,Rx,0,8,2A,07,00,00,00,00,00,00,
11352915,108182FE,true,Tx,0,8,00,14,00,00,00,00,00,00,
11354421,108182FE,true,Tx,0,8,01,14,00,00,00,00,00,00,
11355268,1081827E,true,Rx,0,8,2C,07,00,00,00,00,00,00,
11355780,108182FE,true,Tx,0,8,02,14,00,00,00,00,00,00,
11357000,108182FE,true,Tx,0,8,03,14,00,00,00,00,00,00,
11357577,1081827E,true,Rx,0,8,2E,07,00,00,00,00,00,00,
11358248,108182FE,true,Tx,0,8,04,14,00,00,00,00,00,00,
11359935,1081827E,true,Rx,0,8,20,08,00,00,00,00,00,00,
11359581,108182FE,true,Tx,0,8,05,14,00,00,00,00,00,00,
11360887,108182FE,true,Tx,0,8,06,14,00,00,00,00,00,00,
11362270,1081827E,true,Rx,0,8,23,08,00,00,00,00,00,00,
11362185,108182FE,true,Tx,0,8,07,14,00,00,00,00,00,00,
11364618,1081827E,true,Rx,0,8,24,08,00,00,00,00,00,00,
11366930,1081827E,true,Rx,0,8,26,08,00,00,00,00,00,00,
11369261,1081827E,true,Rx,0,8,29,08,00,00,00,00,00,00,
11371651,1081827E,true,Rx,0,8,2A,08,00,00,00,00,00,00,
11373931,1081827E,true,Rx,0,8,2B,08,00,00,00,00,00,00,
11376269,1081827E,true,Rx,0,8,2D,08,00,00,00,00,00,00,
11378578,1081827E,true,Rx,0,8,2F,08,00,00,00,00,00,00,
11380872,1081827E,true,Rx,0,8,21,09,00,00,00,00,00,00,
11383206,1081827E,true,Rx,0,8,23,09,00,00,00,00,00,00,
11386704,1081827E,true,Rx,0,8,24,09,00,00,00,00,00,00,
11386705,1081827E,true,Rx,0,8,26,09,00,00,00,00,00,00,
11390204,1081827E,true,Rx,0,8,28,09,00,00,00,00,00,00,
11392579,1081827E,true,Rx,0,8,2A,09,00,00,00,00,00,00,
11394878,1081827E,true,Rx,0,8,2C,09,00,00,00,00,00,00,
11397197,1081827E,true,Rx,0,8,2E,09,00,00,00,00,00,00,
11399599,1081827E,true,Rx,0,8,20,0A,00,00,00,00,00,00,
11401880,1081827E,true,Rx,0,8,22,0A,00,00,00,00,00,00,
11404270,1081827E,true,Rx,0,8,24,0A,00,00,00,00,00,00,
11406632,1081827E,true,Rx,0,8,26,0A,00,00,00,00,00,00,
11408879,1081827E,true,Rx,0,8,28,0A,00,00,00,00,00,00,
11411206,1081827E,true,Rx,0,8,2A,0A,00,00,00,00,00,00,
11412409,1081827E,true,Rx,0,8,2B,0A,00,00,00,00,00,00,
11414725,1081827E,true,Rx,0,8,2D,0A,00,00,00,00,00,00,
11417066,1081827E,true,Rx,0,8,2F,0A,00,00,00,00,00,00,
11419387,1081827E,true,Rx,0,8,21,0B,00,00,00,00,00,00,
11421680,1081827E,true,Rx,0,8,23,0B,00,00,00,00,00,00,
11423994,1081827E,true,Rx,0,8,24,0B,00,00,00,00,00,00,
11426346,1081827E,true,Rx,0,8,26,0B,00,00,00,00,00,00,
11428683,1081827E,true,Rx,0,8,28,0B,00,00,00,00,00,00,
11431004,1081827E,true,Rx,0,8,2A,0B,00,00,00,00,00,00,
11433325,1081827E,true,Rx,0,8,2B,0B,00,00,00,00,00,00,
11434537,1081827E,true,Rx,0,8,2D,0B,00,00,00,00,00,00,
11437987,1081827E,true,Rx,0,8,2E,0B,00,00,00,00,00,00,
11440322,1081827E,true,Rx,0,8,20,0C,00,00,00,00,00,00,
11442667,1081827E,true,Rx,0,8,22,0C,00,00,00,00,00,00,
11445052,1081827E,true,Rx,0,8,24,0C,00,00,00,00,00,00,
11447349,1081827E,true,Rx,0,8,25,0C,00,00,00,00,00,00,
11449667,1081827E,true,Rx,0,8,27,0C,00,00,00,00,00,00,
11451987,1081827E,true,Rx,0,8,29,0C,00,00,00,00,00,00,
11454301,1081827E,true,Rx,0,8,2B,0C,00,00,00,00,00,00,
11456651,1081827E,true,Rx,0,8,2D,0C,00,00,00,00,00,00,
11458967,1081827E,true,Rx,0,8,2F,0C,00,00,00,00,00,00,
11461283,1081827E,true,Rx,0,8,21,0D,00,00,00,00,00,00,
11463612,1081827E,true,Rx,0,8,23,0D,00,00,00,00,00,00,
11465901,1081827E,true,Rx,0,8,25,0D,00,00,00,00,00,00,
11468236,1081827E,true,Rx,0,8,26,0D,00,00,00,00,00,00,
11469421,1081827E,true,Rx,0,8,28,0D,00,00,00,00,00,00,
11472909,1081827E,true,Rx,0,8,2C,0D,00,00,00,00,00,00,
11474058,1081827E,true,Rx,0,8,2D,0D,00,00,00,00,00,00,
11477536,1081827E,true,Rx,0,8,2F,0D,00,00,00,00,00,00,
11479853,1081827E,true,Rx,0,8,21,0E,00,00,00,00,00,00,
11482193,1081827E,true,Rx,0,8,23,0E,00,00,00,00,00,00,
11484536,1081827E,true,Rx,0,8,25,0E,00,00,00,00,00,00,
11486868,1081827E,true,Rx,0,8,26,0E,00,00,00,00,00,00,
11489198,1081827E,true,Rx,0,8,28,0E,00,00,00,00,00,00,
11491547,1081827E,true,Rx,0,8,2A,0E,00,00,00,00,00,00,
11493880,1081827E,true,Rx,0,8,2C,0E,00,00,00,00,00,00,
11496225,1081827E,true,Rx,0,8,2E,0E,00,00,00,00,00,00,
11498557,1081827E,true,Rx,0,8,20,0F,00,00,00,00,00,00,
11500838,1081827E,true,Rx,0,8,21,0F,00,00,00,00,00,00,
11503157,1081827E,true,Rx,0,8,23,0F,00,00,00,00,00,00,
11505536,1081827E,true,Rx,0,8,25,0F,00,00,00,00,00,00,
11507817,1081827E,true,Rx,0,8,26,0F,00,00,00,00,00,00,
11510164,1081827E,true,Rx,0,8,27,0F,00,00,00,00,00,00,
11512538,1081827E,true,Rx,0,8,28,0F,00,00,00,00,00,00,
11514829,1081827E,true,Rx,0,8,29,0F,00,00,00,00,00,00,
11517167,1081827E,true,Rx,0,8,2A,0F,00,00,00,00,00,00,
11519568,1081827E,true,Rx,0,8,2B,0F,00,00,00,00,00,00,
11521775,1081827E,true,Rx,0,8,2C,0F,00,00,00,00,00,00,
11524117,1081827E,true,Rx,0,8,2D,0F,00,00,00,00,00,00,
11526440,1081827E,true,Rx,0,8,2E,0F,00,00,00,00,00,00,
11528759,1081827E,true,Rx,0,8,2F,0F,00,00,00,00,00,00,
11531101,1081827E,true,Rx,0,8,20,10,00,00,00,00,00,00,
11533444,1081827E,true,Rx,0,8,21,10,00,00,00,00,00,00,
11535762,1081827E,true,Rx,0,8,22,10,00,00,00,00,00,00,
11538086,1081827E,true,Rx,0,8,23,10,00,00,00,00,00,00,
11540420,1081827E,true,Rx,0,8,24,10,00,00,00,00,00,00,
11542762,1081827E,true,Rx,0,8,25,10,00,00,00,00,00,00,
11545082,1081827E,true,Rx,0,8,26,10,00,00,00,00,00,00,
11547426,1081827E,true,Rx,0,8,27,10,00,00,00,00,00,00,
11549769,1081827E,true,Rx,0,8,28,10,00,00,00,00,00,00,
11552101,1081827E,true,Rx,0,8,29,10,00,00,00,00,00,00,
11554425,1081827E,true,Rx,0,8,2A,10,00,00,00,00,00,00,
11556770,1081827E,true,Rx,0,8,2B,10,00,00,00,00,00,00,
11559101,1081827E,true,Rx,0,8,2C,10,00,00,00,00,00,00,
11561404,1081827E,true,Rx,0,8,2D,10,00,00,00,00,00,00,
11563747,1081827E,true,Rx,0,8,2E,10,00,00,00,00,00,00,
11566103,1081827E,true,Rx,0,8,2F,10,00,00,00,00,00,00,
11568403,1081827E,true,Rx,0,8,20,11,00,00,00,00,00,00,
11570723,1081827E,true,Rx,0,8,21,11,00,00,00,00,00,00,
11573023,1081827E,true,Rx,0,8,22,11,00,00,00,00,00,00,
11575360,1081827E,true,Rx,0,8,23,11,00,00,00,00,00,00,
11576537,1001117E,true,Rx,0,8,00,01,00,00,00,00,00,00,
11577673,1081827E,true,Rx,0,8,24,11,00,00,00,00,00,00,
11581154,1081827E,true,Rx,0,8,25,11,00,00,00,00,00,00,
11583535,1081827E,true,Rx,0,8,26,11,00,00,00,00,00,00,
11585793,1081827E,true,Rx,0,8,27,11,00,00,00,00,00,00,
11588135,1081827E,true,Rx,0,8,28,11,00,00,00,00,00,00,
11590431,1081827E,true,Rx,0,8,29,11,00,00,00,00,00,00,
11592770,1081827E,true,Rx,0,8,2A,11,00,00,00,00,00,00,
11595115,1081827E,true,Rx,0,8,2B,11,00,00,00,00,00,00,
11597372,1081827E,true,Rx,0,8,2D,11,00,00,00,00,00,00,
11599686,1081827E,true,Rx,0,8,2F,11,00,00,00,00,00,00,
11602076,1081827E,true,Rx,0,8,21,12,00,00,00,00,00,00,
11604348,1081827E,true,Rx,0,8,23,12,00,00,00,00,00,00,
11606685,1081827E,true,Rx,0,8,25,12,00,00,00,00,00,00,
11609006,1081827E,true,Rx,0,8,27,12,00,00,00,00,00,00,
11611325,1081827E,true,Rx,0,8,29,12,00,00,00,00,00,00,
11613661,1081827E,true,Rx,0,8,2B,12,00,00,00,00,00,00,
11615962,1081827E,true,Rx,0,8,2D,12,00,00,00,00,00,00,
11618283,1081827E,true,Rx,0,8,2F,12,00,00,00,00,00,00,
11620604,1081827E,true,Rx,0,8,21,13,00,00,00,00,00,00,
11622894,1081827E,true,Rx,0,8,23,13,00,00,00,00,00,00,
11625244,1081827E,true,Rx,0,8,25,13,00,00,00,00,00,00,
11627566,1081827E,true,Rx,0,8,27,13,00,00,00,00,00,00,
11629867,1081827E,true,Rx,0,8,29,13,00,00,00,00,00,00,
11632182,1081827E,true,Rx,0,8,2B,13,00,00,00,00,00,00,
11634539,1081827E,true,Rx,0,8,2C,13,00,00,00,00,00,00,
11636862,1081827E,true,Rx,0,8,2E,13,00,00,00,00,00,00,
11639160,1081827E,true,Rx,0,8,20,14,00,00,00,00,00,00,
11641543,1081827E,true,Rx,0,8,22,14,00,00,00,00,00,00,
11643819,1081827E,true,Rx,0,8,23,14,00,00,00,00,00,00,
11646164,1081827E,true,Rx,0,8,25,14,00,00,00,00,00,00,
11647348,1081827E,true,Rx,0,8,27,14,00,00,00,00,00,00,
11975167,1001117E,true,Rx,0,8,00,01,00,00,00,00,00,00,
12147297,100011FE,true,Rx,0,8,00,02,00,00,00,00,00,00,
12365296,1001117E,true,Rx,0,8,00,01,00,00,00,00,00,00,
12762243,1001117E,true,Rx,0,8,00,01,00,00,00,00,00,00,
13149180,1001117E,true,Rx,0,8,00,01,00,00,00,00,00,00,
13540234,1001117E,true,Rx,0,8,00,01,00,00,00,00,00,00,
13936615,1001117E,true,Rx,0,8,00,01,00,00,00,00,00,00,
